time,max_disp,kinetic,cfl,residual
2.000000e-03,8.040732e-02,1.404364e-01,1.457577e-01,9.344368e-05
4.000000e-03,8.006772e-02,3.415799e-01,1.346909e-01,2.383471e-04
6.000000e-03,7.978133e-02,3.942304e-01,1.349438e-01,2.992555e-04
8.000000e-03,7.990138e-02,3.335517e-01,1.351967e-01,2.870296e-04
1.000000e-02,8.080224e-02,3.649772e-01,1.354495e-01,2.711671e-04
1.200000e-02,8.273878e-02,5.375262e-01,1.357023e-01,3.234152e-04
1.400000e-02,8.571579e-02,7.080856e-01,1.359550e-01,4.039979e-04
1.600000e-02,8.945229e-02,7.712647e-01,1.362077e-01,4.535363e-04
1.800000e-02,9.337424e-02,7.787943e-01,1.364603e-01,4.606971e-04
2.000000e-02,9.689114e-02,8.325249e-01,1.367128e-01,4.510312e-04
2.200000e-02,9.963734e-02,9.390899e-01,1.369651e-01,4.558976e-04
2.400000e-02,1.016473e-01,1.009422e+00,1.372174e-01,4.737852e-04
2.600000e-02,1.033385e-01,9.961900e-01,1.374696e-01,4.795492e-04
2.800000e-02,1.053607e-01,9.734211e-01,1.377216e-01,4.713152e-04
3.000000e-02,1.081992e-01,1.012990e+00,1.379735e-01,4.772500e-04
3.200000e-02,1.119179e-01,1.044677e+00,1.382252e-01,5.040099e-04
3.400000e-02,1.161991e-01,9.648795e-01,1.384768e-01,5.176890e-04
3.600000e-02,1.204846e-01,8.346763e-01,1.387282e-01,4.994953e-04
3.800000e-02,1.242752e-01,7.988293e-01,1.389794e-01,4.755053e-04
4.000000e-02,1.273770e-01,8.349701e-01,1.392304e-01,4.723150e-04
4.200000e-02,1.299475e-01,7.786562e-01,1.394813e-01,4.662138e-04
4.400000e-02,1.323349e-01,5.977955e-01,1.397319e-01,4.253857e-04
4.600000e-02,1.348305e-01,4.485696e-01,1.399823e-01,3.670386e-04
4.800000e-02,1.374795e-01,4.284692e-01,1.404314e-01,3.399180e-04
5.000000e-02,1.400372e-01,4.436916e-01,1.411424e-01,3.420785e-04
5.200000e-02,1.420822e-01,3.750977e-01,1.418212e-01,3.230332e-04
5.400000e-02,1.432308e-01,2.526018e-01,1.424657e-01,2.680309e-04
5.600000e-02,1.433391e-01,1.966521e-01,1.430837e-01,2.220054e-04
5.800000e-02,1.425778e-01,2.492109e-01,1.436896e-01,2.378138e-04
6.000000e-02,1.413388e-01,3.243796e-01,1.443748e-01,2.788428e-04
6.200000e-02,1.400345e-01,3.296794e-01,1.452402e-01,2.910047e-04
6.400000e-02,1.389080e-01,2.985883e-01,1.461170e-01,2.717569e-04
6.600000e-02,1.379973e-01,3.422926e-01,1.469905e-01,2.648743e-04
6.800000e-02,1.373220e-01,4.677145e-01,1.478448e-01,3.021023e-04
7.000000e-02,1.362165e-01,5.519706e-01,1.486692e-01,3.481995e-04
7.200000e-02,1.344051e-01,5.404022e-01,1.494619e-01,3.687966e-04
7.400000e-02,1.317662e-01,5.434314e-01,1.502273e-01,3.777335e-04
7.600000e-02,1.283704e-01,6.498237e-01,1.509770e-01,4.069516e-04
7.800000e-02,1.244654e-01,7.712766e-01,1.517213e-01,4.473085e-04
8.000000e-02,1.204236e-01,7.875537e-01,1.524681e-01,4.628255e-04
8.200000e-02,1.166592e-01,7.394477e-01,1.532213e-01,4.451054e-04
8.400000e-02,1.135215e-01,7.464539e-01,1.539810e-01,4.225159e-04
8.600000e-02,1.111872e-01,8.149451e-01,1.547423e-01,4.216489e-04
8.800000e-02,1.095858e-01,8.471334e-01,1.554957e-01,4.314115e-04
9.000000e-02,1.083992e-01,7.985938e-01,1.562293e-01,4.286902e-04
9.200000e-02,1.071529e-01,7.277647e-01,1.569330e-01,4.142105e-04
9.400000e-02,1.056534e-01,7.005545e-01,1.576030e-01,4.088162e-04
9.600000e-02,1.035021e-01,7.033731e-01,1.582472e-01,4.217231e-04
9.800000e-02,1.004784e-01,6.708166e-01,1.590376e-01,4.325334e-04
1.000000e-01,9.707085e-02,5.861457e-01,1.598460e-01,4.166620e-04
1.020000e-01,9.395264e-02,5.177651e-01,1.606817e-01,3.774466e-04
1.040000e-01,9.168706e-02,5.171657e-01,1.615374e-01,3.477939e-04
1.060000e-01,9.059197e-02,5.226110e-01,1.623994e-01,3.443034e-04
1.080000e-01,9.048561e-02,4.514194e-01,1.632460e-01,3.369203e-04
1.100000e-01,9.069181e-02,3.551160e-01,1.640557e-01,3.051834e-04
1.120000e-01,9.071631e-02,3.569664e-01,1.648305e-01,2.814856e-04
1.140000e-01,9.032856e-02,4.468759e-01,1.655795e-01,3.011675e-04
1.160000e-01,8.967607e-02,4.859627e-01,1.663217e-01,3.287488e-04
1.180000e-01,8.941568e-02,4.275987e-01,1.670732e-01,3.249218e-04
1.200000e-01,8.986188e-02,3.854911e-01,1.678414e-01,3.082569e-04
1.220000e-01,9.141080e-02,4.489597e-01,1.686191e-01,3.242983e-04
1.240000e-01,9.353782e-02,5.508855e-01,1.693866e-01,3.650196e-04
1.260000e-01,9.573561e-02,5.810269e-01,1.701248e-01,3.858165e-04
1.280000e-01,9.747817e-02,5.392334e-01,1.708272e-01,3.726864e-04
1.300000e-01,9.849617e-02,5.157644e-01,1.715024e-01,3.498705e-04
1.320000e-01,9.892362e-02,5.597463e-01,1.721691e-01,3.486639e-04
1.340000e-01,9.923707e-02,6.213159e-01,1.728456e-01,3.678242e-04
1.360000e-01,1.000258e-01,6.258985e-01,1.735396e-01,3.822693e-04
1.380000e-01,1.017159e-01,5.805543e-01,1.742396e-01,3.812969e-04
1.400000e-01,1.043840e-01,5.626573e-01,1.749414e-01,3.787205e-04
1.420000e-01,1.077391e-01,5.933215e-01,1.757580e-01,3.881547e-04
1.440000e-01,1.114391e-01,5.989351e-01,1.765441e-01,3.968104e-04
1.460000e-01,1.151597e-01,5.419738e-01,1.772971e-01,3.856414e-04
1.480000e-01,1.182498e-01,5.006769e-01,1.780240e-01,3.640552e-04
1.500000e-01,1.205014e-01,5.384638e-01,1.787379e-01,3.617640e-04
1.520000e-01,1.219969e-01,5.816784e-01,1.794520e-01,3.773777e-04
1.540000e-01,1.230615e-01,5.357581e-01,1.801767e-01,3.769393e-04
1.560000e-01,1.241099e-01,4.513989e-01,1.809164e-01,3.503994e-04
1.580000e-01,1.255303e-01,4.492884e-01,1.816695e-01,3.310576e-04
1.600000e-01,1.281653e-01,5.279107e-01,1.824303e-01,3.480245e-04
1.620000e-01,1.314269e-01,5.672913e-01,1.831846e-01,3.741649e-04
1.640000e-01,1.344840e-01,5.137532e-01,1.839148e-01,3.721355e-04
1.660000e-01,1.366467e-01,4.531456e-01,1.846065e-01,3.448465e-04
1.680000e-01,1.373592e-01,4.835338e-01,1.852564e-01,3.337438e-04
1.700000e-01,1.364522e-01,5.818579e-01,1.858769e-01,3.653452e-04
1.720000e-01,1.345296e-01,6.379620e-01,1.864947e-01,4.064306e-04
1.740000e-01,1.322612e-01,6.022470e-01,1.871374e-01,4.156154e-04
1.760000e-01,1.301828e-01,5.516297e-01,1.878210e-01,3.908858e-04
1.780000e-01,1.291675e-01,5.759170e-01,1.885418e-01,3.683972e-04
1.800000e-01,1.290488e-01,6.424704e-01,1.892765e-01,3.747195e-04
1.820000e-01,1.295943e-01,6.492819e-01,1.899930e-01,3.860663e-04
1.840000e-01,1.303946e-01,5.913745e-01,1.906667e-01,3.767295e-04
1.860000e-01,1.305550e-01,5.648269e-01,1.912925e-01,3.641914e-04
1.880000e-01,1.296876e-01,5.979428e-01,1.918907e-01,3.763866e-04
1.900000e-01,1.279318e-01,6.044137e-01,1.924914e-01,3.950908e-04
1.920000e-01,1.258087e-01,5.405295e-01,1.931199e-01,3.863367e-04
1.940000e-01,1.247056e-01,4.830994e-01,1.938056e-01,3.548449e-04
1.960000e-01,1.244220e-01,4.952064e-01,1.945838e-01,3.366648e-04
1.980000e-01,1.241396e-01,5.177095e-01,1.953563e-01,3.410911e-04
2.000000e-01,1.233737e-01,4.705113e-01,1.960945e-01,3.379481e-04
2.020000e-01,1.218542e-01,3.817335e-01,1.967866e-01,3.145557e-04
2.040000e-01,1.201933e-01,3.416802e-01,1.974467e-01,2.948636e-04
2.060000e-01,1.180408e-01,3.703859e-01,1.980992e-01,3.001672e-04
2.080000e-01,1.160370e-01,3.973590e-01,1.987689e-01,3.121988e-04
2.100000e-01,1.147112e-01,3.652141e-01,1.994641e-01,3.044250e-04
2.120000e-01,1.142581e-01,3.123902e-01,2.001899e-01,2.787012e-04
2.140000e-01,1.144908e-01,3.241387e-01,2.009229e-01,2.665610e-04
2.160000e-01,1.149656e-01,4.079113e-01,2.016381e-01,2.893599e-04
2.180000e-01,1.152016e-01,4.737309e-01,2.023211e-01,3.212609e-04
2.200000e-01,1.148871e-01,4.682725e-01,2.029740e-01,3.322524e-04
2.220000e-01,1.139831e-01,4.643962e-01,2.036063e-01,3.291799e-04
2.240000e-01,1.126944e-01,5.417481e-01,2.042338e-01,3.430472e-04
2.260000e-01,1.113537e-01,6.466142e-01,2.048703e-01,3.763215e-04
2.280000e-01,1.102909e-01,6.745634e-01,2.055219e-01,3.983174e-04
2.300000e-01,1.104756e-01,6.428660e-01,2.061885e-01,3.971381e-04
2.320000e-01,1.116469e-01,6.565390e-01,2.068617e-01,3.961488e-04
2.340000e-01,1.133841e-01,7.285650e-01,2.075378e-01,4.158819e-04
2.360000e-01,1.157284e-01,7.631057e-01,2.082055e-01,4.388923e-04
2.380000e-01,1.178781e-01,7.151837e-01,2.088503e-01,4.394534e-04
2.400000e-01,1.194595e-01,6.563670e-01,2.094591e-01,4.192144e-04
2.420000e-01,1.202091e-01,6.582046e-01,2.100257e-01,4.024657e-04
2.440000e-01,1.203337e-01,6.918350e-01,2.105618e-01,4.033960e-04
2.460000e-01,1.204112e-01,6.792018e-01,2.110912e-01,4.070622e-04
2.480000e-01,1.203295e-01,6.023307e-01,2.116393e-01,3.931870e-04
2.500000e-01,1.207545e-01,5.248007e-01,2.122269e-01,3.650150e-04
2.520000e-01,1.221829e-01,5.017007e-01,2.128577e-01,3.491014e-04
2.540000e-01,1.246787e-01,5.003284e-01,2.135126e-01,3.569231e-04
2.560000e-01,1.281134e-01,4.487815e-01,2.141580e-01,3.603716e-04
2.580000e-01,1.318101e-01,3.559430e-01,2.147940e-01,3.340191e-04
2.600000e-01,1.346247e-01,3.050714e-01,2.154002e-01,2.935067e-04
2.620000e-01,1.360433e-01,3.174166e-01,2.159531e-01,2.777580e-04
2.640000e-01,1.361068e-01,3.172532e-01,2.164850e-01,2.827660e-04
2.660000e-01,1.353453e-01,2.678830e-01,2.170435e-01,2.707821e-04
2.680000e-01,1.344879e-01,2.415225e-01,2.176490e-01,2.442734e-04
2.700000e-01,1.345389e-01,2.903062e-01,2.182938e-01,2.457984e-04
2.720000e-01,1.348041e-01,3.539537e-01,2.189542e-01,2.761387e-04
2.740000e-01,1.351116e-01,3.618037e-01,2.195966e-01,2.927571e-04
2.760000e-01,1.358171e-01,3.491862e-01,2.201984e-01,2.885662e-04
2.780000e-01,1.361053e-01,3.967239e-01,2.207624e-01,2.982710e-04
2.800000e-01,1.358151e-01,5.049126e-01,2.213045e-01,3.386586e-04
2.820000e-01,1.350474e-01,5.891349e-01,2.218502e-01,3.792275e-04
2.840000e-01,1.345005e-01,5.994097e-01,2.224150e-01,3.926081e-04
2.860000e-01,1.342798e-01,5.801456e-01,2.230054e-01,3.830304e-04
2.880000e-01,1.342784e-01,6.087469e-01,2.236197e-01,3.767911e-04
2.900000e-01,1.342572e-01,6.924467e-01,2.242396e-01,3.916283e-04
2.920000e-01,1.339524e-01,7.487615e-01,2.248396e-01,4.135922e-04
2.940000e-01,1.334635e-01,7.246121e-01,2.254106e-01,4.201374e-04
2.960000e-01,1.329444e-01,6.756252e-01,2.259435e-01,4.115393e-04
2.980000e-01,1.324272e-01,6.821207e-01,2.264641e-01,4.082305e-04
3.000000e-01,1.321858e-01,7.157440e-01,2.269927e-01,4.169376e-04
3.020000e-01,1.323791e-01,6.964190e-01,2.275513e-01,4.185558e-04
3.040000e-01,1.329911e-01,6.276723e-01,2.281293e-01,4.009615e-04
3.060000e-01,1.338558e-01,5.814501e-01,2.287113e-01,3.777387e-04
3.080000e-01,1.347420e-01,5.693805e-01,2.292837e-01,3.657886e-04
3.100000e-01,1.354350e-01,5.303259e-01,2.298496e-01,3.569525e-04
3.120000e-01,1.357852e-01,4.496430e-01,2.303918e-01,3.355695e-04
3.140000e-01,1.360413e-01,3.819848e-01,2.309155e-01,3.080509e-04
3.160000e-01,1.357134e-01,3.633015e-01,2.314191e-01,2.952546e-04
3.180000e-01,1.349066e-01,3.571371e-01,2.319035e-01,2.980579e-04
3.200000e-01,1.340859e-01,3.168799e-01,2.323873e-01,2.932038e-04
3.220000e-01,1.338101e-01,2.546790e-01,2.328957e-01,2.668463e-04
3.240000e-01,1.340755e-01,2.261099e-01,2.334211e-01,2.356342e-04
3.260000e-01,1.352675e-01,2.641902e-01,2.339619e-01,2.386158e-04
3.280000e-01,1.369984e-01,3.223904e-01,2.345090e-01,2.757044e-04
3.300000e-01,1.388906e-01,3.302983e-01,2.350970e-01,3.009384e-04
3.320000e-01,1.405714e-01,3.000150e-01,2.356588e-01,2.920752e-04
3.340000e-01,1.417822e-01,3.195350e-01,2.361710e-01,2.753029e-04
3.360000e-01,1.425305e-01,4.140257e-01,2.366426e-01,2.916249e-04
3.380000e-01,1.430877e-01,4.949263e-01,2.371021e-01,3.266494e-04
3.400000e-01,1.438478e-01,5.009458e-01,2.375806e-01,3.420491e-04
3.420000e-01,1.451374e-01,4.874455e-01,2.381028e-01,3.391298e-04
3.440000e-01,1.470488e-01,5.308470e-01,2.386558e-01,3.494162e-04
3.460000e-01,1.493854e-01,5.985319e-01,2.392219e-01,3.783420e-04
3.480000e-01,1.517480e-01,6.224191e-01,2.397693e-01,3.977708e-04
3.500000e-01,1.537296e-01,6.006943e-01,2.402755e-01,3.935423e-04
3.520000e-01,1.551095e-01,5.923636e-01,2.407289e-01,3.803390e-04
3.540000e-01,1.559363e-01,6.144976e-01,2.411566e-01,3.778176e-04
3.560000e-01,1.564598e-01,6.359108e-01,2.415785e-01,3.853850e-04
3.580000e-01,1.569707e-01,6.205952e-01,2.420145e-01,3.894912e-04
3.600000e-01,1.576436e-01,5.794876e-01,2.424765e-01,3.837130e-04
3.620000e-01,1.584688e-01,5.594548e-01,2.429429e-01,3.757707e-04
3.640000e-01,1.592923e-01,5.658966e-01,2.434169e-01,3.742967e-04
3.660000e-01,1.599282e-01,5.561331e-01,2.438813e-01,3.737617e-04
3.680000e-01,1.602765e-01,4.934592e-01,2.443233e-01,3.605128e-04
3.700000e-01,1.611848e-01,4.205264e-01,2.447463e-01,3.341464e-04
3.720000e-01,1.621427e-01,3.955818e-01,2.451583e-01,3.135088e-04
3.740000e-01,1.629858e-01,4.025269e-01,2.455683e-01,3.093260e-04
3.760000e-01,1.633271e-01,3.756692e-01,2.459740e-01,3.046399e-04
3.780000e-01,1.636752e-01,3.143146e-01,2.463889e-01,2.847488e-04
3.800000e-01,1.638834e-01,2.806399e-01,2.468171e-01,2.637443e-04
3.820000e-01,1.641625e-01,2.949455e-01,2.472459e-01,2.625442e-04
3.840000e-01,1.645849e-01,3.034933e-01,2.476684e-01,2.699712e-04
3.860000e-01,1.649071e-01,2.793580e-01,2.480782e-01,2.640903e-04
3.880000e-01,1.649008e-01,2.617487e-01,2.484673e-01,2.508291e-04
3.900000e-01,1.643743e-01,2.859766e-01,2.488307e-01,2.558385e-04
3.920000e-01,1.632862e-01,3.260006e-01,2.491752e-01,2.822166e-04
3.940000e-01,1.617964e-01,3.383523e-01,2.495182e-01,3.045774e-04
3.960000e-01,1.602148e-01,3.215156e-01,2.498838e-01,3.051513e-04
3.980000e-01,1.588654e-01,3.183265e-01,2.503250e-01,2.912170e-04
4.000000e-01,1.579400e-01,3.578999e-01,2.508098e-01,2.875350e-04
4.020000e-01,1.574068e-01,4.049502e-01,2.513132e-01,3.017194e-04
4.040000e-01,1.584626e-01,4.052994e-01,2.517988e-01,3.109329e-04
4.060000e-01,1.591224e-01,3.694406e-01,2.522285e-01,3.013914e-04
4.080000e-01,1.590312e-01,3.675834e-01,2.525961e-01,2.944515e-04
4.100000e-01,1.582074e-01,4.196393e-01,2.529185e-01,3.150457e-04
4.120000e-01,1.570514e-01,4.558194e-01,2.532400e-01,3.419249e-04
4.140000e-01,1.561450e-01,4.273618e-01,2.536012e-01,3.411366e-04
4.160000e-01,1.559582e-01,3.825473e-01,2.540208e-01,3.153574e-04
4.180000e-01,1.566345e-01,3.823937e-01,2.544874e-01,2.994677e-04
4.200000e-01,1.579456e-01,4.050342e-01,2.549643e-01,3.081798e-04
4.220000e-01,1.594099e-01,3.936856e-01,2.554070e-01,3.143171e-04
4.240000e-01,1.605206e-01,3.512195e-01,2.557878e-01,2.999133e-04
4.260000e-01,1.609829e-01,3.270835e-01,2.560966e-01,2.801634e-04
4.280000e-01,1.611001e-01,3.325971e-01,2.563736e-01,2.757855e-04
4.300000e-01,1.614250e-01,3.375112e-01,2.566480e-01,2.811033e-04
4.320000e-01,1.617689e-01,3.158993e-01,2.569629e-01,2.786462e-04
4.340000e-01,1.622439e-01,2.883750e-01,2.573185e-01,2.675442e-04
4.360000e-01,1.628820e-01,2.884816e-01,2.576960e-01,2.631885e-04
4.380000e-01,1.636666e-01,3.116652e-01,2.580623e-01,2.723764e-04
4.400000e-01,1.645860e-01,3.115598e-01,2.584098e-01,2.795426e-04
4.420000e-01,1.656670e-01,2.728378e-01,2.587227e-01,2.689619e-04
4.440000e-01,1.669350e-01,2.423906e-01,2.590183e-01,2.487106e-04
4.460000e-01,1.683588e-01,2.652502e-01,2.593068e-01,2.456406e-04
4.480000e-01,1.698369e-01,3.036407e-01,2.595909e-01,2.628695e-04
4.500000e-01,1.712206e-01,2.897969e-01,2.598830e-01,2.706993e-04
4.520000e-01,1.723913e-01,2.379988e-01,2.601810e-01,2.555520e-04
4.540000e-01,1.733357e-01,2.243402e-01,2.604810e-01,2.401853e-04
4.560000e-01,1.741623e-01,2.638138e-01,2.608168e-01,2.500745e-04
4.580000e-01,1.750380e-01,2.892840e-01,2.611370e-01,2.680849e-04
4.600000e-01,1.760747e-01,2.631743e-01,2.614413e-01,2.667210e-04
4.620000e-01,1.775230e-01,2.288300e-01,2.617284e-01,2.480775e-04
4.640000e-01,1.786915e-01,2.348014e-01,2.619942e-01,2.366484e-04
4.660000e-01,1.793463e-01,2.641423e-01,2.622419e-01,2.433512e-04
4.680000e-01,1.795923e-01,2.709811e-01,2.624790e-01,2.515923e-04
4.700000e-01,1.795730e-01,2.502361e-01,2.627209e-01,2.479736e-04
4.720000e-01,1.793107e-01,2.391383e-01,2.629844e-01,2.405487e-04
4.740000e-01,1.794185e-01,2.591897e-01,2.632757e-01,2.461406e-04
4.760000e-01,1.799888e-01,2.826254e-01,2.635835e-01,2.617953e-04
4.780000e-01,1.806893e-01,2.714694e-01,2.638772e-01,2.655532e-04
4.800000e-01,1.810890e-01,2.438496e-01,2.641352e-01,2.496555e-04
4.820000e-01,1.807810e-01,2.523989e-01,2.643424e-01,2.387733e-04
4.840000e-01,1.796108e-01,3.019480e-01,2.645076e-01,2.593615e-04
4.860000e-01,1.777701e-01,3.314246e-01,2.646612e-01,2.894081e-04
4.880000e-01,1.756986e-01,3.071810e-01,2.648358e-01,2.945039e-04
4.900000e-01,1.738586e-01,2.827218e-01,2.650647e-01,2.770821e-04
4.920000e-01,1.725217e-01,3.084446e-01,2.653424e-01,2.700610e-04
4.940000e-01,1.716679e-01,3.511562e-01,2.656366e-01,2.844164e-04
4.960000e-01,1.710279e-01,3.497383e-01,2.659050e-01,2.924084e-04
4.980000e-01,1.702423e-01,3.134000e-01,2.661142e-01,2.801272e-04
5.000000e-01,1.690576e-01,3.005345e-01,2.662631e-01,2.696496e-04
5.020000e-01,1.674488e-01,3.256715e-01,2.663774e-01,2.833870e-04
5.040000e-01,1.656036e-01,3.452601e-01,2.665358e-01,3.047130e-04
5.060000e-01,1.637950e-01,3.283827e-01,2.667252e-01,3.072872e-04
5.080000e-01,1.622378e-01,2.974847e-01,2.669606e-01,2.894305e-04
5.100000e-01,1.610087e-01,2.903260e-01,2.672249e-01,2.709321e-04
5.120000e-01,1.600535e-01,3.057306e-01,2.674886e-01,2.673603e-04
5.140000e-01,1.592509e-01,3.053325e-01,2.677347e-01,2.696336e-04
5.160000e-01,1.584884e-01,2.708605e-01,2.679502e-01,2.612046e-04
5.180000e-01,1.577110e-01,2.377682e-01,2.681354e-01,2.441900e-04
5.200000e-01,1.569247e-01,2.439364e-01,2.683037e-01,2.377788e-04
5.220000e-01,1.561691e-01,2.652673e-01,2.684712e-01,2.461817e-04
5.240000e-01,1.554824e-01,2.510140e-01,2.686504e-01,2.480777e-04
5.260000e-01,1.549360e-01,2.048607e-01,2.688276e-01,2.307152e-04
5.280000e-01,1.547687e-01,1.893662e-01,2.690081e-01,2.121322e-04
5.300000e-01,1.545436e-01,2.136322e-01,2.691782e-01,2.157819e-04
5.320000e-01,1.542093e-01,2.303254e-01,2.693444e-01,2.288742e-04
5.340000e-01,1.537595e-01,2.082770e-01,2.694973e-01,2.273784e-04
5.360000e-01,1.532321e-01,1.882960e-01,2.696399e-01,2.146152e-04
5.380000e-01,1.526884e-01,2.090739e-01,2.697666e-01,2.146244e-04
5.400000e-01,1.522098e-01,2.483768e-01,2.698744e-01,2.315531e-04
5.420000e-01,1.519001e-01,2.712065e-01,2.700095e-01,2.471399e-04
5.440000e-01,1.518701e-01,2.739712e-01,2.701679e-01,2.526117e-04
5.460000e-01,1.521955e-01,2.852387e-01,2.703396e-01,2.567943e-04
5.480000e-01,1.528567e-01,3.172711e-01,2.705249e-01,2.710087e-04
5.500000e-01,1.537058e-01,3.500450e-01,2.707142e-01,2.907218e-04
5.520000e-01,1.544938e-01,3.577035e-01,2.708897e-01,3.009513e-04
5.540000e-01,1.549664e-01,3.495406e-01,2.710319e-01,2.960895e-04
5.560000e-01,1.549858e-01,3.608073e-01,2.711352e-01,2.890180e-04
5.580000e-01,1.546210e-01,3.954222e-01,2.712100e-01,2.944333e-04
5.600000e-01,1.541513e-01,4.071071e-01,2.712759e-01,3.035275e-04
5.620000e-01,1.539654e-01,3.763862e-01,2.713663e-01,3.001202e-04
5.640000e-01,1.543980e-01,3.445300e-01,2.714934e-01,2.912965e-04
5.660000e-01,1.555769e-01,3.569092e-01,2.716464e-01,3.001526e-04
5.680000e-01,1.573490e-01,3.863083e-01,2.717973e-01,3.236977e-04
5.700000e-01,1.593255e-01,3.756096e-01,2.719152e-01,3.322456e-04
5.720000e-01,1.610324e-01,3.283904e-01,2.719766e-01,3.126624e-04
5.740000e-01,1.621050e-01,2.966240e-01,2.720712e-01,2.831796e-04
5.760000e-01,1.624147e-01,3.067408e-01,2.721983e-01,2.716146e-04
5.780000e-01,1.620874e-01,3.173026e-01,2.723205e-01,2.759471e-04
5.800000e-01,1.614157e-01,2.956009e-01,2.724425e-01,2.733621e-04
5.820000e-01,1.607140e-01,2.539604e-01,2.725475e-01,2.578013e-04
5.840000e-01,1.602020e-01,2.295775e-01,2.726551e-01,2.428951e-04
5.860000e-01,1.599544e-01,2.284802e-01,2.727610e-01,2.400947e-04
5.880000e-01,1.599111e-01,2.281199e-01,2.728639e-01,2.422685e-04
5.900000e-01,1.599279e-01,2.106133e-01,2.729640e-01,2.363929e-04
5.920000e-01,1.602788e-01,1.930600e-01,2.730816e-01,2.224965e-04
5.940000e-01,1.602051e-01,2.031759e-01,2.732280e-01,2.163346e-04
5.960000e-01,1.595219e-01,2.302235e-01,2.733720e-01,2.264350e-04
5.980000e-01,1.582076e-01,2.328827e-01,2.734791e-01,2.371820e-04
6.000000e-01,1.563831e-01,2.258260e-01,2.735937e-01,2.392050e-04
6.020000e-01,1.542749e-01,2.342747e-01,2.736734e-01,2.416106e-04
6.040000e-01,1.521539e-01,2.769868e-01,2.737660e-01,2.549964e-04
6.060000e-01,1.502528e-01,2.989044e-01,2.738523e-01,2.684433e-04
6.080000e-01,1.486490e-01,2.903647e-01,2.739537e-01,2.674365e-04
6.100000e-01,1.472292e-01,2.830033e-01,2.740561e-01,2.598722e-04
6.120000e-01,1.457916e-01,3.110646e-01,2.741565e-01,2.647276e-04
6.140000e-01,1.441306e-01,3.526891e-01,2.742512e-01,2.842756e-04
6.160000e-01,1.421394e-01,3.646800e-01,2.743407e-01,3.000100e-04
6.180000e-01,1.398639e-01,3.498246e-01,2.744245e-01,3.014125e-04
6.200000e-01,1.374806e-01,3.374321e-01,2.744925e-01,2.950207e-04
6.220000e-01,1.351970e-01,3.563630e-01,2.745397e-01,2.951669e-04
6.240000e-01,1.331426e-01,3.817160e-01,2.745897e-01,3.044831e-04
6.260000e-01,1.313462e-01,3.779621e-01,2.746334e-01,3.089425e-04
6.280000e-01,1.297051e-01,3.450530e-01,2.746623e-01,2.993755e-04
6.300000e-01,1.281793e-01,3.246316e-01,2.747019e-01,2.860750e-04
6.320000e-01,1.267272e-01,3.353339e-01,2.747453e-01,2.856630e-04
6.340000e-01,1.255528e-01,3.399142e-01,2.747901e-01,2.909604e-04
6.360000e-01,1.247707e-01,3.076365e-01,2.748273e-01,2.811588e-04
6.380000e-01,1.244467e-01,2.654219e-01,2.748449e-01,2.571323e-04
6.400000e-01,1.244900e-01,2.577235e-01,2.748511e-01,2.456164e-04
6.420000e-01,1.246591e-01,2.667268e-01,2.748546e-01,2.555155e-04
6.440000e-01,1.246441e-01,2.479244e-01,2.748561e-01,2.592520e-04
6.460000e-01,1.242216e-01,2.038012e-01,2.748735e-01,2.408621e-04
6.480000e-01,1.234834e-01,1.875327e-01,2.749175e-01,2.206411e-04
6.500000e-01,1.221028e-01,2.043161e-01,2.749685e-01,2.229979e-04
6.520000e-01,1.204646e-01,2.171022e-01,2.749971e-01,2.336876e-04
6.540000e-01,1.193783e-01,2.064186e-01,2.750126e-01,2.308190e-04
6.560000e-01,1.188528e-01,1.857240e-01,2.750063e-01,2.166892e-04
6.580000e-01,1.189390e-01,1.861984e-01,2.749790e-01,2.113555e-04
6.600000e-01,1.194791e-01,2.118063e-01,2.749503e-01,2.245369e-04
6.620000e-01,1.203946e-01,2.306246e-01,2.749237e-01,2.398919e-04
6.640000e-01,1.216549e-01,2.214143e-01,2.748843e-01,2.401884e-04
6.660000e-01,1.225796e-01,2.109841e-01,2.748574e-01,2.291657e-04
6.680000e-01,1.230096e-01,2.300708e-01,2.748352e-01,2.266582e-04
6.700000e-01,1.229938e-01,2.677780e-01,2.748101e-01,2.405050e-04
6.720000e-01,1.227390e-01,2.799673e-01,2.747725e-01,2.533993e-04
6.740000e-01,1.225277e-01,2.653921e-01,2.747227e-01,2.525996e-04
6.760000e-01,1.226253e-01,2.677994e-01,2.746537e-01,2.504503e-04
6.780000e-01,1.232031e-01,3.069132e-01,2.745904e-01,2.648425e-04
6.800000e-01,1.242878e-01,3.362745e-01,2.745281e-01,2.862792e-04
6.820000e-01,1.257490e-01,3.224925e-01,2.744514e-01,2.935822e-04
6.840000e-01,1.273267e-01,3.009445e-01,2.743728e-01,2.868268e-04
6.860000e-01,1.287078e-01,3.144038e-01,2.743044e-01,2.837616e-04
6.880000e-01,1.296409e-01,3.428961e-01,2.742375e-01,2.904406e-04
6.900000e-01,1.300404e-01,3.459248e-01,2.742180e-01,2.941658e-04
6.920000e-01,1.300252e-01,3.201908e-01,2.741985e-01,2.865180e-04
6.940000e-01,1.298679e-01,2.978013e-01,2.741695e-01,2.740795e-04
6.960000e-01,1.300854e-01,2.983955e-01,2.741182e-01,2.688593e-04
6.980000e-01,1.307614e-01,3.066387e-01,2.740431e-01,2.722608e-04
7.000000e-01,1.315360e-01,2.955479e-01,2.739551e-01,2.733864e-04
7.020000e-01,1.321026e-01,2.657809e-01,2.738718e-01,2.643577e-04
7.040000e-01,1.322957e-01,2.465362e-01,2.738078e-01,2.521216e-04
7.060000e-01,1.324959e-01,2.510826e-01,2.737653e-01,2.496546e-04
7.080000e-01,1.322036e-01,2.536147e-01,2.737305e-01,2.530774e-04
7.100000e-01,1.315196e-01,2.324251e-01,2.736805e-01,2.460617e-04
7.120000e-01,1.306437e-01,2.104579e-01,2.735954e-01,2.282944e-04
7.140000e-01,1.297596e-01,2.172818e-01,2.734701e-01,2.200244e-04
7.160000e-01,1.289450e-01,2.350056e-01,2.733188e-01,2.278727e-04
7.180000e-01,1.286649e-01,2.273587e-01,2.731684e-01,2.311207e-04
7.200000e-01,1.280197e-01,2.039994e-01,2.730447e-01,2.211387e-04
7.220000e-01,1.268425e-01,2.060638e-01,2.729582e-01,2.191671e-04
7.240000e-01,1.252055e-01,2.375352e-01,2.728985e-01,2.401228e-04
7.260000e-01,1.236760e-01,2.590981e-01,2.728975e-01,2.620706e-04
7.280000e-01,1.222819e-01,2.491341e-01,2.728655e-01,2.623693e-04
7.300000e-01,1.210950e-01,2.341221e-01,2.727683e-01,2.461229e-04
7.320000e-01,1.201517e-01,2.468568e-01,2.726100e-01,2.382440e-04
7.340000e-01,1.193752e-01,2.821206e-01,2.724178e-01,2.508312e-04
7.360000e-01,1.186486e-01,3.054683e-01,2.722269e-01,2.677860e-04
7.380000e-01,1.177846e-01,2.992222e-01,2.720647e-01,2.723862e-04
7.400000e-01,1.167722e-01,2.863941e-01,2.719399e-01,2.668556e-04
7.420000e-01,1.156404e-01,2.984405e-01,2.718436e-01,2.660269e-04
7.440000e-01,1.144851e-01,3.280386e-01,2.717566e-01,2.753851e-04
7.460000e-01,1.134265e-01,3.394910e-01,2.716591e-01,2.828048e-04
7.480000e-01,1.125546e-01,3.250575e-01,2.715344e-01,2.787490e-04
7.500000e-01,1.119043e-01,3.168241e-01,2.713838e-01,2.712864e-04
7.520000e-01,1.114551e-01,3.284351e-01,2.712050e-01,2.732338e-04
7.540000e-01,1.111424e-01,3.347428e-01,2.710070e-01,2.805752e-04
7.560000e-01,1.108721e-01,3.183853e-01,2.708036e-01,2.807891e-04
7.580000e-01,1.105418e-01,3.017286e-01,2.706088e-01,2.741461e-04
7.600000e-01,1.100713e-01,3.061344e-01,2.704333e-01,2.715061e-04
7.620000e-01,1.094392e-01,3.141934e-01,2.702811e-01,2.742831e-04
7.640000e-01,1.087034e-01,2.999951e-01,2.701459e-01,2.718677e-04
7.660000e-01,1.079888e-01,2.713988e-01,2.700551e-01,2.597069e-04
7.680000e-01,1.076147e-01,2.565476e-01,2.699445e-01,2.469407e-04
7.700000e-01,1.074866e-01,2.606572e-01,2.697935e-01,2.440598e-04
7.720000e-01,1.075722e-01,2.615522e-01,2.696025e-01,2.477606e-04
7.740000e-01,1.077672e-01,2.401994e-01,2.693825e-01,2.456953e-04
7.760000e-01,1.078996e-01,2.088983e-01,2.691750e-01,2.329124e-04
7.780000e-01,1.078173e-01,1.978731e-01,2.690091e-01,2.196648e-04
7.800000e-01,1.074789e-01,2.130218e-01,2.688713e-01,2.195482e-04
7.820000e-01,1.069934e-01,2.242825e-01,2.687431e-01,2.271461e-04
7.840000e-01,1.065754e-01,2.089776e-01,2.686037e-01,2.260087e-04
7.860000e-01,1.064387e-01,1.893479e-01,2.684238e-01,2.162911e-04
7.880000e-01,1.070401e-01,1.979128e-01,2.681989e-01,2.164646e-04
7.900000e-01,1.083030e-01,2.241662e-01,2.679521e-01,2.312955e-04
7.920000e-01,1.102181e-01,2.308287e-01,2.677193e-01,2.410253e-04
7.940000e-01,1.117027e-01,2.151969e-01,2.675311e-01,2.348168e-04
7.960000e-01,1.124793e-01,2.107751e-01,2.673953e-01,2.268238e-04
7.980000e-01,1.125746e-01,2.305373e-01,2.672961e-01,2.338173e-04
8.000000e-01,1.122905e-01,2.478119e-01,2.672008e-01,2.467986e-04
8.020000e-01,1.120501e-01,2.435404e-01,2.670598e-01,2.489357e-04
8.040000e-01,1.122002e-01,2.316579e-01,2.668815e-01,2.411849e-04
8.060000e-01,1.128677e-01,2.341873e-01,2.666485e-01,2.373416e-04
8.080000e-01,1.139293e-01,2.513181e-01,2.663857e-01,2.436437e-04
8.100000e-01,1.150924e-01,2.607678e-01,2.661420e-01,2.510109e-04
8.120000e-01,1.160368e-01,2.518144e-01,2.659494e-01,2.503585e-04
8.140000e-01,1.165465e-01,2.386696e-01,2.658238e-01,2.443984e-04
8.160000e-01,1.165762e-01,2.434337e-01,2.657189e-01,2.436995e-04
8.180000e-01,1.162390e-01,2.582131e-01,2.656046e-01,2.509039e-04
8.200000e-01,1.161316e-01,2.559479e-01,2.654692e-01,2.547455e-04
8.220000e-01,1.160195e-01,2.319213e-01,2.652885e-01,2.462161e-04
8.240000e-01,1.159132e-01,2.153127e-01,2.650544e-01,2.322271e-04
8.260000e-01,1.159336e-01,2.199546e-01,2.647857e-01,2.270010e-04
8.280000e-01,1.161121e-01,2.230200e-01,2.645013e-01,2.294238e-04
8.300000e-01,1.164205e-01,2.046273e-01,2.642191e-01,2.259471e-04
8.320000e-01,1.167908e-01,1.829144e-01,2.639696e-01,2.143804e-04
8.340000e-01,1.170946e-01,1.833227e-01,2.637689e-01,2.080466e-04
8.360000e-01,1.171823e-01,1.955431e-01,2.635923e-01,2.135596e-04
8.380000e-01,1.169419e-01,1.910731e-01,2.634409e-01,2.186881e-04
8.400000e-01,1.163528e-01,1.713053e-01,2.632661e-01,2.132427e-04
8.420000e-01,1.157668e-01,1.600014e-01,2.630662e-01,2.025255e-04
8.440000e-01,1.152091e-01,1.696434e-01,2.628078e-01,1.992620e-04
8.460000e-01,1.145833e-01,1.801947e-01,2.625187e-01,2.046795e-04
8.480000e-01,1.139723e-01,1.710947e-01,2.621965e-01,2.061866e-04
8.500000e-01,1.134156e-01,1.466297e-01,2.618886e-01,1.954114e-04
8.520000e-01,1.129216e-01,1.344377e-01,2.616458e-01,1.804446e-04
8.540000e-01,1.125082e-01,1.482668e-01,2.614624e-01,1.794086e-04
8.560000e-01,1.122366e-01,1.651937e-01,2.612935e-01,1.910585e-04
8.580000e-01,1.121987e-01,1.581130e-01,2.611086e-01,1.949495e-04
8.600000e-01,1.124593e-01,1.388303e-01,2.608720e-01,1.855966e-04
8.620000e-01,1.129869e-01,1.393536e-01,2.605671e-01,1.817010e-04
8.640000e-01,1.136190e-01,1.598150e-01,2.602260e-01,1.951877e-04
8.660000e-01,1.141034e-01,1.703699e-01,2.598940e-01,2.082857e-04
8.680000e-01,1.142072e-01,1.611927e-01,2.596174e-01,2.056584e-04
8.700000e-01,1.138436e-01,1.566452e-01,2.594084e-01,1.968409e-04
8.720000e-01,1.131433e-01,1.694069e-01,2.592691e-01,1.988290e-04
8.740000e-01,1.124176e-01,1.808425e-01,2.590979e-01,2.067623e-04
8.760000e-01,1.120180e-01,1.747188e-01,2.588570e-01,2.058807e-04
8.780000e-01,1.121601e-01,1.637486e-01,2.585651e-01,1.981354e-04
8.800000e-01,1.128055e-01,1.666831e-01,2.582041e-01,1.978578e-04
8.820000e-01,1.136641e-01,1.782167e-01,2.578360e-01,2.066628e-04
8.840000e-01,1.143205e-01,1.787702e-01,2.574999e-01,2.111285e-04
8.860000e-01,1.144250e-01,1.642864e-01,2.572157e-01,2.043660e-04
8.880000e-01,1.138496e-01,1.522674e-01,2.569797e-01,1.942977e-04
8.900000e-01,1.127315e-01,1.612002e-01,2.567558e-01,1.945680e-04
8.920000e-01,1.113919e-01,1.802221e-01,2.565064e-01,2.053830e-04
8.940000e-01,1.101837e-01,1.808606e-01,2.562498e-01,2.115227e-04
8.960000e-01,1.094719e-01,1.591854e-01,2.559296e-01,2.033925e-04
8.980000e-01,1.094356e-01,1.458011e-01,2.555978e-01,1.904192e-04
9.000000e-01,1.100844e-01,1.592617e-01,2.552733e-01,1.909846e-04
9.020000e-01,1.109243e-01,1.741503e-01,2.549556e-01,2.022615e-04
9.040000e-01,1.115193e-01,1.616380e-01,2.546591e-01,2.038652e-04
9.060000e-01,1.120400e-01,1.351714e-01,2.543760e-01,1.897660e-04
9.080000e-01,1.122073e-01,1.265441e-01,2.541106e-01,1.756808e-04
9.100000e-01,1.118256e-01,1.347444e-01,2.538618e-01,1.761506e-04
9.120000e-01,1.111127e-01,1.339975e-01,2.536321e-01,1.817549e-04
9.140000e-01,1.110014e-01,1.173002e-01,2.533971e-01,1.782885e-04
9.160000e-01,1.107064e-01,1.038729e-01,2.531521e-01,1.673536e-04
9.180000e-01,1.104265e-01,1.045652e-01,2.528603e-01,1.597867e-04
9.200000e-01,1.103437e-01,1.079140e-01,2.525149e-01,1.585320e-04
9.220000e-01,1.105297e-01,1.012038e-01,2.521514e-01,1.563909e-04
9.240000e-01,1.109062e-01,8.968575e-02,2.517906e-01,1.493262e-04
9.260000e-01,1.112832e-01,8.961779e-02,2.514641e-01,1.446241e-04
9.280000e-01,1.114559e-01,1.029859e-01,2.511808e-01,1.515964e-04
9.300000e-01,1.113080e-01,1.121849e-01,2.509256e-01,1.635433e-04
9.320000e-01,1.108666e-01,1.040846e-01,2.506633e-01,1.652204e-04
9.340000e-01,1.102803e-01,9.441045e-02,2.503529e-01,1.553430e-04
9.360000e-01,1.099090e-01,1.051144e-01,2.499879e-01,1.519003e-04
9.380000e-01,1.100528e-01,1.280401e-01,2.495829e-01,1.650114e-04
9.400000e-01,1.104492e-01,1.340180e-01,2.491717e-01,1.772987e-04
9.420000e-01,1.111285e-01,1.216807e-01,2.488157e-01,1.756730e-04
9.440000e-01,1.117322e-01,1.201671e-01,2.485095e-01,1.717142e-04
9.460000e-01,1.120859e-01,1.407242e-01,2.482588e-01,1.814778e-04
9.480000e-01,1.121815e-01,1.605974e-01,2.479955e-01,1.960495e-04
9.500000e-01,1.121375e-01,1.601289e-01,2.476945e-01,1.984193e-04
9.520000e-01,1.121152e-01,1.526255e-01,2.473312e-01,1.903325e-04
9.540000e-01,1.122282e-01,1.578275e-01,2.469149e-01,1.880065e-04
9.560000e-01,1.124903e-01,1.716481e-01,2.464833e-01,1.965341e-04
9.580000e-01,1.128846e-01,1.754347e-01,2.460737e-01,2.034295e-04
9.600000e-01,1.132015e-01,1.614031e-01,2.457255e-01,1.990971e-04
9.620000e-01,1.133585e-01,1.449584e-01,2.454202e-01,1.879727e-04
9.640000e-01,1.135239e-01,1.425140e-01,2.451616e-01,1.821584e-04
9.660000e-01,1.137213e-01,1.475195e-01,2.448890e-01,1.842826e-04
9.680000e-01,1.140431e-01,1.386512e-01,2.445555e-01,1.830938e-04
9.700000e-01,1.145283e-01,1.134874e-01,2.441698e-01,1.706825e-04
9.720000e-01,1.151437e-01,9.597318e-02,2.437136e-01,1.562172e-04
9.740000e-01,1.163005e-01,9.842706e-02,2.432443e-01,1.557212e-04
9.760000e-01,1.175176e-01,1.016031e-01,2.428008e-01,1.636803e-04
9.780000e-01,1.184450e-01,8.501928e-02,2.424008e-01,1.600718e-04
9.800000e-01,1.189494e-01,6.276473e-02,2.420682e-01,1.407058e-04
9.820000e-01,1.190198e-01,5.851890e-02,2.417815e-01,1.233564e-04
9.840000e-01,1.187592e-01,6.745498e-02,2.415158e-01,1.230020e-04
9.860000e-01,1.183521e-01,6.751354e-02,2.412469e-01,1.262280e-04
9.880000e-01,1.180162e-01,5.665716e-02,2.409516e-01,1.187674e-04
9.900000e-01,1.179424e-01,5.217870e-02,2.406019e-01,1.082475e-04
9.920000e-01,1.182334e-01,6.122757e-02,2.401906e-01,1.115127e-04
9.940000e-01,1.188604e-01,7.203064e-02,2.397273e-01,1.259460e-04
9.960000e-01,1.196596e-01,7.436172e-02,2.392437e-01,1.360270e-04
9.980000e-01,1.203790e-01,7.384978e-02,2.388075e-01,1.368082e-04
1.000000e+00,1.207690e-01,8.388709e-02,2.384377e-01,1.374278e-04
1.002000e+00,1.206850e-01,1.062799e-01,2.381430e-01,1.490271e-04
1.004000e+00,1.201541e-01,1.249380e-01,2.378937e-01,1.663003e-04
1.006000e+00,1.193670e-01,1.266538e-01,2.376409e-01,1.749988e-04
1.008000e+00,1.185872e-01,1.231359e-01,2.373394e-01,1.731615e-04
1.010000e+00,1.180214e-01,1.355408e-01,2.369698e-01,1.748206e-04
1.012000e+00,1.177175e-01,1.587446e-01,2.365493e-01,1.878098e-04
1.014000e+00,1.178842e-01,1.656103e-01,2.361232e-01,1.984101e-04
1.016000e+00,1.180422e-01,1.498461e-01,2.357223e-01,1.942867e-04
1.018000e+00,1.179228e-01,1.370776e-01,2.353763e-01,1.836188e-04
1.020000e+00,1.174193e-01,1.437645e-01,2.350834e-01,1.838494e-04
1.022000e+00,1.169361e-01,1.539590e-01,2.347987e-01,1.932828e-04
1.024000e+00,1.161190e-01,1.469552e-01,2.344557e-01,1.953128e-04
1.026000e+00,1.152339e-01,1.271426e-01,2.340596e-01,1.843801e-04
1.028000e+00,1.154518e-01,1.117244e-01,2.336162e-01,1.694906e-04
1.030000e+00,1.154324e-01,1.055955e-01,2.331711e-01,1.600472e-04
1.032000e+00,1.150505e-01,9.981554e-02,2.327600e-01,1.548051e-04
1.034000e+00,1.143100e-01,8.731021e-02,2.324045e-01,1.479432e-04
1.036000e+00,1.133651e-01,7.210416e-02,2.320808e-01,1.385876e-04
1.038000e+00,1.126696e-01,6.287189e-02,2.317449e-01,1.306791e-04
1.040000e+00,1.121335e-01,5.970859e-02,2.313841e-01,1.260072e-04
1.042000e+00,1.115446e-01,5.326477e-02,2.309788e-01,1.193637e-04
1.044000e+00,1.114523e-01,4.183236e-02,2.305556e-01,1.059246e-04
1.046000e+00,1.115020e-01,3.826351e-02,2.301148e-01,9.393326e-05
1.048000e+00,1.114470e-01,4.892745e-02,2.296386e-01,9.912585e-05
1.050000e+00,1.111685e-01,5.882990e-02,2.291724e-01,1.134344e-04
1.052000e+00,1.106636e-01,5.422136e-02,2.287509e-01,1.170974e-04
1.054000e+00,1.106750e-01,4.775369e-02,2.283704e-01,1.098502e-04
1.056000e+00,1.107644e-01,5.963491e-02,2.280273e-01,1.120910e-04
1.058000e+00,1.106537e-01,8.405548e-02,2.277135e-01,1.318627e-04
1.060000e+00,1.103008e-01,9.771103e-02,2.274104e-01,1.500924e-04
1.062000e+00,1.097658e-01,9.509588e-02,2.270971e-01,1.539311e-04
1.064000e+00,1.091967e-01,9.369168e-02,2.267341e-01,1.493102e-04
1.066000e+00,1.087695e-01,1.061836e-01,2.262926e-01,1.514524e-04
1.068000e+00,1.087124e-01,1.241610e-01,2.257824e-01,1.646435e-04
1.070000e+00,1.090390e-01,1.325470e-01,2.253033e-01,1.775990e-04
1.072000e+00,1.095842e-01,1.294106e-01,2.248936e-01,1.804721e-04
1.074000e+00,1.101549e-01,1.268782e-01,2.245526e-01,1.753378e-04
1.076000e+00,1.105796e-01,1.335497e-01,2.242849e-01,1.729028e-04
1.078000e+00,1.108095e-01,1.415672e-01,2.240682e-01,1.773836e-04
1.080000e+00,1.109478e-01,1.380090e-01,2.238555e-01,1.799354e-04
1.082000e+00,1.111871e-01,1.258699e-01,2.235870e-01,1.744577e-04
1.084000e+00,1.116897e-01,1.196469e-01,2.232294e-01,1.684956e-04
1.086000e+00,1.124852e-01,1.200870e-01,2.228167e-01,1.701910e-04
1.088000e+00,1.134406e-01,1.124325e-01,2.223850e-01,1.713726e-04
1.090000e+00,1.143222e-01,9.386809e-02,2.220710e-01,1.608037e-04
1.092000e+00,1.149174e-01,8.062655e-02,2.218472e-01,1.436304e-04
1.094000e+00,1.151548e-01,8.122200e-02,2.216507e-01,1.358154e-04
1.096000e+00,1.152323e-01,8.157318e-02,2.214626e-01,1.371533e-04
1.098000e+00,1.156174e-01,6.921818e-02,2.212762e-01,1.322075e-04
1.100000e+00,1.162610e-01,5.393568e-02,2.210664e-01,1.190731e-04
1.102000e+00,1.171826e-01,5.225861e-02,2.208397e-01,1.136599e-04
1.104000e+00,1.182419e-01,6.116838e-02,2.205992e-01,1.223658e-04
1.106000e+00,1.192135e-01,6.579914e-02,2.203612e-01,1.301036e-04
1.108000e+00,1.199044e-01,6.092115e-02,2.201460e-01,1.274016e-04
1.110000e+00,1.202505e-01,5.665081e-02,2.199506e-01,1.205190e-04
1.112000e+00,1.203389e-01,6.322585e-02,2.197535e-01,1.216893e-04
1.114000e+00,1.203478e-01,7.660982e-02,2.195538e-01,1.318638e-04
1.116000e+00,1.204452e-01,8.314080e-02,2.193285e-01,1.403983e-04
1.118000e+00,1.207067e-01,8.076749e-02,2.190913e-01,1.414438e-04
1.120000e+00,1.210917e-01,8.184403e-02,2.188425e-01,1.406832e-04
1.122000e+00,1.214768e-01,9.488426e-02,2.185908e-01,1.468777e-04
1.124000e+00,1.218998e-01,1.068049e-01,2.183573e-01,1.566925e-04
1.126000e+00,1.222877e-01,1.060034e-01,2.181424e-01,1.596625e-04
1.128000e+00,1.224568e-01,9.767195e-02,2.179236e-01,1.547913e-04
1.130000e+00,1.222893e-01,1.032649e-01,2.177317e-01,1.542671e-04
1.132000e+00,1.217094e-01,1.197920e-01,2.175449e-01,1.656412e-04
1.134000e+00,1.207254e-01,1.256649e-01,2.173560e-01,1.765518e-04
1.136000e+00,1.194593e-01,1.147400e-01,2.171600e-01,1.752179e-04
1.138000e+00,1.181362e-01,1.049147e-01,2.169478e-01,1.653663e-04
1.140000e+00,1.170170e-01,1.088140e-01,2.167182e-01,1.598785e-04
1.142000e+00,1.162960e-01,1.213446e-01,2.164728e-01,1.640484e-04
1.144000e+00,1.162376e-01,1.217112e-01,2.162196e-01,1.683324e-04
1.146000e+00,1.164092e-01,1.118197e-01,2.159860e-01,1.643956e-04
1.148000e+00,1.164952e-01,1.045608e-01,2.157659e-01,1.573286e-04
1.150000e+00,1.162595e-01,1.073217e-01,2.155650e-01,1.570764e-04
1.152000e+00,1.156211e-01,1.122612e-01,2.153809e-01,1.641518e-04
1.154000e+00,1.146951e-01,1.095522e-01,2.152014e-01,1.679916e-04
1.156000e+00,1.137321e-01,1.024156e-01,2.150103e-01,1.627201e-04
1.158000e+00,1.129907e-01,1.023212e-01,2.147965e-01,1.554804e-04
1.160000e+00,1.130788e-01,1.093121e-01,2.145584e-01,1.560117e-04
1.162000e+00,1.132701e-01,1.107245e-01,2.143054e-01,1.598576e-04
1.164000e+00,1.132742e-01,1.040413e-01,2.140557e-01,1.573271e-04
1.166000e+00,1.129544e-01,1.027441e-01,2.138375e-01,1.520393e-04
1.168000e+00,1.124837e-01,1.133423e-01,2.136365e-01,1.555979e-04
1.170000e+00,1.120885e-01,1.211354e-01,2.134483e-01,1.651016e-04
1.172000e+00,1.115930e-01,1.140716e-01,2.132618e-01,1.670199e-04
1.174000e+00,1.111318e-01,1.026806e-01,2.130665e-01,1.596450e-04
1.176000e+00,1.107823e-01,1.031794e-01,2.128573e-01,1.552178e-04
1.178000e+00,1.105304e-01,1.122774e-01,2.126345e-01,1.602621e-04
1.180000e+00,1.103018e-01,1.139409e-01,2.124052e-01,1.650033e-04
1.182000e+00,1.100313e-01,1.033860e-01,2.121785e-01,1.604018e-04
1.184000e+00,1.099195e-01,9.268935e-02,2.119596e-01,1.501310e-04
1.186000e+00,1.100713e-01,9.368540e-02,2.117474e-01,1.451494e-04
1.188000e+00,1.103032e-01,1.024981e-01,2.115374e-01,1.492008e-04
1.190000e+00,1.106501e-01,1.055600e-01,2.113330e-01,1.545647e-04
1.192000e+00,1.111038e-01,9.740657e-02,2.111264e-01,1.540188e-04
1.194000e+00,1.116081e-01,8.886633e-02,2.109104e-01,1.495617e-04
1.196000e+00,1.122723e-01,9.052570e-02,2.106900e-01,1.486663e-04
1.198000e+00,1.132209e-01,9.593047e-02,2.104714e-01,1.516511e-04
1.200000e+00,1.137873e-01,9.278834e-02,2.102576e-01,1.504126e-04
1.202000e+00,1.139473e-01,8.465033e-02,2.100517e-01,1.426179e-04
1.204000e+00,1.138304e-01,8.481581e-02,2.098526e-01,1.376908e-04
1.206000e+00,1.136689e-01,9.232702e-02,2.096561e-01,1.423276e-04
1.208000e+00,1.137174e-01,9.362268e-02,2.094605e-01,1.480902e-04
1.210000e+00,1.141722e-01,8.728733e-02,2.092729e-01,1.470659e-04
1.212000e+00,1.151122e-01,8.676397e-02,2.090777e-01,1.451220e-04
1.214000e+00,1.164749e-01,9.763534e-02,2.088731e-01,1.518266e-04
1.216000e+00,1.180725e-01,1.084086e-01,2.086595e-01,1.633984e-04
1.218000e+00,1.196455e-01,1.090558e-01,2.084549e-01,1.690550e-04
1.220000e+00,1.209457e-01,1.044703e-01,2.082622e-01,1.662735e-04
1.222000e+00,1.218241e-01,1.054547e-01,2.080703e-01,1.625431e-04
1.224000e+00,1.222938e-01,1.135306e-01,2.078830e-01,1.657091e-04
1.226000e+00,1.225320e-01,1.195003e-01,2.077017e-01,1.733001e-04
1.228000e+00,1.228111e-01,1.151826e-01,2.075247e-01,1.760370e-04
1.230000e+00,1.233842e-01,1.045204e-01,2.073478e-01,1.700944e-04
1.232000e+00,1.243735e-01,9.896416e-02,2.071662e-01,1.621692e-04
1.234000e+00,1.257148e-01,1.004695e-01,2.069769e-01,1.603328e-04
1.236000e+00,1.271806e-01,9.768709e-02,2.067799e-01,1.601678e-04
1.238000e+00,1.284760e-01,8.572479e-02,2.065789e-01,1.520403e-04
1.240000e+00,1.293629e-01,7.470866e-02,2.063787e-01,1.381242e-04
1.242000e+00,1.297558e-01,7.352281e-02,2.061834e-01,1.315182e-04
1.244000e+00,1.298777e-01,7.371205e-02,2.059944e-01,1.342215e-04
1.246000e+00,1.298184e-01,6.465092e-02,2.058097e-01,1.324524e-04
1.248000e+00,1.296493e-01,5.258118e-02,2.056249e-01,1.207773e-04
1.250000e+00,1.295365e-01,4.970057e-02,2.054360e-01,1.100240e-04
1.252000e+00,1.295555e-01,5.391902e-02,2.052411e-01,1.097730e-04
1.254000e+00,1.296826e-01,5.357952e-02,2.050410e-01,1.121334e-04
1.256000e+00,1.298298e-01,4.643997e-02,2.048384e-01,1.081445e-04
1.258000e+00,1.298987e-01,4.184003e-02,2.046368e-01,1.019593e-04
1.260000e+00,1.298233e-01,4.683765e-02,2.044369e-01,1.035294e-04
1.262000e+00,1.295852e-01,5.762214e-02,2.042383e-01,1.134482e-04
1.264000e+00,1.292041e-01,6.421679e-02,2.040390e-01,1.228730e-04
1.266000e+00,1.287179e-01,6.358393e-02,2.038370e-01,1.259746e-04
1.268000e+00,1.281669e-01,6.423709e-02,2.036312e-01,1.258090e-04
1.270000e+00,1.275855e-01,7.423812e-02,2.034218e-01,1.302297e-04
1.272000e+00,1.270021e-01,8.756360e-02,2.032103e-01,1.397243e-04
1.274000e+00,1.264378e-01,9.265477e-02,2.029988e-01,1.460352e-04
1.276000e+00,1.259032e-01,9.097358e-02,2.027888e-01,1.456414e-04
1.278000e+00,1.253949e-01,9.464365e-02,2.025809e-01,1.456009e-04
1.280000e+00,1.248976e-01,1.044955e-01,2.023749e-01,1.520890e-04
1.282000e+00,1.243946e-01,1.083811e-01,2.021701e-01,1.593135e-04
1.284000e+00,1.238819e-01,1.027708e-01,2.019647e-01,1.601540e-04
1.286000e+00,1.233771e-01,9.794170e-02,2.017569e-01,1.573775e-04
1.288000e+00,1.229123e-01,9.996669e-02,2.015443e-01,1.579759e-04
1.290000e+00,1.225127e-01,1.007018e-01,2.013257e-01,1.608296e-04
1.292000e+00,1.221720e-01,9.208837e-02,2.011017e-01,1.582275e-04
1.294000e+00,1.218460e-01,7.844781e-02,2.008757e-01,1.471639e-04
1.296000e+00,1.214735e-01,7.010940e-02,2.006518e-01,1.337079e-04
1.298000e+00,1.210187e-01,6.930752e-02,2.004337e-01,1.271757e-04
1.300000e+00,1.205084e-01,6.781253e-02,2.002228e-01,1.273625e-04
1.302000e+00,1.200362e-01,5.702066e-02,2.000177e-01,1.231703e-04
1.304000e+00,1.197231e-01,4.076513e-02,1.998123e-01,1.080695e-04
1.306000e+00,1.196528e-01,3.204259e-02,1.996007e-01,9.222194e-05
1.308000e+00,1.198145e-01,3.467707e-02,1.993795e-01,9.355480e-05
1.310000e+00,1.200888e-01,3.689104e-02,1.991490e-01,1.034413e-04
1.312000e+00,1.202894e-01,2.997773e-02,1.989140e-01,1.004338e-04
1.314000e+00,1.202502e-01,2.241286e-02,1.986815e-01,8.329005e-05
1.316000e+00,1.199154e-01,2.500964e-02,1.984572e-01,7.404578e-05
1.318000e+00,1.193793e-01,3.327867e-02,1.982428e-01,8.526461e-05
1.320000e+00,1.188454e-01,3.705924e-02,1.980355e-01,9.651723e-05
1.322000e+00,1.185282e-01,3.814926e-02,1.978294e-01,9.889587e-05
1.324000e+00,1.185506e-01,4.465015e-02,1.976191e-01,1.029434e-04
1.326000e+00,1.188898e-01,5.558946e-02,1.974015e-01,1.149296e-04
1.328000e+00,1.193979e-01,6.307745e-02,1.971775e-01,1.259808e-04
1.330000e+00,1.198837e-01,6.588634e-02,1.969510e-01,1.297253e-04
1.332000e+00,1.202090e-01,7.049049e-02,1.967260e-01,1.307520e-04
1.334000e+00,1.203517e-01,8.039658e-02,1.965052e-01,1.360133e-04
1.336000e+00,1.204045e-01,9.052799e-02,1.962883e-01,1.445143e-04
1.338000e+00,1.205183e-01,9.311907e-02,1.960732e-01,1.499334e-04
1.340000e+00,1.208238e-01,8.797275e-02,1.958575e-01,1.493582e-04
1.342000e+00,1.213739e-01,8.441863e-02,1.956396e-01,1.467911e-04
1.344000e+00,1.221285e-01,8.905766e-02,1.954200e-01,1.486290e-04
1.346000e+00,1.229816e-01,9.419744e-02,1.952001e-01,1.536251e-04
1.348000e+00,1.238088e-01,8.799345e-02,1.949861e-01,1.529773e-04
1.350000e+00,1.245117e-01,7.364330e-02,1.947823e-01,1.427094e-04
1.352000e+00,1.250422e-01,6.575974e-02,1.945805e-01,1.304668e-04
1.354000e+00,1.254045e-01,6.734609e-02,1.943802e-01,1.261515e-04
1.356000e+00,1.256434e-01,6.590164e-02,1.941803e-01,1.257983e-04
1.358000e+00,1.258271e-01,5.449849e-02,1.939798e-01,1.187392e-04
1.360000e+00,1.260283e-01,4.195295e-02,1.937776e-01,1.048139e-04
1.362000e+00,1.263036e-01,3.721712e-02,1.935734e-01,9.435569e-05
1.364000e+00,1.266714e-01,3.665010e-02,1.933671e-01,9.234533e-05
1.366000e+00,1.270970e-01,3.278952e-02,1.931594e-01,9.080384e-05
1.368000e+00,1.274953e-01,2.635484e-02,1.929518e-01,8.366982e-05
1.370000e+00,1.277594e-01,2.353213e-02,1.927461e-01,7.552989e-05
1.372000e+00,1.278100e-01,2.636648e-02,1.925438e-01,7.541748e-05
1.374000e+00,1.276411e-01,3.043748e-02,1.923459e-01,8.250035e-05
1.376000e+00,1.273365e-01,3.136541e-02,1.921511e-01,8.739184e-05
1.378000e+00,1.270394e-01,3.153492e-02,1.919562e-01,8.732857e-05
1.380000e+00,1.268871e-01,3.717810e-02,1.917572e-01,9.092117e-05
1.382000e+00,1.269420e-01,4.772371e-02,1.915519e-01,1.040904e-04
1.384000e+00,1.271541e-01,5.437591e-02,1.913409e-01,1.168984e-04
1.386000e+00,1.273776e-01,5.358756e-02,1.911280e-01,1.188200e-04
1.388000e+00,1.274372e-01,5.395319e-02,1.909183e-01,1.136888e-04
1.390000e+00,1.272130e-01,6.241446e-02,1.907161e-01,1.156737e-04
1.392000e+00,1.266991e-01,7.201641e-02,1.905225e-01,1.266808e-04
1.394000e+00,1.260012e-01,7.326595e-02,1.903352e-01,1.338632e-04
1.396000e+00,1.252800e-01,6.972251e-02,1.901495e-01,1.323891e-04
1.398000e+00,1.246751e-01,7.101786e-02,1.899603e-01,1.308475e-04
1.400000e+00,1.242514e-01,7.655712e-02,1.897651e-01,1.359159e-04
1.402000e+00,1.239903e-01,7.763645e-02,1.895639e-01,1.411106e-04
1.404000e+00,1.238225e-01,7.216162e-02,1.893601e-01,1.389375e-04
1.406000e+00,1.236768e-01,6.704262e-02,1.891578e-01,1.318178e-04
1.408000e+00,1.235174e-01,6.701375e-02,1.889601e-01,1.274147e-04
1.410000e+00,1.233497e-01,6.797963e-02,1.887677e-01,1.271433e-04
1.412000e+00,1.231988e-01,6.319104e-02,1.885793e-01,1.248328e-04
1.414000e+00,1.230784e-01,5.284913e-02,1.883924e-01,1.165583e-04
1.416000e+00,1.229723e-01,4.480135e-02,1.882049e-01,1.065336e-04
1.418000e+00,1.228378e-01,4.419248e-02,1.880163e-01,1.028937e-04
1.420000e+00,1.226263e-01,4.530011e-02,1.878271e-01,1.051226e-04
1.422000e+00,1.223067e-01,3.975089e-02,1.876383e-01,1.034557e-04
1.424000e+00,1.218782e-01,3.051976e-02,1.874516e-01,9.376499e-05
1.426000e+00,1.213702e-01,2.834270e-02,1.872675e-01,8.496732e-05
1.428000e+00,1.208327e-01,3.465939e-02,1.870861e-01,8.765850e-05
1.430000e+00,1.203256e-01,3.939635e-02,1.869072e-01,9.513023e-05
1.432000e+00,1.199095e-01,3.707579e-02,1.867298e-01,9.632320e-05
1.434000e+00,1.196367e-01,3.472747e-02,1.865527e-01,9.311098e-05
1.436000e+00,1.195342e-01,3.852156e-02,1.863747e-01,9.487765e-05
1.438000e+00,1.196408e-01,4.397864e-02,1.861950e-01,1.017981e-04
1.440000e+00,1.201825e-01,4.493068e-02,1.860142e-01,1.057429e-04
1.442000e+00,1.207097e-01,4.337374e-02,1.858335e-01,1.045244e-04
1.444000e+00,1.210829e-01,4.482286e-02,1.856547e-01,1.037917e-04
1.446000e+00,1.212249e-01,4.885457e-02,1.854796e-01,1.073368e-04
1.448000e+00,1.212061e-01,5.052942e-02,1.853080e-01,1.110709e-04
1.450000e+00,1.211594e-01,4.798162e-02,1.851383e-01,1.098730e-04
1.452000e+00,1.212302e-01,4.558377e-02,1.849675e-01,1.054459e-04
1.454000e+00,1.215152e-01,4.833340e-02,1.847936e-01,1.057148e-04
1.456000e+00,1.220176e-01,5.366750e-02,1.846156e-01,1.130275e-04
1.458000e+00,1.226402e-01,5.373270e-02,1.844348e-01,1.182455e-04
1.460000e+00,1.232329e-01,4.687205e-02,1.842543e-01,1.135661e-04
1.462000e+00,1.237108e-01,4.212121e-02,1.840783e-01,1.040816e-04
1.464000e+00,1.238158e-01,4.618457e-02,1.839089e-01,1.036910e-04
1.466000e+00,1.236415e-01,5.213761e-02,1.837461e-01,1.123246e-04
1.468000e+00,1.234147e-01,4.946470e-02,1.835876e-01,1.148667e-04
1.470000e+00,1.232035e-01,4.055386e-02,1.834292e-01,1.054126e-04
1.472000e+00,1.231026e-01,3.674617e-02,1.832672e-01,9.511253e-05
1.474000e+00,1.232675e-01,4.097115e-02,1.830999e-01,9.757707e-05
1.476000e+00,1.237222e-01,4.503716e-02,1.829283e-01,1.062174e-04
1.478000e+00,1.244325e-01,4.333641e-02,1.827557e-01,1.080238e-04
1.480000e+00,1.250277e-01,3.982527e-02,1.825853e-01,1.023455e-04
1.482000e+00,1.254171e-01,4.022501e-02,1.824195e-01,9.763305e-05
1.484000e+00,1.255943e-01,4.418469e-02,1.822586e-01,9.904608e-05
1.486000e+00,1.256163e-01,4.729742e-02,1.821011e-01,1.028334e-04
1.488000e+00,1.255666e-01,4.756358e-02,1.819447e-01,1.043428e-04
1.490000e+00,1.255206e-01,4.752443e-02,1.817876e-01,1.040223e-04
1.492000e+00,1.255252e-01,4.973304e-02,1.816295e-01,1.051362e-04
1.494000e+00,1.255960e-01,5.181383e-02,1.814715e-01,1.078239e-04
1.496000e+00,1.257230e-01,4.970171e-02,1.813142e-01,1.080801e-04
1.498000e+00,1.258770e-01,4.545847e-02,1.811584e-01,1.043384e-04
1.500000e+00,1.260170e-01,4.555184e-02,1.810046e-01,1.016767e-04
1.502000e+00,1.260995e-01,4.969172e-02,1.808528e-01,1.045752e-04
1.504000e+00,1.260934e-01,4.964064e-02,1.807029e-01,1.078528e-04
1.506000e+00,1.259961e-01,4.234695e-02,1.805548e-01,1.044424e-04
1.508000e+00,1.258406e-01,3.615984e-02,1.804080e-01,9.684907e-05
1.510000e+00,1.256841e-01,3.738314e-02,1.802612e-01,9.445463e-05
1.512000e+00,1.255796e-01,4.090294e-02,1.801140e-01,9.834611e-05
1.514000e+00,1.255436e-01,3.856908e-02,1.799667e-01,9.949713e-05
1.516000e+00,1.255412e-01,3.205339e-02,1.798196e-01,9.356574e-05
1.518000e+00,1.255020e-01,2.867747e-02,1.796741e-01,8.589409e-05
1.520000e+00,1.253636e-01,3.096920e-02,1.795319e-01,8.419819e-05
1.522000e+00,1.251182e-01,3.421194e-02,1.793932e-01,8.785224e-05
1.524000e+00,1.248315e-01,3.365440e-02,1.792572e-01,8.969104e-05
1.526000e+00,1.246151e-01,3.038538e-02,1.791216e-01,8.656621e-05
1.528000e+00,1.245655e-01,2.982777e-02,1.789828e-01,8.351998e-05
1.530000e+00,1.247000e-01,3.411793e-02,1.788401e-01,8.740869e-05
1.532000e+00,1.249278e-01,3.843656e-02,1.786947e-01,9.453127e-05
1.534000e+00,1.250790e-01,3.849056e-02,1.785499e-01,9.643706e-05
1.536000e+00,1.249822e-01,3.824075e-02,1.784094e-01,9.463592e-05
1.538000e+00,1.245558e-01,4.368893e-02,1.782763e-01,9.978186e-05
1.540000e+00,1.238606e-01,5.184570e-02,1.781507e-01,1.123794e-04
1.542000e+00,1.230808e-01,5.489059e-02,1.780299e-01,1.202869e-04
1.544000e+00,1.224394e-01,5.331331e-02,1.779093e-01,1.182301e-04
1.546000e+00,1.220952e-01,5.473058e-02,1.777846e-01,1.142370e-04
1.548000e+00,1.220724e-01,6.039264e-02,1.776539e-01,1.171088e-04
1.550000e+00,1.222571e-01,6.330012e-02,1.775198e-01,1.222903e-04
1.552000e+00,1.224583e-01,5.991681e-02,1.773856e-01,1.217321e-04
1.554000e+00,1.225011e-01,5.511990e-02,1.772538e-01,1.168971e-04
1.556000e+00,1.223076e-01,5.372709e-02,1.771272e-01,1.147770e-04
1.558000e+00,1.219248e-01,5.400428e-02,1.770064e-01,1.161797e-04
1.560000e+00,1.214898e-01,5.154089e-02,1.768896e-01,1.153448e-04
1.562000e+00,1.211572e-01,4.544211e-02,1.767730e-01,1.091210e-04
1.564000e+00,1.212101e-01,3.940973e-02,1.766543e-01,1.004050e-04
1.566000e+00,1.216304e-01,3.673432e-02,1.765329e-01,9.450872e-05
1.568000e+00,1.221261e-01,3.569222e-02,1.764096e-01,9.242228e-05
1.570000e+00,1.225589e-01,3.173626e-02,1.762858e-01,8.913832e-05
1.572000e+00,1.228361e-01,2.547335e-02,1.761630e-01,8.131127e-05
1.574000e+00,1.229413e-01,2.307259e-02,1.760424e-01,7.419459e-05
1.576000e+00,1.229292e-01,2.589370e-02,1.759240e-01,7.533043e-05
1.578000e+00,1.228944e-01,2.684068e-02,1.758075e-01,7.943145e-05
1.580000e+00,1.229334e-01,2.197287e-02,1.756924e-01,7.649240e-05
1.582000e+00,1.231148e-01,1.802018e-02,1.755782e-01,6.848158e-05
1.584000e+00,1.234626e-01,2.170579e-02,1.754640e-01,6.862328e-05
1.586000e+00,1.239533e-01,2.884810e-02,1.753492e-01,7.896968e-05
1.588000e+00,1.245220e-01,3.146181e-02,1.752333e-01,8.680684e-05
1.590000e+00,1.250801e-01,3.013802e-02,1.751164e-01,8.692765e-05
1.592000e+00,1.255418e-01,3.172250e-02,1.749992e-01,8.552873e-05
1.594000e+00,1.258555e-01,3.867480e-02,1.748829e-01,9.010267e-05
1.596000e+00,1.260278e-01,4.651631e-02,1.747683e-01,9.890620e-05
1.598000e+00,1.261248e-01,5.054456e-02,1.746554e-01,1.055057e-04
1.600000e+00,1.262446e-01,5.123184e-02,1.745433e-01,1.076904e-04
1.602000e+00,1.264684e-01,5.268732e-02,1.744304e-01,1.088975e-04
1.604000e+00,1.268135e-01,5.653512e-02,1.743155e-01,1.130732e-04
1.606000e+00,1.272604e-01,5.932102e-02,1.741989e-01,1.181463e-04
1.608000e+00,1.278123e-01,5.795479e-02,1.740824e-01,1.187411e-04
1.610000e+00,1.281689e-01,5.542368e-02,1.739691e-01,1.148718e-04
1.612000e+00,1.282039e-01,5.590073e-02,1.738611e-01,1.129473e-04
1.614000e+00,1.279161e-01,5.664822e-02,1.737588e-01,1.150995e-04
1.616000e+00,1.274374e-01,5.225763e-02,1.736605e-01,1.145465e-04
1.618000e+00,1.269749e-01,4.492732e-02,1.735625e-01,1.075872e-04
1.620000e+00,1.267187e-01,4.161603e-02,1.734615e-01,1.009771e-04
1.622000e+00,1.267595e-01,4.206936e-02,1.733553e-01,1.012622e-04
1.624000e+00,1.270552e-01,3.896907e-02,1.732449e-01,1.017540e-04
1.626000e+00,1.274574e-01,3.017824e-02,1.731369e-01,9.333899e-05
1.628000e+00,1.277867e-01,2.219281e-02,1.730553e-01,7.839903e-05
1.630000e+00,1.279147e-01,2.024574e-02,1.729792e-01,6.942328e-05
1.632000e+00,1.278137e-01,2.157960e-02,1.729094e-01,7.134046e-05
1.634000e+00,1.275514e-01,2.044973e-02,1.728439e-01,7.313077e-05
1.636000e+00,1.272473e-01,1.574037e-02,1.727798e-01,6.682979e-05
1.638000e+00,1.270179e-01,1.189278e-02,1.727140e-01,5.582643e-05
1.640000e+00,1.269368e-01,1.318770e-02,1.726448e-01,5.182613e-05
1.642000e+00,1.270180e-01,1.804994e-02,1.725724e-01,5.910934e-05
1.644000e+00,1.272204e-01,2.109173e-02,1.724986e-01,6.691614e-05
1.646000e+00,1.274665e-01,2.121111e-02,1.724258e-01,6.909015e-05
1.648000e+00,1.276688e-01,2.322554e-02,1.723561e-01,7.090871e-05
1.650000e+00,1.277557e-01,2.930021e-02,1.722908e-01,7.930763e-05
1.652000e+00,1.276919e-01,3.483241e-02,1.722298e-01,9.020661e-05
1.654000e+00,1.274872e-01,3.654311e-02,1.721720e-01,9.628876e-05
1.656000e+00,1.271908e-01,3.813756e-02,1.721154e-01,9.792535e-05
1.658000e+00,1.268712e-01,4.288882e-02,1.720582e-01,1.003396e-04
1.660000e+00,1.265878e-01,4.715290e-02,1.719991e-01,1.040775e-04
1.662000e+00,1.263664e-01,4.689968e-02,1.719376e-01,1.050996e-04
1.664000e+00,1.261903e-01,4.509874e-02,1.718744e-01,1.033202e-04
1.666000e+00,1.260133e-01,4.670039e-02,1.718109e-01,1.035825e-04
1.668000e+00,1.257902e-01,5.051497e-02,1.717488e-01,1.075581e-04
1.670000e+00,1.255072e-01,5.125668e-02,1.716891e-01,1.106209e-04
1.672000e+00,1.251946e-01,4.710972e-02,1.716316e-01,1.084789e-04
1.674000e+00,1.249119e-01,4.170118e-02,1.715747e-01,1.020351e-04
1.676000e+00,1.247219e-01,3.928238e-02,1.715168e-01,9.646510e-05
1.678000e+00,1.248746e-01,3.951129e-02,1.714565e-01,9.543222e-05
1.680000e+00,1.250318e-01,3.779330e-02,1.713940e-01,9.550405e-05
1.682000e+00,1.250572e-01,3.172768e-02,1.713310e-01,9.062991e-05
1.684000e+00,1.248603e-01,2.542642e-02,1.712700e-01,8.132727e-05
1.686000e+00,1.244419e-01,2.383657e-02,1.712129e-01,7.591916e-05
1.688000e+00,1.239015e-01,2.476993e-02,1.711600e-01,7.749262e-05
1.690000e+00,1.233966e-01,2.234051e-02,1.711095e-01,7.680256e-05
1.692000e+00,1.230759e-01,1.705685e-02,1.710583e-01,6.837240e-05
1.694000e+00,1.230139e-01,1.500428e-02,1.710035e-01,6.064106e-05
1.696000e+00,1.231802e-01,1.753342e-02,1.709438e-01,6.418575e-05
1.698000e+00,1.235784e-01,1.944193e-02,1.708805e-01,7.092328e-05
1.700000e+00,1.239969e-01,1.795441e-02,1.708164e-01,7.006395e-05
1.702000e+00,1.242514e-01,1.673704e-02,1.707551e-01,6.407992e-05
1.704000e+00,1.243133e-01,1.918485e-02,1.706986e-01,6.331978e-05
1.706000e+00,1.242435e-01,2.342357e-02,1.706471e-01,6.955025e-05
1.708000e+00,1.241529e-01,2.573305e-02,1.705985e-01,7.503069e-05
1.710000e+00,1.241453e-01,2.559656e-02,1.705499e-01,7.649902e-05
1.712000e+00,1.242723e-01,2.575581e-02,1.704988e-01,7.723464e-05
1.714000e+00,1.245191e-01,2.839155e-02,1.704445e-01,8.102772e-05
1.716000e+00,1.248202e-01,3.204921e-02,1.703875e-01,8.671022e-05
1.718000e+00,1.250945e-01,3.344579e-02,1.703298e-01,8.994040e-05
1.720000e+00,1.252794e-01,3.255637e-02,1.702737e-01,8.912936e-05
1.722000e+00,1.253507e-01,3.304881e-02,1.702209e-01,8.797727e-05
1.724000e+00,1.253217e-01,3.604258e-02,1.701721e-01,9.051659e-05
1.726000e+00,1.252283e-01,3.756345e-02,1.701653e-01,9.414066e-05
1.728000e+00,1.251105e-01,3.526018e-02,1.701745e-01,9.375298e-05
1.730000e+00,1.249994e-01,3.290868e-02,1.701845e-01,9.007608e-05
1.732000e+00,1.249140e-01,3.398277e-02,1.701941e-01,8.848776e-05
1.734000e+00,1.248637e-01,3.539562e-02,1.702021e-01,8.970255e-05
1.736000e+00,1.248513e-01,3.272589e-02,1.702079e-01,8.843747e-05
1.738000e+00,1.251745e-01,2.780715e-02,1.702117e-01,8.269189e-05
1.740000e+00,1.255251e-01,2.580198e-02,1.702147e-01,7.744841e-05
1.742000e+00,1.258244e-01,2.724620e-02,1.702202e-01,7.778778e-05
1.744000e+00,1.260373e-01,2.774029e-02,1.702284e-01,8.094094e-05
1.746000e+00,1.261778e-01,2.458958e-02,1.702393e-01,8.088578e-05
1.748000e+00,1.262991e-01,2.038359e-02,1.702519e-01,7.610460e-05
1.750000e+00,1.264614e-01,1.952922e-02,1.702647e-01,7.112517e-05
1.752000e+00,1.266955e-01,2.251462e-02,1.702758e-01,7.161431e-05
1.754000e+00,1.269818e-01,2.496852e-02,1.702844e-01,7.554887e-05
1.756000e+00,1.272593e-01,2.340361e-02,1.702913e-01,7.593571e-05
1.758000e+00,1.274596e-01,2.042868e-02,1.702986e-01,7.191308e-05
1.760000e+00,1.275505e-01,2.103884e-02,1.703084e-01,7.129498e-05
1.762000e+00,1.275609e-01,2.474182e-02,1.703215e-01,7.802985e-05
1.764000e+00,1.275703e-01,2.633265e-02,1.703368e-01,8.394774e-05
1.766000e+00,1.276644e-01,2.437616e-02,1.703516e-01,8.265865e-05
1.768000e+00,1.278842e-01,2.298914e-02,1.703630e-01,7.815260e-05
1.770000e+00,1.281964e-01,2.424770e-02,1.703695e-01,7.769011e-05
1.772000e+00,1.285036e-01,2.507343e-02,1.703720e-01,7.934953e-05
1.774000e+00,1.286896e-01,2.349633e-02,1.703733e-01,7.707008e-05
1.776000e+00,1.286767e-01,2.244433e-02,1.703766e-01,7.297332e-05
1.778000e+00,1.284645e-01,2.445569e-02,1.703840e-01,7.440201e-05
1.780000e+00,1.281304e-01,2.720691e-02,1.703954e-01,8.006956e-05
1.782000e+00,1.277906e-01,2.718943e-02,1.704082e-01,8.206549e-05
1.784000e+00,1.275448e-01,2.503530e-02,1.704189e-01,7.854666e-05
1.786000e+00,1.274331e-01,2.449636e-02,1.704247e-01,7.569482e-05
1.788000e+00,1.274245e-01,2.711855e-02,1.704247e-01,7.891993e-05
1.790000e+00,1.274385e-01,2.991951e-02,1.704204e-01,8.448677e-05
1.792000e+00,1.274057e-01,2.922671e-02,1.704149e-01,8.566519e-05
1.794000e+00,1.274691e-01,2.604387e-02,1.704109e-01,8.143768e-05
1.796000e+00,1.273400e-01,2.535977e-02,1.704101e-01,7.794046e-05
1.798000e+00,1.270288e-01,2.894194e-02,1.704123e-01,8.121780e-05
1.800000e+00,1.265936e-01,3.217781e-02,1.704159e-01,8.745460e-05
1.802000e+00,1.261137e-01,3.103600e-02,1.704188e-01,8.906647e-05
1.804000e+00,1.256672e-01,2.853242e-02,1.704198e-01,8.558223e-05
1.806000e+00,1.253159e-01,2.980564e-02,1.704179e-01,8.381512e-05
1.808000e+00,1.250959e-01,3.383748e-02,1.704125e-01,8.759000e-05
1.810000e+00,1.250112e-01,3.562441e-02,1.704038e-01,9.194827e-05
1.812000e+00,1.250283e-01,3.444445e-02,1.703926e-01,9.238045e-05
1.814000e+00,1.250796e-01,3.413098e-02,1.703800e-01,9.084371e-05
1.816000e+00,1.250797e-01,3.617862e-02,1.703671e-01,9.121378e-05
1.818000e+00,1.249541e-01,3.766797e-02,1.703550e-01,9.296832e-05
1.820000e+00,1.246692e-01,3.639796e-02,1.703438e-01,9.290900e-05
1.822000e+00,1.242476e-01,3.415126e-02,1.703329e-01,9.055104e-05
1.824000e+00,1.237557e-01,3.374954e-02,1.703204e-01,8.876969e-05
1.826000e+00,1.232697e-01,3.496231e-02,1.703047e-01,8.971382e-05
1.828000e+00,1.229351e-01,3.487528e-02,1.703441e-01,9.133103e-05
1.830000e+00,1.226920e-01,3.223937e-02,1.705083e-01,9.003947e-05
1.832000e+00,1.224437e-01,2.992275e-02,1.706589e-01,8.628811e-05
1.834000e+00,1.221326e-01,3.105021e-02,1.707944e-01,8.521128e-05
1.836000e+00,1.217306e-01,3.372185e-02,1.709168e-01,8.873902e-05
1.838000e+00,1.212575e-01,3.336466e-02,1.710365e-01,9.118117e-05
1.840000e+00,1.207678e-01,3.015801e-02,1.711620e-01,8.821361e-05
1.842000e+00,1.203168e-01,2.913911e-02,1.712957e-01,8.390646e-05
1.844000e+00,1.199278e-01,3.200420e-02,1.714353e-01,8.485534e-05
1.846000e+00,1.195817e-01,3.446142e-02,1.715715e-01,8.879089e-05
1.848000e+00,1.192903e-01,3.357829e-02,1.716945e-01,8.928443e-05
1.850000e+00,1.190607e-01,3.245923e-02,1.718504e-01,8.709763e-05
1.852000e+00,1.187076e-01,3.470775e-02,1.720228e-01,8.844840e-05
1.854000e+00,1.182859e-01,3.875871e-02,1.721896e-01,9.402268e-05
1.856000e+00,1.179106e-01,4.095906e-02,1.723607e-01,9.821984e-05
1.858000e+00,1.178641e-01,4.117721e-02,1.725416e-01,9.871252e-05
1.860000e+00,1.179838e-01,4.237080e-02,1.727302e-01,9.892018e-05
1.862000e+00,1.182040e-01,4.603520e-02,1.729187e-01,1.022909e-04
1.864000e+00,1.184299e-01,5.016280e-02,1.730969e-01,1.074453e-04
1.866000e+00,1.185811e-01,5.187918e-02,1.732578e-01,1.108483e-04
1.868000e+00,1.188751e-01,5.144998e-02,1.734003e-01,1.117084e-04
1.870000e+00,1.190472e-01,5.224494e-02,1.735289e-01,1.128376e-04
1.872000e+00,1.190830e-01,5.570199e-02,1.736515e-01,1.166460e-04
1.874000e+00,1.190217e-01,5.853549e-02,1.738706e-01,1.209713e-04
1.876000e+00,1.189316e-01,5.767238e-02,1.741035e-01,1.217409e-04
1.878000e+00,1.189405e-01,5.528934e-02,1.743396e-01,1.187470e-04
1.880000e+00,1.192513e-01,5.540297e-02,1.745765e-01,1.161522e-04
1.882000e+00,1.195781e-01,5.708174e-02,1.748109e-01,1.164044e-04
1.884000e+00,1.198652e-01,5.643055e-02,1.750394e-01,1.167190e-04
1.886000e+00,1.200734e-01,5.365913e-02,1.752591e-01,1.145246e-04
1.888000e+00,1.202491e-01,5.230663e-02,1.754684e-01,1.116584e-04
1.890000e+00,1.205509e-01,5.302116e-02,1.756930e-01,1.107979e-04
1.892000e+00,1.207264e-01,5.305500e-02,1.759636e-01,1.110504e-04
1.894000e+00,1.207839e-01,5.112860e-02,1.762302e-01,1.100076e-04
1.896000e+00,1.207784e-01,4.945106e-02,1.764954e-01,1.078815e-04
1.898000e+00,1.207811e-01,4.987276e-02,1.767606e-01,1.071005e-04
1.900000e+00,1.208379e-01,5.143590e-02,1.770252e-01,1.087232e-04
1.902000e+00,1.209406e-01,5.184150e-02,1.772862e-01,1.108537e-04
1.904000e+00,1.210269e-01,5.071101e-02,1.775399e-01,1.110478e-04
1.906000e+00,1.210130e-01,5.047169e-02,1.777837e-01,1.097377e-04
1.908000e+00,1.208416e-01,5.337672e-02,1.780177e-01,1.102398e-04
1.910000e+00,1.205193e-01,5.780622e-02,1.782444e-01,1.139224e-04
1.912000e+00,1.201210e-01,5.989583e-02,1.784679e-01,1.174805e-04
1.914000e+00,1.197555e-01,5.947141e-02,1.786922e-01,1.181646e-04
1.916000e+00,1.195098e-01,6.066003e-02,1.789178e-01,1.183913e-04
1.918000e+00,1.194030e-01,6.532384e-02,1.791426e-01,1.218022e-04
1.920000e+00,1.193735e-01,6.994055e-02,1.793627e-01,1.267673e-04
1.922000e+00,1.193095e-01,7.147578e-02,1.795744e-01,1.291877e-04
1.924000e+00,1.191061e-01,7.375810e-02,1.797961e-01,1.299223e-04
1.926000e+00,1.187187e-01,8.164771e-02,1.800339e-01,1.339380e-04
1.928000e+00,1.181874e-01,8.904180e-02,1.802541e-01,1.407961e-04
1.930000e+00,1.176161e-01,9.552207e-02,1.805185e-01,1.466117e-04
1.932000e+00,1.171195e-01,9.839012e-02,1.807800e-01,1.502836e-04
1.934000e+00,1.167669e-01,1.026979e-01,1.810577e-01,1.531663e-04
1.936000e+00,1.165513e-01,1.077047e-01,1.813710e-01,1.568130e-04
1.938000e+00,1.164173e-01,1.120582e-01,1.816653e-01,1.599704e-04
1.940000e+00,1.162523e-01,1.155991e-01,1.819256e-01,1.621737e-04
1.942000e+00,1.158860e-01,1.182638e-01,1.821730e-01,1.639990e-04
1.944000e+00,1.152796e-01,1.205439e-01,1.824411e-01,1.660122e-04
1.946000e+00,1.145359e-01,1.228921e-01,1.827128e-01,1.683998e-04
1.948000e+00,1.137093e-01,1.254442e-01,1.829829e-01,1.708517e-04
1.950000e+00,1.128819e-01,1.249970e-01,1.832671e-01,1.719068e-04
1.952000e+00,1.121438e-01,1.212600e-01,1.835244e-01,1.704607e-04
1.954000e+00,1.115552e-01,1.199914e-01,1.837731e-01,1.686204e-04
1.956000e+00,1.111332e-01,1.212731e-01,1.840179e-01,1.685613e-04
1.958000e+00,1.108487e-01,1.181492e-01,1.842060e-01,1.677369e-04
1.960000e+00,1.106319e-01,1.153873e-01,1.844286e-01,1.654091e-04
1.962000e+00,1.103942e-01,1.162774e-01,1.846604e-01,1.646073e-04
1.964000e+00,1.100605e-01,1.174171e-01,1.848824e-01,1.657815e-04
1.966000e+00,1.095992e-01,1.163582e-01,1.850977e-01,1.667693e-04
1.968000e+00,1.090401e-01,1.183708e-01,1.853117e-01,1.679840e-04
1.970000e+00,1.084718e-01,1.175972e-01,1.854953e-01,1.686300e-04
1.972000e+00,1.080261e-01,1.190407e-01,1.856963e-01,1.684969e-04
1.974000e+00,1.078207e-01,1.227944e-01,1.859180e-01,1.699444e-04
1.976000e+00,1.078198e-01,1.242036e-01,1.861328e-01,1.718379e-04
1.978000e+00,1.079694e-01,1.249342e-01,1.863356e-01,1.728693e-04
1.980000e+00,1.081665e-01,1.252514e-01,1.865621e-01,1.732804e-04
1.982000e+00,1.083081e-01,1.291055e-01,1.868164e-01,1.748986e-04
1.984000e+00,1.083500e-01,1.340044e-01,1.870700e-01,1.786652e-04
1.986000e+00,1.083314e-01,1.359615e-01,1.873265e-01,1.818128e-04
1.988000e+00,1.083480e-01,1.367736e-01,1.875769e-01,1.827079e-04
1.990000e+00,1.084947e-01,1.389038e-01,1.878177e-01,1.829142e-04
1.992000e+00,1.088096e-01,1.427220e-01,1.880576e-01,1.843399e-04
1.994000e+00,1.092485e-01,1.451520e-01,1.882929e-01,1.862124e-04
1.996000e+00,1.097075e-01,1.450752e-01,1.885126e-01,1.865031e-04
1.998000e+00,1.100815e-01,1.448437e-01,1.887277e-01,1.854992e-04
2.000000e+00,1.103247e-01,1.458611e-01,1.889379e-01,1.850688e-04
2.002000e+00,1.104799e-01,1.469928e-01,1.891416e-01,1.855637e-04
2.004000e+00,1.106579e-01,1.466999e-01,1.893380e-01,1.858302e-04
2.006000e+00,1.109775e-01,1.457698e-01,1.895327e-01,1.856639e-04
2.008000e+00,1.114988e-01,1.455169e-01,1.897216e-01,1.859833e-04
2.010000e+00,1.121842e-01,1.463717e-01,1.899093e-01,1.869340e-04
2.012000e+00,1.129101e-01,1.476108e-01,1.900886e-01,1.875596e-04
2.014000e+00,1.135199e-01,1.470936e-01,1.902693e-01,1.866720e-04
2.016000e+00,1.138940e-01,1.452654e-01,1.904545e-01,1.843891e-04
2.018000e+00,1.139988e-01,1.454103e-01,1.906363e-01,1.827962e-04
2.020000e+00,1.139225e-01,1.479226e-01,1.908141e-01,1.833929e-04
2.022000e+00,1.138080e-01,1.495605e-01,1.910482e-01,1.848860e-04
2.024000e+00,1.137484e-01,1.492541e-01,1.912840e-01,1.854420e-04
2.026000e+00,1.138387e-01,1.486481e-01,1.915043e-01,1.852153e-04
2.028000e+00,1.141087e-01,1.499669e-01,1.917180e-01,1.856663e-04
2.030000e+00,1.145209e-01,1.537038e-01,1.919229e-01,1.876607e-04
2.032000e+00,1.149895e-01,1.553994e-01,1.921213e-01,1.895444e-04
2.034000e+00,1.154084e-01,1.528593e-01,1.923368e-01,1.889356e-04
2.036000e+00,1.156822e-01,1.528325e-01,1.925409e-01,1.876071e-04
2.038000e+00,1.157537e-01,1.559080e-01,1.927372e-01,1.883924e-04
2.040000e+00,1.156247e-01,1.595612e-01,1.929328e-01,1.907791e-04
2.042000e+00,1.153610e-01,1.613939e-01,1.931268e-01,1.929398e-04
2.044000e+00,1.150750e-01,1.618220e-01,1.933150e-01,1.940166e-04
2.046000e+00,1.148929e-01,1.619745e-01,1.934937e-01,1.944342e-04
2.048000e+00,1.149069e-01,1.650406e-01,1.936655e-01,1.956837e-04
2.050000e+00,1.150467e-01,1.680908e-01,1.938286e-01,1.978836e-04
2.052000e+00,1.153126e-01,1.686542e-01,1.939938e-01,1.990633e-04
2.054000e+00,1.155405e-01,1.687752e-01,1.941640e-01,1.989197e-04
2.056000e+00,1.156164e-01,1.693320e-01,1.943292e-01,1.988137e-04
2.058000e+00,1.155966e-01,1.711636e-01,1.944925e-01,1.998732e-04
2.060000e+00,1.154261e-01,1.718896e-01,1.946533e-01,2.013920e-04
2.062000e+00,1.151566e-01,1.708286e-01,1.948429e-01,2.016756e-04
2.064000e+00,1.148631e-01,1.703810e-01,1.950458e-01,2.010637e-04
2.066000e+00,1.146089e-01,1.723371e-01,1.952362e-01,2.013362e-04
2.068000e+00,1.144213e-01,1.736467e-01,1.954175e-01,2.023375e-04
2.070000e+00,1.142904e-01,1.723616e-01,1.955958e-01,2.022258e-04
2.072000e+00,1.142310e-01,1.708082e-01,1.957760e-01,2.010592e-04
2.074000e+00,1.142339e-01,1.718745e-01,1.959587e-01,2.008694e-04
2.076000e+00,1.141639e-01,1.743626e-01,1.961406e-01,2.023034e-04
2.078000e+00,1.140771e-01,1.750285e-01,1.963164e-01,2.035372e-04
2.080000e+00,1.140548e-01,1.734952e-01,1.964824e-01,2.031970e-04
2.082000e+00,1.141546e-01,1.723414e-01,1.966382e-01,2.022362e-04
2.084000e+00,1.143782e-01,1.731557e-01,1.967869e-01,2.022258e-04
2.086000e+00,1.146722e-01,1.746489e-01,1.969336e-01,2.031294e-04
2.088000e+00,1.149584e-01,1.747252e-01,1.970822e-01,2.036633e-04
2.090000e+00,1.151757e-01,1.733217e-01,1.972334e-01,2.031871e-04
2.092000e+00,1.153097e-01,1.724945e-01,1.973853e-01,2.024877e-04
2.094000e+00,1.153977e-01,1.735185e-01,1.975339e-01,2.026600e-04
2.096000e+00,1.155098e-01,1.748971e-01,1.976755e-01,2.035372e-04
2.098000e+00,1.157186e-01,1.746731e-01,1.978078e-01,2.039499e-04
2.100000e+00,1.160711e-01,1.737541e-01,1.979308e-01,2.036337e-04
2.102000e+00,1.165743e-01,1.744712e-01,1.980518e-01,2.037479e-04
2.104000e+00,1.171937e-01,1.764467e-01,1.982098e-01,2.048913e-04
2.106000e+00,1.178645e-01,1.770861e-01,1.983675e-01,2.058795e-04
2.108000e+00,1.185099e-01,1.760680e-01,1.985279e-01,2.055996e-04
2.110000e+00,1.190660e-01,1.761413e-01,1.986962e-01,2.049208e-04
2.112000e+00,1.195059e-01,1.776960e-01,1.988617e-01,2.051378e-04
2.114000e+00,1.198567e-01,1.786658e-01,1.990276e-01,2.058877e-04
2.116000e+00,1.201983e-01,1.774846e-01,1.991893e-01,2.059671e-04
2.118000e+00,1.206385e-01,1.755853e-01,1.993405e-01,2.052810e-04
2.120000e+00,1.212678e-01,1.749193e-01,1.994777e-01,2.050149e-04
2.122000e+00,1.221143e-01,1.750817e-01,1.996017e-01,2.057415e-04
2.124000e+00,1.231187e-01,1.742899e-01,1.997168e-01,2.064256e-04
2.126000e+00,1.241477e-01,1.718722e-01,1.998324e-01,2.056142e-04
2.128000e+00,1.250442e-01,1.693815e-01,1.999572e-01,2.032739e-04
2.130000e+00,1.256955e-01,1.677934e-01,2.000951e-01,2.008017e-04
2.132000e+00,1.260859e-01,1.678403e-01,2.002410e-01,1.996107e-04
2.134000e+00,1.263059e-01,1.669271e-01,2.004161e-01,1.992359e-04
2.136000e+00,1.265108e-01,1.649274e-01,2.005971e-01,1.983373e-04
2.138000e+00,1.269060e-01,1.636275e-01,2.007608e-01,1.972890e-04
2.140000e+00,1.274337e-01,1.637138e-01,2.009098e-01,1.971978e-04
2.142000e+00,1.280948e-01,1.625677e-01,2.010352e-01,1.974057e-04
2.144000e+00,1.288595e-01,1.592419e-01,2.011639e-01,1.962020e-04
2.146000e+00,1.295456e-01,1.557182e-01,2.013317e-01,1.936803e-04
2.148000e+00,1.300651e-01,1.549984e-01,2.015175e-01,1.919026e-04
2.150000e+00,1.304120e-01,1.553121e-01,2.017446e-01,1.916792e-04
2.152000e+00,1.307552e-01,1.541737e-01,2.019410e-01,1.915007e-04
2.154000e+00,1.311821e-01,1.514798e-01,2.021268e-01,1.902870e-04
2.156000e+00,1.316522e-01,1.506116e-01,2.023297e-01,1.891386e-04
2.158000e+00,1.321427e-01,1.494894e-01,2.024993e-01,1.886087e-04
2.160000e+00,1.326011e-01,1.493011e-01,2.026566e-01,1.882798e-04
2.162000e+00,1.329753e-01,1.485443e-01,2.028096e-01,1.879460e-04
2.164000e+00,1.332381e-01,1.481978e-01,2.030494e-01,1.875462e-04
2.166000e+00,1.334026e-01,1.461302e-01,2.032645e-01,1.868534e-04
2.168000e+00,1.335206e-01,1.472964e-01,2.034630e-01,1.866491e-04
2.170000e+00,1.336494e-01,1.479437e-01,2.036300e-01,1.871827e-04
2.172000e+00,1.338261e-01,1.470031e-01,2.037753e-01,1.868707e-04
2.174000e+00,1.340609e-01,1.443215e-01,2.039036e-01,1.853703e-04
2.176000e+00,1.343405e-01,1.430137e-01,2.040334e-01,1.837735e-04
2.178000e+00,1.346403e-01,1.427375e-01,2.041612e-01,1.830908e-04
2.180000e+00,1.349342e-01,1.408863e-01,2.042769e-01,1.823184e-04
2.182000e+00,1.351992e-01,1.379292e-01,2.043844e-01,1.806338e-04
2.184000e+00,1.355196e-01,1.359848e-01,2.044881e-01,1.789690e-04
2.186000e+00,1.360931e-01,1.376272e-01,2.046020e-01,1.790165e-04
2.188000e+00,1.365899e-01,1.368792e-01,2.047359e-01,1.795718e-04
2.190000e+00,1.370162e-01,1.338250e-01,2.048765e-01,1.783967e-04
2.192000e+00,1.374198e-01,1.312713e-01,2.050126e-01,1.763139e-04
2.194000e+00,1.378696e-01,1.296207e-01,2.051396e-01,1.746747e-04
2.196000e+00,1.384208e-01,1.294840e-01,2.052528e-01,1.741868e-04
2.198000e+00,1.390821e-01,1.277920e-01,2.053465e-01,1.739685e-04
2.200000e+00,1.398044e-01,1.243595e-01,2.054340e-01,1.724641e-04
2.202000e+00,1.405004e-01,1.204176e-01,2.055635e-01,1.696945e-04
2.204000e+00,1.411013e-01,1.186119e-01,2.057134e-01,1.674630e-04
2.206000e+00,1.415832e-01,1.184316e-01,2.058646e-01,1.671425e-04
2.208000e+00,1.419791e-01,1.182167e-01,2.060099e-01,1.676659e-04
2.210000e+00,1.423842e-01,1.148650e-01,2.061248e-01,1.665521e-04
2.212000e+00,1.429057e-01,1.117482e-01,2.062236e-01,1.639335e-04
2.214000e+00,1.436079e-01,1.104989e-01,2.063144e-01,1.625723e-04
2.216000e+00,1.444836e-01,1.091144e-01,2.063736e-01,1.626110e-04
2.218000e+00,1.454645e-01,1.062850e-01,2.064226e-01,1.618481e-04
2.220000e+00,1.464599e-01,1.042755e-01,2.064885e-01,1.598438e-04
2.222000e+00,1.474029e-01,1.016007e-01,2.066145e-01,1.573872e-04
2.224000e+00,1.482804e-01,9.945361e-02,2.067691e-01,1.552195e-04
2.226000e+00,1.491304e-01,9.725647e-02,2.069205e-01,1.536449e-04
2.228000e+00,1.500073e-01,9.351543e-02,2.070452e-01,1.515764e-04
2.230000e+00,1.509426e-01,9.110371e-02,2.071588e-01,1.495528e-04
2.232000e+00,1.519214e-01,9.132195e-02,2.072643e-01,1.491796e-04
2.234000e+00,1.528884e-01,9.112639e-02,2.073658e-01,1.493322e-04
2.236000e+00,1.537771e-01,8.883397e-02,2.074674e-01,1.479352e-04
2.238000e+00,1.545459e-01,8.638665e-02,2.075791e-01,1.453577e-04
2.240000e+00,1.551968e-01,8.379317e-02,2.077138e-01,1.427566e-04
2.242000e+00,1.557713e-01,8.248856e-02,2.078503e-01,1.408954e-04
2.244000e+00,1.563279e-01,8.106245e-02,2.079717e-01,1.397675e-04
2.246000e+00,1.569145e-01,7.965466e-02,2.081007e-01,1.386832e-04
2.248000e+00,1.575497e-01,7.627977e-02,2.082123e-01,1.367509e-04
2.250000e+00,1.582213e-01,7.391433e-02,2.083095e-01,1.343678e-04
2.252000e+00,1.588986e-01,7.298647e-02,2.084067e-01,1.330174e-04
2.254000e+00,1.595471e-01,7.130430e-02,2.085101e-01,1.318194e-04
2.256000e+00,1.601387e-01,6.795636e-02,2.086195e-01,1.292421e-04
2.258000e+00,1.606556e-01,6.486338e-02,2.087311e-01,1.258945e-04
2.260000e+00,1.610904e-01,6.341176e-02,2.088407e-01,1.236661e-04
2.262000e+00,1.614492e-01,6.215191e-02,2.089445e-01,1.225506e-04
2.264000e+00,1.617543e-01,5.935833e-02,2.090401e-01,1.206900e-04
2.266000e+00,1.620438e-01,5.573984e-02,2.091252e-01,1.174258e-04
2.268000e+00,1.623615e-01,5.300201e-02,2.091993e-01,1.141216e-04
2.270000e+00,1.627375e-01,5.120517e-02,2.092640e-01,1.118612e-04
2.272000e+00,1.631696e-01,4.897236e-02,2.093247e-01,1.098492e-04
2.274000e+00,1.636154e-01,4.558679e-02,2.093900e-01,1.067071e-04
2.276000e+00,1.640069e-01,4.336369e-02,2.094780e-01,1.033079e-04
2.278000e+00,1.642793e-01,4.088809e-02,2.095783e-01,1.007199e-04
2.280000e+00,1.644051e-01,3.925783e-02,2.096868e-01,9.919861e-05
2.282000e+00,1.644147e-01,3.709995e-02,2.097917e-01,9.789788e-05
2.284000e+00,1.643856e-01,3.379208e-02,2.098774e-01,9.435475e-05
2.286000e+00,1.644084e-01,3.071709e-02,2.099331e-01,8.877895e-05
2.288000e+00,1.645448e-01,2.912112e-02,2.099594e-01,8.422749e-05
2.290000e+00,1.648001e-01,2.796956e-02,2.099687e-01,8.204306e-05
2.292000e+00,1.651242e-01,2.576026e-02,2.099799e-01,7.984001e-05
2.294000e+00,1.654380e-01,2.326108e-02,2.100092e-01,7.623756e-05
2.296000e+00,1.656732e-01,2.215400e-02,2.100619e-01,7.355763e-05
2.298000e+00,1.658021e-01,2.197095e-02,2.101305e-01,7.333342e-05
2.300000e+00,1.658439e-01,2.089329e-02,2.102017e-01,7.284858e-05
2.302000e+00,1.658474e-01,1.887151e-02,2.102742e-01,6.966161e-05
2.304000e+00,1.658628e-01,1.769395e-02,2.103206e-01,6.577815e-05
2.306000e+00,1.659190e-01,1.803797e-02,2.103445e-01,6.476111e-05
2.308000e+00,1.660167e-01,1.855133e-02,2.103587e-01,6.610131e-05
2.310000e+00,1.661387e-01,1.868903e-02,2.103869e-01,6.703214e-05
2.312000e+00,1.662632e-01,1.750547e-02,2.104262e-01,6.584330e-05
2.314000e+00,1.663757e-01,1.718712e-02,2.104746e-01,6.406977e-05
2.316000e+00,1.664760e-01,1.831431e-02,2.105262e-01,6.475813e-05
2.318000e+00,1.665701e-01,1.947358e-02,2.105713e-01,6.705031e-05
2.320000e+00,1.666627e-01,1.899045e-02,2.106032e-01,6.773497e-05
2.322000e+00,1.667523e-01,1.739964e-02,2.106213e-01,6.571471e-05
2.324000e+00,1.668339e-01,1.723378e-02,2.106385e-01,6.413652e-05
2.326000e+00,1.669032e-01,1.816743e-02,2.106494e-01,6.550111e-05
2.328000e+00,1.669611e-01,1.854554e-02,2.106600e-01,6.747827e-05
2.330000e+00,1.670139e-01,1.723432e-02,2.106737e-01,6.686032e-05
2.332000e+00,1.670737e-01,1.596603e-02,2.107026e-01,6.409248e-05
2.334000e+00,1.671502e-01,1.525080e-02,2.107281e-01,6.170124e-05
2.336000e+00,1.672510e-01,1.476277e-02,2.107463e-01,6.014526e-05
2.338000e+00,1.673903e-01,1.348139e-02,2.107572e-01,5.805262e-05
2.340000e+00,1.675848e-01,1.191228e-02,2.107570e-01,5.497592e-05
2.342000e+00,1.678461e-01,1.100629e-02,2.107451e-01,5.282854e-05
2.344000e+00,1.681681e-01,1.046904e-02,2.107232e-01,5.231883e-05
2.346000e+00,1.685189e-01,9.403567e-03,2.106974e-01,5.122587e-05
2.348000e+00,1.688437e-01,7.841292e-03,2.106924e-01,4.759546e-05
2.350000e+00,1.690837e-01,6.758133e-03,2.107106e-01,4.262591e-05
2.352000e+00,1.692039e-01,6.758114e-03,2.107452e-01,4.012215e-05
2.354000e+00,1.692135e-01,7.143777e-03,2.107902e-01,4.138966e-05
2.356000e+00,1.691686e-01,6.641049e-03,2.108300e-01,4.220822e-05
2.358000e+00,1.691498e-01,5.207642e-03,2.108479e-01,3.877898e-05
2.360000e+00,1.692266e-01,4.439664e-03,2.108345e-01,3.346300e-05
2.362000e+00,1.694242e-01,5.361889e-03,2.108021e-01,3.373162e-05
2.364000e+00,1.697111e-01,6.691907e-03,2.107675e-01,3.921112e-05
2.366000e+00,1.700123e-01,6.700415e-03,2.107416e-01,4.183676e-05
2.368000e+00,1.702427e-01,5.960529e-03,2.107411e-01,3.947720e-05
2.370000e+00,1.703433e-01,6.393035e-03,2.107681e-01,3.806205e-05
2.372000e+00,1.703043e-01,8.160857e-03,2.108102e-01,4.255791e-05
2.374000e+00,1.701628e-01,9.583138e-03,2.108468e-01,4.829083e-05
2.376000e+00,1.699801e-01,9.865933e-03,2.108597e-01,5.034514e-05
2.378000e+00,1.698116e-01,9.975549e-03,2.108423e-01,4.968651e-05
2.380000e+00,1.696855e-01,1.075106e-02,2.108016e-01,4.985215e-05
2.382000e+00,1.695976e-01,1.173404e-02,2.107533e-01,5.163070e-05
2.384000e+00,1.695221e-01,1.215537e-02,2.107128e-01,5.316498e-05
2.386000e+00,1.694288e-01,1.205753e-02,2.106873e-01,5.369899e-05
2.388000e+00,1.692978e-01,1.209100e-02,2.106734e-01,5.422144e-05
2.390000e+00,1.691258e-01,1.255795e-02,2.106623e-01,5.550301e-05
2.392000e+00,1.689228e-01,1.290989e-02,2.106395e-01,5.675374e-05
2.394000e+00,1.687066e-01,1.253407e-02,2.105997e-01,5.654490e-05
2.396000e+00,1.684957e-01,1.186272e-02,2.105463e-01,5.484900e-05
2.398000e+00,1.683057e-01,1.194847e-02,2.104865e-01,5.369588e-05
2.400000e+00,1.681476e-01,1.267127e-02,2.104279e-01,5.454089e-05
2.402000e+00,1.680244e-01,1.266667e-02,2.103700e-01,5.560949e-05
2.404000e+00,1.679303e-01,1.152262e-02,2.103111e-01,5.461436e-05
2.406000e+00,1.678496e-01,1.069137e-02,2.102487e-01,5.262984e-05
2.408000e+00,1.677621e-01,1.117093e-02,2.101817e-01,5.268132e-05
2.410000e+00,1.676505e-01,1.188173e-02,2.101107e-01,5.448079e-05
2.412000e+00,1.675085e-01,1.150418e-02,2.100374e-01,5.475846e-05
2.414000e+00,1.673436e-01,1.057455e-02,2.099621e-01,5.254306e-05
2.416000e+00,1.671710e-01,1.044787e-02,2.098979e-01,5.046338e-05
2.418000e+00,1.670015e-01,1.122800e-02,2.098288e-01,5.094441e-05
2.420000e+00,1.668297e-01,1.194849e-02,2.098174e-01,5.290076e-05
2.422000e+00,1.666318e-01,1.251104e-02,2.098824e-01,5.442098e-05
2.424000e+00,1.663760e-01,1.288511e-02,2.099880e-01,5.505462e-05
2.426000e+00,1.660423e-01,1.395484e-02,2.101001e-01,5.612072e-05
2.428000e+00,1.656389e-01,1.553240e-02,2.102158e-01,5.890945e-05
2.430000e+00,1.652072e-01,1.671173e-02,2.103279e-01,6.196835e-05
2.432000e+00,1.648074e-01,1.707782e-02,2.104264e-01,6.332310e-05
2.434000e+00,1.646379e-01,1.745989e-02,2.105038e-01,6.365441e-05
2.436000e+00,1.645300e-01,1.872657e-02,2.105598e-01,6.570484e-05
2.438000e+00,1.644201e-01,2.028118e-02,2.106028e-01,6.968676e-05
2.440000e+00,1.642609e-01,2.090559e-02,2.107493e-01,7.243944e-05
2.442000e+00,1.640170e-01,2.083850e-02,2.109135e-01,7.235616e-05
2.444000e+00,1.636850e-01,2.142848e-02,2.110772e-01,7.172947e-05
2.446000e+00,1.633007e-01,2.282700e-02,2.112413e-01,7.300472e-05
2.448000e+00,1.629247e-01,2.377919e-02,2.114050e-01,7.488538e-05
2.450000e+00,1.626145e-01,2.380868e-02,2.115670e-01,7.519194e-05
2.452000e+00,1.623966e-01,2.389471e-02,2.117231e-01,7.474126e-05
2.454000e+00,1.622534e-01,2.493814e-02,2.118757e-01,7.582728e-05
2.456000e+00,1.621328e-01,2.581966e-02,2.120161e-01,7.792201e-05
2.458000e+00,1.619734e-01,2.600221e-02,2.121508e-01,7.880095e-05
2.460000e+00,1.617339e-01,2.591336e-02,2.122845e-01,7.834145e-05
2.462000e+00,1.615446e-01,2.635294e-02,2.124208e-01,7.821462e-05
2.464000e+00,1.612673e-01,2.733133e-02,2.125612e-01,7.941035e-05
2.466000e+00,1.608986e-01,2.833664e-02,2.127135e-01,8.117849e-05
2.468000e+00,1.604750e-01,2.832457e-02,2.128612e-01,8.195449e-05
2.470000e+00,1.600380e-01,2.862661e-02,2.130291e-01,8.190992e-05
2.472000e+00,1.597425e-01,2.941229e-02,2.131760e-01,8.244533e-05
2.474000e+00,1.594861e-01,3.093734e-02,2.133078e-01,8.409415e-05
2.476000e+00,1.592250e-01,3.040911e-02,2.134180e-01,8.486789e-05
2.478000e+00,1.589459e-01,2.983931e-02,2.135358e-01,8.409649e-05
2.480000e+00,1.586303e-01,3.007108e-02,2.136640e-01,8.370676e-05
2.482000e+00,1.582867e-01,3.165709e-02,2.137992e-01,8.499977e-05
2.484000e+00,1.579321e-01,3.349611e-02,2.139294e-01,8.762951e-05
2.486000e+00,1.575831e-01,3.422343e-02,2.140554e-01,8.958874e-05
2.488000e+00,1.572507e-01,3.400630e-02,2.141776e-01,8.993181e-05
2.490000e+00,1.569402e-01,3.427481e-02,2.142942e-01,8.986482e-05
2.492000e+00,1.566495e-01,3.550716e-02,2.144041e-01,9.082270e-05
2.494000e+00,1.563692e-01,3.708222e-02,2.145441e-01,9.264823e-05
2.496000e+00,1.560840e-01,3.789962e-02,2.147059e-01,9.413955e-05
2.498000e+00,1.557849e-01,3.689560e-02,2.148441e-01,9.404494e-05
2.500000e+00,1.554662e-01,3.760783e-02,2.149932e-01,9.420233e-05
2.502000e+00,1.551318e-01,3.860097e-02,2.151467e-01,9.585208e-05
2.504000e+00,1.548071e-01,3.949052e-02,2.153006e-01,9.742277e-05
2.506000e+00,1.545249e-01,4.005683e-02,2.154537e-01,9.809904e-05
2.508000e+00,1.543107e-01,4.074695e-02,2.156041e-01,9.818183e-05
2.510000e+00,1.541680e-01,4.194839e-02,2.157496e-01,9.888739e-05
2.512000e+00,1.540748e-01,4.313099e-02,2.158888e-01,1.004648e-04
2.514000e+00,1.539917e-01,4.171613e-02,2.160032e-01,1.006210e-04
2.516000e+00,1.538801e-01,4.162091e-02,2.161287e-01,9.979964e-05
2.518000e+00,1.537211e-01,4.267054e-02,2.162554e-01,1.004273e-04
2.520000e+00,1.535244e-01,4.441071e-02,2.163888e-01,1.023885e-04
2.522000e+00,1.533240e-01,4.541541e-02,2.165193e-01,1.041303e-04
2.524000e+00,1.531603e-01,4.527186e-02,2.166480e-01,1.042124e-04
2.526000e+00,1.530564e-01,4.586760e-02,2.167790e-01,1.039063e-04
2.528000e+00,1.530072e-01,4.728151e-02,2.168968e-01,1.050689e-04
2.530000e+00,1.529829e-01,4.902639e-02,2.170065e-01,1.073510e-04
2.532000e+00,1.529438e-01,4.993831e-02,2.171096e-01,1.091169e-04
2.534000e+00,1.528607e-01,5.019120e-02,2.172079e-01,1.095895e-04
2.536000e+00,1.527272e-01,5.075300e-02,2.173032e-01,1.097413e-04
2.538000e+00,1.525595e-01,5.204009e-02,2.173971e-01,1.106317e-04
2.540000e+00,1.523835e-01,5.348621e-02,2.174907e-01,1.121023e-04
2.542000e+00,1.522164e-01,5.436015e-02,2.175890e-01,1.132586e-04
2.544000e+00,1.520573e-01,5.458151e-02,2.176833e-01,1.136709e-04
2.546000e+00,1.518914e-01,5.198261e-02,2.177546e-01,1.123657e-04
2.548000e+00,1.516919e-01,5.267154e-02,2.178409e-01,1.115737e-04
2.550000e+00,1.514355e-01,5.384156e-02,2.179374e-01,1.127951e-04
2.552000e+00,1.511200e-01,5.402657e-02,2.180191e-01,1.135946e-04
2.554000e+00,1.507607e-01,5.430694e-02,2.180915e-01,1.137547e-04
2.556000e+00,1.503808e-01,5.543479e-02,2.181584e-01,1.144081e-04
2.558000e+00,1.500008e-01,5.671309e-02,2.182381e-01,1.156525e-04
2.560000e+00,1.496311e-01,5.721117e-02,2.183651e-01,1.165347e-04
2.562000e+00,1.492671e-01,5.732248e-02,2.184974e-01,1.167353e-04
2.564000e+00,1.488959e-01,5.838056e-02,2.186940e-01,1.172725e-04
2.566000e+00,1.485028e-01,6.004149e-02,2.188830e-01,1.187095e-04
2.568000e+00,1.480704e-01,6.131306e-02,2.190647e-01,1.202567e-04
2.570000e+00,1.475826e-01,6.199124e-02,2.192391e-01,1.212491e-04
2.572000e+00,1.470306e-01,6.280633e-02,2.194070e-01,1.219970e-04
2.574000e+00,1.464182e-01,6.426888e-02,2.195694e-01,1.231902e-04
2.576000e+00,1.457661e-01,6.608482e-02,2.197275e-01,1.249320e-04
2.578000e+00,1.451092e-01,6.693014e-02,2.198853e-01,1.262721e-04
2.580000e+00,1.444855e-01,6.812168e-02,2.200382e-01,1.270569e-04
2.582000e+00,1.439196e-01,6.938890e-02,2.201839e-01,1.278615e-04
2.584000e+00,1.434097e-01,7.107958e-02,2.203263e-01,1.289458e-04
2.586000e+00,1.429236e-01,6.945432e-02,2.204482e-01,1.289614e-04
2.588000e+00,1.424359e-01,6.790270e-02,2.205680e-01,1.275018e-04
2.590000e+00,1.419169e-01,6.285018e-02,2.206743e-01,1.242259e-04
2.592000e+00,1.413465e-01,6.131858e-02,2.207906e-01,1.213126e-04
2.594000e+00,1.407388e-01,6.290471e-02,2.209105e-01,1.220535e-04
2.596000e+00,1.401263e-01,6.424116e-02,2.210248e-01,1.239062e-04
2.598000e+00,1.395602e-01,6.224353e-02,2.211521e-01,1.231983e-04
2.600000e+00,1.390733e-01,6.252068e-02,2.212880e-01,1.215625e-04
2.602000e+00,1.386635e-01,6.073392e-02,2.214000e-01,1.203562e-04
2.604000e+00,1.382933e-01,5.913149e-02,2.215059e-01,1.187056e-04
2.606000e+00,1.379072e-01,5.958440e-02,2.216221e-01,1.182601e-04
2.608000e+00,1.374575e-01,5.971558e-02,2.217386e-01,1.187310e-04
2.610000e+00,1.369240e-01,6.029833e-02,2.218546e-01,1.195666e-04
2.612000e+00,1.363175e-01,6.114494e-02,2.219699e-01,1.209155e-04
2.614000e+00,1.356728e-01,5.861496e-02,2.220701e-01,1.205745e-04
2.616000e+00,1.350238e-01,5.941639e-02,2.221733e-01,1.198011e-04
2.618000e+00,1.343901e-01,5.993854e-02,2.222712e-01,1.201171e-04
2.620000e+00,1.337804e-01,6.104716e-02,2.223583e-01,1.205585e-04
2.622000e+00,1.331943e-01,6.278028e-02,2.224359e-01,1.217816e-04
2.624000e+00,1.326334e-01,6.447480e-02,2.225057e-01,1.234663e-04
2.626000e+00,1.321154e-01,6.347051e-02,2.225629e-01,1.238749e-04
2.628000e+00,1.316530e-01,6.366828e-02,2.226167e-01,1.235444e-04
2.630000e+00,1.312432e-01,6.388204e-02,2.226637e-01,1.237843e-04
2.632000e+00,1.308791e-01,6.530642e-02,2.227150e-01,1.245509e-04
2.634000e+00,1.305424e-01,6.691815e-02,2.227648e-01,1.258442e-04
2.636000e+00,1.302114e-01,6.853309e-02,2.228257e-01,1.271370e-04
2.638000e+00,1.298786e-01,6.963552e-02,2.228985e-01,1.282371e-04
2.640000e+00,1.295473e-01,6.912387e-02,2.229534e-01,1.285200e-04
2.642000e+00,1.292248e-01,7.160331e-02,2.230105e-01,1.294743e-04
2.644000e+00,1.289256e-01,7.356168e-02,2.230619e-01,1.314139e-04
2.646000e+00,1.286660e-01,7.236949e-02,2.230971e-01,1.317041e-04
2.648000e+00,1.285233e-01,6.711165e-02,2.231078e-01,1.288835e-04
2.650000e+00,1.284087e-01,6.907087e-02,2.231374e-01,1.276202e-04
2.652000e+00,1.282784e-01,7.093703e-02,2.231688e-01,1.294354e-04
2.654000e+00,1.281363e-01,7.211712e-02,2.231947e-01,1.307393e-04
2.656000e+00,1.279996e-01,7.310370e-02,2.232156e-01,1.314899e-04
2.658000e+00,1.278861e-01,7.344725e-02,2.232264e-01,1.319523e-04
2.660000e+00,1.277958e-01,7.558224e-02,2.232331e-01,1.330917e-04
2.662000e+00,1.277048e-01,7.759247e-02,2.232342e-01,1.348430e-04
2.664000e+00,1.275783e-01,7.696800e-02,2.232285e-01,1.351381e-04
2.666000e+00,1.273891e-01,7.850274e-02,2.232382e-01,1.352167e-04
2.668000e+00,1.271383e-01,7.509585e-02,2.232283e-01,1.344726e-04
2.670000e+00,1.268598e-01,7.628090e-02,2.232301e-01,1.338387e-04
2.672000e+00,1.266055e-01,7.730695e-02,2.232389e-01,1.349407e-04
2.674000e+00,1.264211e-01,7.765805e-02,2.232541e-01,1.356876e-04
2.676000e+00,1.263165e-01,7.973380e-02,2.232631e-01,1.370543e-04
2.678000e+00,1.262538e-01,8.184722e-02,2.232653e-01,1.390857e-04
2.680000e+00,1.261596e-01,8.201259e-02,2.232583e-01,1.399442e-04
2.682000e+00,1.259544e-01,8.310235e-02,2.232513e-01,1.401658e-04
2.684000e+00,1.255867e-01,8.487207e-02,2.232424e-01,1.413302e-04
2.686000e+00,1.250565e-01,8.733503e-02,2.232301e-01,1.434393e-04
2.688000e+00,1.244143e-01,8.973307e-02,2.232127e-01,1.457464e-04
2.690000e+00,1.237388e-01,9.153193e-02,2.231888e-01,1.473745e-04
2.692000e+00,1.231063e-01,9.313302e-02,2.231576e-01,1.483664e-04
2.694000e+00,1.225639e-01,9.535132e-02,2.231192e-01,1.495130e-04
2.696000e+00,1.221196e-01,9.823771e-02,2.230744e-01,1.513056e-04
2.698000e+00,1.217479e-01,1.008940e-01,2.230243e-01,1.533282e-04
2.700000e+00,1.214049e-01,1.027685e-01,2.229708e-01,1.549134e-04
2.702000e+00,1.210455e-01,1.045059e-01,2.229310e-01,1.561418e-04
2.704000e+00,1.206344e-01,1.067525e-01,2.228891e-01,1.576210e-04
2.706000e+00,1.201517e-01,1.092662e-01,2.228459e-01,1.594994e-04
2.708000e+00,1.195947e-01,1.107937e-01,2.227993e-01,1.610747e-04
2.710000e+00,1.189776e-01,1.119693e-01,2.227478e-01,1.619974e-04
2.712000e+00,1.183307e-01,1.133818e-01,2.227193e-01,1.627346e-04
2.714000e+00,1.176948e-01,1.142328e-01,2.226883e-01,1.633071e-04
2.716000e+00,1.171092e-01,1.152582e-01,2.226479e-01,1.637077e-04
2.718000e+00,1.165976e-01,1.156352e-01,2.226003e-01,1.639270e-04
2.720000e+00,1.161576e-01,1.160194e-01,2.225503e-01,1.640023e-04
2.722000e+00,1.157609e-01,1.168766e-01,2.225008e-01,1.644199e-04
2.724000e+00,1.153662e-01,1.178164e-01,2.224523e-01,1.651899e-04
2.726000e+00,1.149393e-01,1.181457e-01,2.224026e-01,1.657884e-04
2.728000e+00,1.144702e-01,1.178104e-01,2.223478e-01,1.657860e-04
2.730000e+00,1.139763e-01,1.174999e-01,2.222837e-01,1.653822e-04
2.732000e+00,1.134921e-01,1.177463e-01,2.222088e-01,1.651642e-04
2.734000e+00,1.130501e-01,1.181596e-01,2.221251e-01,1.653050e-04
2.736000e+00,1.126648e-01,1.179847e-01,2.220374e-01,1.653162e-04
2.738000e+00,1.123304e-01,1.173173e-01,2.219512e-01,1.648562e-04
2.740000e+00,1.120308e-01,1.170131e-01,2.218692e-01,1.643484e-04
2.742000e+00,1.117556e-01,1.172826e-01,2.218205e-01,1.642901e-04
2.744000e+00,1.116401e-01,1.173237e-01,2.217678e-01,1.643663e-04
2.746000e+00,1.115766e-01,1.166992e-01,2.217041e-01,1.639906e-04
2.748000e+00,1.115634e-01,1.160707e-01,2.216259e-01,1.633691e-04
2.750000e+00,1.115966e-01,1.160160e-01,2.215356e-01,1.631667e-04
2.752000e+00,1.116504e-01,1.160489e-01,2.214405e-01,1.633287e-04
2.754000e+00,1.116875e-01,1.155026e-01,2.213487e-01,1.631485e-04
2.756000e+00,1.116785e-01,1.146305e-01,2.212652e-01,1.624370e-04
2.758000e+00,1.116214e-01,1.141041e-01,2.211894e-01,1.617811e-04
2.760000e+00,1.115464e-01,1.139185e-01,2.211150e-01,1.615808e-04
2.762000e+00,1.115033e-01,1.134323e-01,2.210340e-01,1.614973e-04
2.764000e+00,1.115380e-01,1.122893e-01,2.209399e-01,1.610404e-04
2.766000e+00,1.116710e-01,1.108777e-01,2.208308e-01,1.602475e-04
2.768000e+00,1.118880e-01,1.098242e-01,2.207098e-01,1.595637e-04
2.770000e+00,1.121470e-01,1.091774e-01,2.205831e-01,1.592148e-04
2.772000e+00,1.123965e-01,1.083237e-01,2.204566e-01,1.588853e-04
2.774000e+00,1.125948e-01,1.069032e-01,2.203388e-01,1.581442e-04
2.776000e+00,1.127216e-01,1.054483e-01,2.202480e-01,1.571101e-04
2.778000e+00,1.127792e-01,1.045949e-01,2.201601e-01,1.563550e-04
2.780000e+00,1.127862e-01,1.041436e-01,2.200716e-01,1.561049e-04
2.782000e+00,1.127694e-01,1.031086e-01,2.199777e-01,1.558250e-04
2.784000e+00,1.127571e-01,1.016245e-01,2.198755e-01,1.550969e-04
2.786000e+00,1.127734e-01,1.004016e-01,2.197629e-01,1.542627e-04
2.788000e+00,1.128328e-01,9.967659e-02,2.196406e-01,1.537394e-04
2.790000e+00,1.129328e-01,9.858586e-02,2.195109e-01,1.532523e-04
2.792000e+00,1.130502e-01,9.606653e-02,2.194060e-01,1.519316e-04
2.794000e+00,1.131449e-01,9.350885e-02,2.193075e-01,1.499128e-04
2.796000e+00,1.131731e-01,9.123059e-02,2.192250e-01,1.479893e-04
2.798000e+00,1.131078e-01,9.034042e-02,2.191272e-01,1.468980e-04
2.800000e+00,1.129532e-01,8.863135e-02,2.190324e-01,1.461422e-04
2.802000e+00,1.127470e-01,8.565562e-02,2.189404e-01,1.443776e-04
2.804000e+00,1.125440e-01,8.422956e-02,2.188224e-01,1.424998e-04
2.806000e+00,1.123897e-01,8.304588e-02,2.186997e-01,1.412621e-04
2.808000e+00,1.122980e-01,8.212851e-02,2.185509e-01,1.402978e-04
2.810000e+00,1.122450e-01,7.962189e-02,2.184077e-01,1.388069e-04
2.812000e+00,1.121837e-01,7.776725e-02,2.182697e-01,1.369437e-04
2.814000e+00,1.120711e-01,7.646468e-02,2.181395e-01,1.357291e-04
2.816000e+00,1.118938e-01,7.589687e-02,2.180113e-01,1.352172e-04
2.818000e+00,1.116753e-01,7.524127e-02,2.178806e-01,1.349043e-04
2.820000e+00,1.114634e-01,7.288373e-02,2.177517e-01,1.334190e-04
2.822000e+00,1.113033e-01,7.131265e-02,2.176000e-01,1.312788e-04
2.824000e+00,1.112124e-01,6.960289e-02,2.174606e-01,1.294835e-04
2.826000e+00,1.111715e-01,6.822806e-02,2.173185e-01,1.279040e-04
2.828000e+00,1.111361e-01,6.694546e-02,2.171777e-01,1.265562e-04
2.830000e+00,1.111012e-01,6.499588e-02,2.170497e-01,1.249730e-04
2.832000e+00,1.110454e-01,6.346361e-02,2.169130e-01,1.234158e-04
2.834000e+00,1.109370e-01,6.275214e-02,2.167794e-01,1.225148e-04
2.836000e+00,1.108096e-01,6.205421e-02,2.166372e-01,1.217917e-04
2.838000e+00,1.107004e-01,6.021460e-02,2.164974e-01,1.202135e-04
2.840000e+00,1.106336e-01,5.898645e-02,2.163255e-01,1.183578e-04
2.842000e+00,1.106121e-01,5.814723e-02,2.161357e-01,1.172194e-04
2.844000e+00,1.106233e-01,5.762912e-02,2.159418e-01,1.166252e-04
2.846000e+00,1.106501e-01,5.695348e-02,2.157500e-01,1.161412e-04
2.848000e+00,1.106800e-01,5.423085e-02,2.155980e-01,1.143980e-04
2.850000e+00,1.107072e-01,5.291760e-02,2.154357e-01,1.122586e-04
2.852000e+00,1.107294e-01,5.221798e-02,2.152574e-01,1.112520e-04
2.854000e+00,1.107439e-01,5.146201e-02,2.150910e-01,1.106369e-04
2.856000e+00,1.107478e-01,5.014643e-02,2.149329e-01,1.096757e-04
2.858000e+00,1.107439e-01,4.838318e-02,2.147399e-01,1.080388e-04
2.860000e+00,1.107470e-01,4.714523e-02,2.145362e-01,1.063982e-04
2.862000e+00,1.107830e-01,4.604157e-02,2.143548e-01,1.051724e-04
2.864000e+00,1.108782e-01,4.526058e-02,2.141864e-01,1.042254e-04
2.866000e+00,1.110434e-01,4.399217e-02,2.139996e-01,1.031096e-04
2.868000e+00,1.112626e-01,4.187161e-02,2.137944e-01,1.010746e-04
2.870000e+00,1.114982e-01,4.046862e-02,2.136257e-01,9.886743e-05
2.872000e+00,1.117073e-01,3.936123e-02,2.134553e-01,9.720884e-05
2.874000e+00,1.118627e-01,3.773421e-02,2.133169e-01,9.543918e-05
2.876000e+00,1.119667e-01,3.566431e-02,2.131643e-01,9.305265e-05
2.878000e+00,1.120498e-01,3.452933e-02,2.129928e-01,9.090870e-05
2.880000e+00,1.121533e-01,3.372604e-02,2.128051e-01,8.967464e-05
2.882000e+00,1.123044e-01,3.296678e-02,2.126025e-01,8.885385e-05
2.884000e+00,1.125014e-01,3.189337e-02,2.123964e-01,8.783366e-05
2.886000e+00,1.127168e-01,3.052344e-02,2.121864e-01,8.609380e-05
2.888000e+00,1.129147e-01,2.969119e-02,2.119835e-01,8.431930e-05
2.890000e+00,1.130730e-01,2.895449e-02,2.117733e-01,8.317820e-05
2.892000e+00,1.131981e-01,2.841229e-02,2.115698e-01,8.253347e-05
2.894000e+00,1.133199e-01,2.692831e-02,2.113640e-01,8.119075e-05
2.896000e+00,1.134707e-01,2.575713e-02,2.111473e-01,7.909218e-05
2.898000e+00,1.136618e-01,2.540403e-02,2.109202e-01,7.780820e-05
2.900000e+00,1.138719e-01,2.530418e-02,2.106859e-01,7.743579e-05
2.902000e+00,1.140551e-01,2.501162e-02,2.104307e-01,7.700373e-05
2.904000e+00,1.141642e-01,2.446011e-02,2.101912e-01,7.619883e-05
2.906000e+00,1.141772e-01,2.463654e-02,2.099649e-01,7.602636e-05
2.908000e+00,1.141102e-01,2.460839e-02,2.097460e-01,7.652664e-05
2.910000e+00,1.140110e-01,2.452166e-02,2.095268e-01,7.664256e-05
2.912000e+00,1.139363e-01,2.425933e-02,2.093070e-01,7.615473e-05
2.914000e+00,1.139256e-01,2.394675e-02,2.090689e-01,7.534860e-05
2.916000e+00,1.139854e-01,2.381442e-02,2.088184e-01,7.483597e-05
2.918000e+00,1.140909e-01,2.401000e-02,2.085621e-01,7.489781e-05
2.920000e+00,1.142018e-01,2.358935e-02,2.083158e-01,7.474960e-05
2.922000e+00,1.142822e-01,2.280096e-02,2.080784e-01,7.380305e-05
2.924000e+00,1.143146e-01,2.204926e-02,2.078464e-01,7.265215e-05
2.926000e+00,1.143025e-01,2.192832e-02,2.076141e-01,7.215683e-05
2.928000e+00,1.142640e-01,2.170320e-02,2.073786e-01,7.209506e-05
2.930000e+00,1.142232e-01,2.093094e-02,2.071320e-01,7.128477e-05
2.932000e+00,1.142045e-01,1.983632e-02,2.068636e-01,6.948799e-05
2.934000e+00,1.142289e-01,1.904835e-02,2.065913e-01,6.766579e-05
2.936000e+00,1.143113e-01,1.896043e-02,2.063147e-01,6.693775e-05
2.938000e+00,1.144553e-01,1.857562e-02,2.060367e-01,6.669071e-05
2.940000e+00,1.146471e-01,1.765897e-02,2.057579e-01,6.559623e-05
2.942000e+00,1.148544e-01,1.681217e-02,2.054798e-01,6.389795e-05
2.944000e+00,1.150325e-01,1.626868e-02,2.052070e-01,6.252483e-05
2.946000e+00,1.151412e-01,1.596882e-02,2.049397e-01,6.180952e-05
2.948000e+00,1.151630e-01,1.546782e-02,2.046732e-01,6.122024e-05
2.950000e+00,1.151141e-01,1.471138e-02,2.044017e-01,6.008193e-05
2.952000e+00,1.150410e-01,1.405124e-02,2.040899e-01,5.854980e-05
2.954000e+00,1.150011e-01,1.381143e-02,2.037783e-01,5.749892e-05
2.956000e+00,1.150372e-01,1.373849e-02,2.034574e-01,5.727211e-05
2.958000e+00,1.151585e-01,1.348492e-02,2.031667e-01,5.716153e-05
2.960000e+00,1.153387e-01,1.307708e-02,2.028878e-01,5.649034e-05
2.962000e+00,1.155307e-01,1.298014e-02,2.026184e-01,5.574917e-05
2.964000e+00,1.156912e-01,1.329676e-02,2.023551e-01,5.586504e-05
2.966000e+00,1.158002e-01,1.338316e-02,2.020985e-01,5.636281e-05
2.968000e+00,1.158664e-01,1.296203e-02,2.018402e-01,5.606878e-05
2.970000e+00,1.159150e-01,1.256087e-02,2.015733e-01,5.524931e-05
2.972000e+00,1.159697e-01,1.269801e-02,2.012965e-01,5.526205e-05
2.974000e+00,1.160370e-01,1.300379e-02,2.010101e-01,5.614213e-05
2.976000e+00,1.161051e-01,1.277873e-02,2.007422e-01,5.627579e-05
2.978000e+00,1.161550e-01,1.211031e-02,2.004831e-01,5.490260e-05
2.980000e+00,1.161763e-01,1.161679e-02,2.002319e-01,5.316503e-05
2.982000e+00,1.161772e-01,1.157705e-02,1.999843e-01,5.239782e-05
2.984000e+00,1.161815e-01,1.148917e-02,1.997337e-01,5.222854e-05
2.986000e+00,1.162161e-01,1.101771e-02,1.994728e-01,5.150662e-05
2.988000e+00,1.162960e-01,1.042486e-02,1.991821e-01,5.021315e-05
2.990000e+00,1.164164e-01,1.024383e-02,1.989114e-01,4.943268e-05
2.992000e+00,1.165556e-01,1.027409e-02,1.986341e-01,4.953149e-05
2.994000e+00,1.166860e-01,1.018787e-02,1.983550e-01,4.954312e-05
2.996000e+00,1.167862e-01,9.755971e-03,1.980853e-01,4.874243e-05
2.998000e+00,1.168483e-01,9.356345e-03,1.978216e-01,4.748937e-05
3.000000e+00,1.168776e-01,9.296033e-03,1.975632e-01,4.688197e-05
3.002000e+00,1.168883e-01,9.390678e-03,1.972980e-01,4.707896e-05
3.004000e+00,1.168969e-01,9.099916e-03,1.970193e-01,4.687742e-05
3.006000e+00,1.169183e-01,8.524717e-03,1.967388e-01,4.557557e-05
3.008000e+00,1.169626e-01,8.340077e-03,1.964669e-01,4.433966e-05
3.010000e+00,1.170322e-01,9.238751e-03,1.962109e-01,4.514416e-05
3.012000e+00,1.171175e-01,9.856458e-03,1.959412e-01,4.707666e-05
3.014000e+00,1.171955e-01,1.002793e-02,1.956648e-01,4.788718e-05
3.016000e+00,1.172347e-01,1.020112e-02,1.953737e-01,4.810823e-05
3.018000e+00,1.172061e-01,1.077580e-02,1.951008e-01,4.913674e-05
3.020000e+00,1.170981e-01,1.218839e-02,1.948477e-01,5.190728e-05
3.022000e+00,1.169261e-01,1.302372e-02,1.945938e-01,5.488988e-05
3.024000e+00,1.167316e-01,1.333270e-02,1.943221e-01,5.611444e-05
3.026000e+00,1.165671e-01,1.375120e-02,1.940448e-01,5.634389e-05
3.028000e+00,1.164742e-01,1.441804e-02,1.937403e-01,5.684921e-05
3.030000e+00,1.164638e-01,1.520659e-02,1.934324e-01,5.808216e-05
3.032000e+00,1.165116e-01,1.737348e-02,1.931106e-01,6.087353e-05
3.034000e+00,1.165691e-01,1.787804e-02,1.927786e-01,6.336258e-05
3.036000e+00,1.165878e-01,1.848820e-02,1.924811e-01,6.438308e-05
3.038000e+00,1.165440e-01,1.941595e-02,1.922131e-01,6.603372e-05
3.040000e+00,1.164496e-01,2.451266e-02,1.919525e-01,7.114646e-05
3.042000e+00,1.163443e-01,2.658782e-02,1.916818e-01,7.682624e-05
3.044000e+00,1.162733e-01,2.758585e-02,1.913606e-01,7.884239e-05
3.046000e+00,1.162671e-01,3.192019e-02,1.910496e-01,8.226426e-05
3.048000e+00,1.163269e-01,3.472532e-02,1.907753e-01,8.708715e-05
3.050000e+00,1.164281e-01,3.679773e-02,1.905370e-01,9.032637e-05
3.052000e+00,1.165367e-01,3.829151e-02,1.903143e-01,9.256643e-05
3.054000e+00,1.166276e-01,3.974229e-02,1.900995e-01,9.433517e-05
3.056000e+00,1.166955e-01,4.140924e-02,1.898879e-01,9.618879e-05
3.058000e+00,1.167544e-01,4.301021e-02,1.896733e-01,9.804108e-05
3.060000e+00,1.168264e-01,4.422434e-02,1.894507e-01,9.951379e-05
3.062000e+00,1.169286e-01,4.511951e-02,1.892190e-01,1.005813e-04
3.064000e+00,1.170637e-01,4.599522e-02,1.889817e-01,1.015485e-04
3.066000e+00,1.172194e-01,4.695588e-02,1.887590e-01,1.025989e-04
3.068000e+00,1.173749e-01,4.777433e-02,1.885431e-01,1.035770e-04
3.070000e+00,1.175107e-01,4.822651e-02,1.883332e-01,1.042182e-04
3.072000e+00,1.176162e-01,4.844306e-02,1.881270e-01,1.045225e-04
3.074000e+00,1.176936e-01,4.870712e-02,1.879198e-01,1.047763e-04
3.076000e+00,1.177561e-01,4.895583e-02,1.877073e-01,1.051110e-04
3.078000e+00,1.178231e-01,4.886151e-02,1.874875e-01,1.052591e-04
3.080000e+00,1.179382e-01,4.843549e-02,1.872609e-01,1.050067e-04
3.082000e+00,1.181965e-01,4.807937e-02,1.870313e-01,1.046268e-04
3.084000e+00,1.184895e-01,4.788383e-02,1.868012e-01,1.044503e-04
3.086000e+00,1.188001e-01,4.742818e-02,1.865851e-01,1.042419e-04
3.088000e+00,1.190990e-01,4.649608e-02,1.863748e-01,1.035354e-04
3.090000e+00,1.193529e-01,4.548331e-02,1.861670e-01,1.024168e-04
3.092000e+00,1.195358e-01,4.478487e-02,1.859620e-01,1.014374e-04
3.094000e+00,1.196415e-01,4.419944e-02,1.857594e-01,1.007907e-04
3.096000e+00,1.196889e-01,4.328295e-02,1.855573e-01,1.000639e-04
3.098000e+00,1.197176e-01,4.200895e-02,1.853521e-01,9.887536e-05
3.100000e+00,1.197733e-01,4.076674e-02,1.851398e-01,9.739321e-05
3.102000e+00,1.198892e-01,3.983082e-02,1.849178e-01,9.610870e-05
3.104000e+00,1.200713e-01,3.904722e-02,1.846870e-01,9.522073e-05
3.106000e+00,1.202956e-01,3.806848e-02,1.844545e-01,9.437396e-05
3.108000e+00,1.205189e-01,3.682824e-02,1.842401e-01,9.312787e-05
3.110000e+00,1.206992e-01,3.564138e-02,1.840336e-01,9.161011e-05
3.112000e+00,1.208165e-01,3.473158e-02,1.838362e-01,9.037169e-05
3.114000e+00,1.208816e-01,3.386977e-02,1.836443e-01,8.951040e-05
3.116000e+00,1.209306e-01,3.275973e-02,1.834506e-01,8.847147e-05
3.118000e+00,1.210057e-01,3.156015e-02,1.832485e-01,8.696741e-05
3.120000e+00,1.211349e-01,3.060512e-02,1.830353e-01,8.545017e-05
3.122000e+00,1.213186e-01,2.979105e-02,1.828134e-01,8.429225e-05
3.124000e+00,1.215325e-01,2.874869e-02,1.825892e-01,8.316006e-05
3.126000e+00,1.217414e-01,2.750434e-02,1.823691e-01,8.173495e-05
3.128000e+00,1.219187e-01,2.642923e-02,1.821582e-01,8.037404e-05
3.130000e+00,1.220594e-01,2.560543e-02,1.819672e-01,7.943932e-05
3.132000e+00,1.221818e-01,2.467422e-02,1.817762e-01,7.850321e-05
3.134000e+00,1.223162e-01,2.344377e-02,1.815794e-01,7.692315e-05
3.136000e+00,1.224897e-01,2.217827e-02,1.813899e-01,7.482447e-05
3.138000e+00,1.227138e-01,2.119279e-02,1.812005e-01,7.290882e-05
3.140000e+00,1.229809e-01,2.041737e-02,1.810075e-01,7.148906e-05
3.142000e+00,1.232709e-01,1.950883e-02,1.808149e-01,7.016556e-05
3.144000e+00,1.235624e-01,1.832010e-02,1.806249e-01,6.846371e-05
3.146000e+00,1.238431e-01,1.712962e-02,1.804372e-01,6.647527e-05
3.148000e+00,1.241142e-01,1.626709e-02,1.802494e-01,6.470604e-05
3.150000e+00,1.243871e-01,1.568231e-02,1.800589e-01,6.337497e-05
3.152000e+00,1.246763e-01,1.493479e-02,1.798635e-01,6.200510e-05
3.154000e+00,1.249910e-01,1.393869e-02,1.796713e-01,6.012772e-05
3.156000e+00,1.253300e-01,1.309831e-02,1.794861e-01,5.815715e-05
3.158000e+00,1.256810e-01,1.263613e-02,1.792990e-01,5.682586e-05
3.160000e+00,1.260231e-01,1.222683e-02,1.791118e-01,5.596976e-05
3.162000e+00,1.263327e-01,1.157123e-02,1.789255e-01,5.476994e-05
3.164000e+00,1.265892e-01,1.090113e-02,1.787403e-01,5.312795e-05
3.166000e+00,1.267813e-01,1.056250e-02,1.785559e-01,5.183095e-05
3.168000e+00,1.269106e-01,1.044544e-02,1.783712e-01,5.124259e-05
3.170000e+00,1.269933e-01,1.020997e-02,1.781848e-01,5.074469e-05
3.172000e+00,1.270562e-01,9.779769e-03,1.779949e-01,4.974627e-05
3.174000e+00,1.271287e-01,9.431359e-03,1.778003e-01,4.859335e-05
3.176000e+00,1.272315e-01,9.329877e-03,1.776004e-01,4.809801e-05
3.178000e+00,1.273682e-01,9.323677e-03,1.774040e-01,4.838460e-05
3.180000e+00,1.275220e-01,9.155583e-03,1.772167e-01,4.864636e-05
3.182000e+00,1.276625e-01,8.806711e-03,1.770304e-01,4.809336e-05
3.184000e+00,1.277586e-01,8.531653e-03,1.768471e-01,4.690942e-05
3.186000e+00,1.277932e-01,8.467447e-03,1.766674e-01,4.596195e-05
3.188000e+00,1.277712e-01,8.366182e-03,1.764894e-01,4.545900e-05
3.190000e+00,1.277171e-01,7.966821e-03,1.763098e-01,4.465465e-05
3.192000e+00,1.276638e-01,7.460876e-03,1.761256e-01,4.330332e-05
3.194000e+00,1.276373e-01,7.201289e-03,1.759355e-01,4.230473e-05
3.196000e+00,1.276470e-01,7.096560e-03,1.757407e-01,4.214171e-05
3.198000e+00,1.276836e-01,6.776345e-03,1.755442e-01,4.181518e-05
3.200000e+00,1.277275e-01,6.261542e-03,1.753492e-01,4.046823e-05
3.202000e+00,1.277601e-01,5.943518e-03,1.751626e-01,3.884740e-05
3.204000e+00,1.277732e-01,5.919895e-03,1.749901e-01,3.812150e-05
3.206000e+00,1.277710e-01,5.848040e-03,1.748178e-01,3.797408e-05
3.208000e+00,1.277651e-01,5.504101e-03,1.746431e-01,3.727674e-05
3.210000e+00,1.277660e-01,5.079742e-03,1.744645e-01,3.590630e-05
3.212000e+00,1.277769e-01,4.876742e-03,1.742819e-01,3.479612e-05
3.214000e+00,1.277931e-01,4.890189e-03,1.740971e-01,3.451496e-05
3.216000e+00,1.278051e-01,4.867355e-03,1.739118e-01,3.453748e-05
3.218000e+00,1.278053e-01,4.641532e-03,1.737274e-01,3.408448e-05
3.220000e+00,1.277909e-01,4.367713e-03,1.735441e-01,3.315101e-05
3.222000e+00,1.277637e-01,4.338528e-03,1.733608e-01,3.258721e-05
3.224000e+00,1.277264e-01,4.550799e-03,1.731761e-01,3.294820e-05
3.226000e+00,1.276789e-01,4.683832e-03,1.729889e-01,3.354307e-05
3.228000e+00,1.276168e-01,4.613263e-03,1.728122e-01,3.350438e-05
3.230000e+00,1.275326e-01,4.620224e-03,1.726364e-01,3.323721e-05
3.232000e+00,1.274185e-01,4.894003e-03,1.724591e-01,3.378835e-05
3.234000e+00,1.272696e-01,5.201413e-03,1.722814e-01,3.505169e-05
3.236000e+00,1.270839e-01,5.319214e-03,1.721038e-01,3.606734e-05
3.238000e+00,1.268628e-01,5.420702e-03,1.719266e-01,3.674395e-05
3.240000e+00,1.266110e-01,5.719210e-03,1.717499e-01,3.777523e-05
3.242000e+00,1.263377e-01,6.059966e-03,1.715730e-01,3.912654e-05
3.244000e+00,1.260570e-01,6.192077e-03,1.713950e-01,3.992716e-05
3.246000e+00,1.257875e-01,6.194302e-03,1.712147e-01,3.983962e-05
3.248000e+00,1.255469e-01,6.336933e-03,1.710307e-01,3.957074e-05
3.250000e+00,1.253457e-01,6.669084e-03,1.708430e-01,3.993191e-05
3.252000e+00,1.251806e-01,6.960375e-03,1.706672e-01,4.081115e-05
3.254000e+00,1.250344e-01,7.007961e-03,1.704898e-01,4.142145e-05
3.256000e+00,1.248823e-01,6.940614e-03,1.703129e-01,4.146215e-05
3.258000e+00,1.247036e-01,7.048397e-03,1.701383e-01,4.161117e-05
3.260000e+00,1.244930e-01,7.421317e-03,1.699661e-01,4.259316e-05
3.262000e+00,1.242654e-01,7.757845e-03,1.697947e-01,4.390767e-05
3.264000e+00,1.240503e-01,7.774549e-03,1.696217e-01,4.433041e-05
3.266000e+00,1.238786e-01,7.654787e-03,1.694447e-01,4.372723e-05
3.268000e+00,1.237686e-01,7.772497e-03,1.692631e-01,4.336142e-05
3.270000e+00,1.237169e-01,8.096922e-03,1.690777e-01,4.400064e-05
3.272000e+00,1.236998e-01,8.280430e-03,1.688909e-01,4.476084e-05
3.274000e+00,1.236851e-01,8.261385e-03,1.687053e-01,4.473584e-05
3.276000e+00,1.236460e-01,8.334010e-03,1.685247e-01,4.441999e-05
3.278000e+00,1.235733e-01,8.626068e-03,1.683555e-01,4.471803e-05
3.280000e+00,1.234774e-01,8.921696e-03,1.681866e-01,4.546253e-05
3.282000e+00,1.233817e-01,9.055821e-03,1.680164e-01,4.592228e-05
3.284000e+00,1.233105e-01,9.154490e-03,1.678435e-01,4.606465e-05
3.286000e+00,1.232788e-01,9.397653e-03,1.676677e-01,4.644115e-05
3.288000e+00,1.232883e-01,9.756624e-03,1.674897e-01,4.724413e-05
3.290000e+00,1.233303e-01,1.005768e-02,1.673112e-01,4.809028e-05
3.292000e+00,1.233933e-01,1.022629e-02,1.671373e-01,4.862643e-05
3.294000e+00,1.234691e-01,1.039991e-02,1.669718e-01,4.899305e-05
3.296000e+00,1.235552e-01,1.074022e-02,1.668195e-01,4.963132e-05
3.298000e+00,1.236527e-01,1.114801e-02,1.666665e-01,5.061771e-05
3.300000e+00,1.237621e-01,1.134627e-02,1.665127e-01,5.140627e-05
3.302000e+00,1.238801e-01,1.131222e-02,1.663579e-01,5.154912e-05
3.304000e+00,1.239997e-01,1.135988e-02,1.662023e-01,5.141226e-05
3.306000e+00,1.241135e-01,1.163828e-02,1.660459e-01,5.166058e-05
3.308000e+00,1.242162e-01,1.187683e-02,1.658889e-01,5.219252e-05
3.310000e+00,1.243066e-01,1.181988e-02,1.657315e-01,5.233382e-05
3.312000e+00,1.243859e-01,1.165250e-02,1.655738e-01,5.199073e-05
3.314000e+00,1.244560e-01,1.166709e-02,1.654157e-01,5.178495e-05
3.316000e+00,1.245172e-01,1.178466e-02,1.652575e-01,5.198404e-05
3.318000e+00,1.245697e-01,1.171580e-02,1.650991e-01,5.206783e-05
3.320000e+00,1.246144e-01,1.142079e-02,1.649403e-01,5.157159e-05
3.322000e+00,1.246542e-01,1.112813e-02,1.647811e-01,5.073760e-05
3.324000e+00,1.246922e-01,1.097726e-02,1.646208e-01,5.011239e-05
3.326000e+00,1.247280e-01,1.070174e-02,1.644603e-01,4.962352e-05
3.328000e+00,1.247541e-01,1.030910e-02,1.642994e-01,4.886652e-05
3.330000e+00,1.247573e-01,9.686386e-03,1.641384e-01,4.753387e-05
3.332000e+00,1.247237e-01,9.221096e-03,1.639777e-01,4.602767e-05
3.334000e+00,1.246475e-01,8.754129e-03,1.638179e-01,4.491498e-05
3.336000e+00,1.245366e-01,8.534278e-03,1.636589e-01,4.436990e-05
3.338000e+00,1.244128e-01,8.146740e-03,1.635002e-01,4.375589e-05
3.340000e+00,1.243036e-01,7.488415e-03,1.633413e-01,4.214024e-05
3.342000e+00,1.242296e-01,6.961754e-03,1.631814e-01,4.021305e-05
3.344000e+00,1.241936e-01,6.817446e-03,1.630202e-01,3.929319e-05
3.346000e+00,1.241772e-01,6.632717e-03,1.631410e-01,3.901945e-05
3.348000e+00,1.241489e-01,6.330512e-03,1.633034e-01,3.837274e-05
3.350000e+00,1.240782e-01,5.959674e-03,1.634606e-01,3.743344e-05
3.352000e+00,1.239508e-01,5.765300e-03,1.636148e-01,3.696599e-05
3.354000e+00,1.237755e-01,5.732460e-03,1.638021e-01,3.713496e-05
3.356000e+00,1.235797e-01,5.600781e-03,1.640071e-01,3.700534e-05
3.358000e+00,1.233956e-01,5.477091e-03,1.642138e-01,3.628675e-05
3.360000e+00,1.232450e-01,5.520105e-03,1.644218e-01,3.581430e-05
3.362000e+00,1.231293e-01,5.608084e-03,1.646311e-01,3.594994e-05
3.364000e+00,1.230310e-01,5.688988e-03,1.648371e-01,3.643628e-05
3.366000e+00,1.229238e-01,5.632192e-03,1.650377e-01,3.667060e-05
3.368000e+00,1.227865e-01,5.597814e-03,1.652364e-01,3.668690e-05
3.370000e+00,1.226124e-01,5.748543e-03,1.654337e-01,3.713317e-05
3.372000e+00,1.224105e-01,5.973955e-03,1.656301e-01,3.809878e-05
3.374000e+00,1.221995e-01,5.998315e-03,1.658262e-01,3.881001e-05
3.376000e+00,1.219979e-01,5.782586e-03,1.660220e-01,3.862918e-05
3.378000e+00,1.218164e-01,5.593952e-03,1.662171e-01,3.791797e-05
3.380000e+00,1.216550e-01,5.669414e-03,1.664109e-01,3.763664e-05
3.382000e+00,1.215052e-01,5.783582e-03,1.666026e-01,3.787447e-05
3.384000e+00,1.213555e-01,5.669930e-03,1.667923e-01,3.779137e-05
3.386000e+00,1.211958e-01,5.419117e-03,1.669802e-01,3.707583e-05
3.388000e+00,1.210207e-01,5.301926e-03,1.671667e-01,3.638330e-05
3.390000e+00,1.208307e-01,5.345801e-03,1.673522e-01,3.627042e-05
3.392000e+00,1.206320e-01,5.358067e-03,1.675370e-01,3.639707e-05
3.394000e+00,1.204361e-01,5.265192e-03,1.677214e-01,3.623646e-05
3.396000e+00,1.202570e-01,5.182680e-03,1.679056e-01,3.587773e-05
3.398000e+00,1.201079e-01,5.189617e-03,1.680895e-01,3.572648e-05
3.400000e+00,1.199959e-01,5.223797e-03,1.682716e-01,3.582522e-05
3.402000e+00,1.199186e-01,5.198412e-03,1.684523e-01,3.582930e-05
3.404000e+00,1.198640e-01,5.144095e-03,1.686303e-01,3.555165e-05
3.406000e+00,1.198156e-01,5.161349e-03,1.688050e-01,3.527678e-05
3.408000e+00,1.197612e-01,5.262617e-03,1.689770e-01,3.537844e-05
3.410000e+00,1.197003e-01,5.315766e-03,1.691478e-01,3.569151e-05
3.412000e+00,1.196455e-01,5.245376e-03,1.693166e-01,3.571031e-05
3.414000e+00,1.196164e-01,5.171584e-03,1.694880e-01,3.547792e-05
3.416000e+00,1.196283e-01,5.276123e-03,1.696615e-01,3.569863e-05
3.418000e+00,1.196808e-01,5.480297e-03,1.698334e-01,3.656538e-05
3.420000e+00,1.197549e-01,5.501236e-03,1.700040e-01,3.712677e-05
3.422000e+00,1.198186e-01,5.348705e-03,1.701711e-01,3.669149e-05
3.424000e+00,1.198422e-01,5.314533e-03,1.703337e-01,3.599781e-05
3.426000e+00,1.198121e-01,5.513608e-03,1.704925e-01,3.617766e-05
3.428000e+00,1.197384e-01,5.689509e-03,1.706484e-01,3.699029e-05
3.430000e+00,1.196503e-01,5.665465e-03,1.708049e-01,3.734081e-05
3.432000e+00,1.195825e-01,5.561025e-03,1.709630e-01,3.698153e-05
3.434000e+00,1.195593e-01,5.567011e-03,1.711249e-01,3.660545e-05
3.436000e+00,1.195851e-01,5.731923e-03,1.712848e-01,3.677615e-05
3.438000e+00,1.196455e-01,5.854876e-03,1.714420e-01,3.718873e-05
3.440000e+00,1.197158e-01,5.859590e-03,1.715958e-01,3.731467e-05
3.442000e+00,1.197738e-01,5.847080e-03,1.717464e-01,3.722528e-05
3.444000e+00,1.198081e-01,5.955983e-03,1.718941e-01,3.737050e-05
3.446000e+00,1.198198e-01,6.102626e-03,1.720418e-01,3.783161e-05
3.448000e+00,1.198181e-01,6.148521e-03,1.721870e-01,3.817320e-05
3.450000e+00,1.198135e-01,6.056607e-03,1.723306e-01,3.806133e-05
3.452000e+00,1.198114e-01,6.000005e-03,1.724736e-01,3.774873e-05
3.454000e+00,1.198106e-01,6.095277e-03,1.726157e-01,3.778831e-05
3.456000e+00,1.198052e-01,6.173604e-03,1.727845e-01,3.811139e-05
3.458000e+00,1.197873e-01,6.064721e-03,1.729742e-01,3.810377e-05
3.460000e+00,1.197514e-01,5.897285e-03,1.731622e-01,3.767394e-05
3.462000e+00,1.196973e-01,5.894408e-03,1.733481e-01,3.744184e-05
3.464000e+00,1.196316e-01,5.997797e-03,1.735318e-01,3.768656e-05
3.466000e+00,1.195674e-01,5.970554e-03,1.737135e-01,3.784182e-05
3.468000e+00,1.195227e-01,5.803885e-03,1.738939e-01,3.746263e-05
3.470000e+00,1.195139e-01,5.704163e-03,1.740737e-01,3.692953e-05
3.472000e+00,1.195494e-01,5.752621e-03,1.742533e-01,3.680765e-05
3.474000e+00,1.196236e-01,5.795584e-03,1.744325e-01,3.698444e-05
3.476000e+00,1.197158e-01,5.697901e-03,1.746104e-01,3.690678e-05
3.478000e+00,1.197968e-01,5.511806e-03,1.747861e-01,3.638653e-05
3.480000e+00,1.198409e-01,5.431165e-03,1.749582e-01,3.588532e-05
3.482000e+00,1.198386e-01,5.462136e-03,1.751271e-01,3.584716e-05
3.484000e+00,1.198029e-01,5.443267e-03,1.752942e-01,3.596818e-05
3.486000e+00,1.197647e-01,5.256741e-03,1.754611e-01,3.560596e-05
3.488000e+00,1.197587e-01,5.017892e-03,1.756344e-01,3.475864e-05
3.490000e+00,1.198050e-01,4.960140e-03,1.758054e-01,3.428154e-05
3.492000e+00,1.198974e-01,5.032861e-03,1.759743e-01,3.459166e-05
3.494000e+00,1.200034e-01,4.986509e-03,1.761406e-01,3.482268e-05
3.496000e+00,1.200791e-01,4.760232e-03,1.763027e-01,3.416635e-05
3.498000e+00,1.200892e-01,4.587676e-03,1.764601e-01,3.316359e-05
3.500000e+00,1.200254e-01,4.611501e-03,1.766138e-01,3.289717e-05
3.502000e+00,1.199100e-01,4.659778e-03,1.767661e-01,3.323537e-05
3.504000e+00,1.197859e-01,4.542339e-03,1.769190e-01,3.315571e-05
3.506000e+00,1.196967e-01,4.336021e-03,1.770739e-01,3.244833e-05
3.508000e+00,1.196677e-01,4.218377e-03,1.772302e-01,3.186707e-05
3.510000e+00,1.196969e-01,4.191949e-03,1.773865e-01,3.180029e-05
3.512000e+00,1.197589e-01,4.124150e-03,1.775406e-01,3.173072e-05
3.514000e+00,1.198197e-01,3.959395e-03,1.776912e-01,3.115656e-05
3.516000e+00,1.198515e-01,3.777362e-03,1.778379e-01,3.026118e-05
3.518000e+00,1.198434e-01,3.667816e-03,1.779813e-01,2.956333e-05
3.520000e+00,1.198014e-01,3.603011e-03,1.781227e-01,2.922859e-05
3.522000e+00,1.197424e-01,3.472190e-03,1.782631e-01,2.889016e-05
3.524000e+00,1.196848e-01,3.261601e-03,1.784029e-01,2.820231e-05
3.526000e+00,1.196416e-01,3.111840e-03,1.785418e-01,2.742486e-05
3.528000e+00,1.196181e-01,3.095631e-03,1.786791e-01,2.709566e-05
3.530000e+00,1.196133e-01,3.055890e-03,1.788143e-01,2.704410e-05
3.532000e+00,1.196215e-01,2.842866e-03,1.789472e-01,2.650384e-05
3.534000e+00,1.196350e-01,2.591321e-03,1.790775e-01,2.540230e-05
3.536000e+00,1.196449e-01,2.524001e-03,1.792055e-01,2.466066e-05
3.538000e+00,1.196428e-01,2.580299e-03,1.793312e-01,2.472333e-05
3.540000e+00,1.196238e-01,2.510296e-03,1.794547e-01,2.471292e-05
3.542000e+00,1.195884e-01,2.271472e-03,1.795765e-01,2.384456e-05
3.544000e+00,1.195430e-01,2.074610e-03,1.796969e-01,2.258143e-05
3.546000e+00,1.194975e-01,2.051371e-03,1.798546e-01,2.191044e-05
3.548000e+00,1.194591e-01,2.098771e-03,1.800238e-01,2.193668e-05
3.550000e+00,1.194278e-01,2.068917e-03,1.801917e-01,2.193799e-05
3.552000e+00,1.193956e-01,1.962174e-03,1.803572e-01,2.151634e-05
3.554000e+00,1.193503e-01,1.895379e-03,1.805197e-01,2.104500e-05
3.556000e+00,1.192847e-01,1.939437e-03,1.806790e-01,2.113940e-05
3.558000e+00,1.192020e-01,2.022815e-03,1.808358e-01,2.173597e-05
3.560000e+00,1.191170e-01,2.028399e-03,1.809916e-01,2.205235e-05
3.562000e+00,1.190485e-01,1.974708e-03,1.811477e-01,2.171025e-05
3.564000e+00,1.190076e-01,1.989550e-03,1.813042e-01,2.137329e-05
3.566000e+00,1.189900e-01,2.075884e-03,1.814603e-01,2.169081e-05
3.568000e+00,1.189748e-01,2.086142e-03,1.816140e-01,2.207357e-05
3.570000e+00,1.189352e-01,1.989906e-03,1.817637e-01,2.177199e-05
3.572000e+00,1.188535e-01,1.952597e-03,1.819085e-01,2.137187e-05
3.574000e+00,1.187323e-01,2.046922e-03,1.820492e-01,2.189414e-05
3.576000e+00,1.185972e-01,2.106919e-03,1.821878e-01,2.279226e-05
3.578000e+00,1.184856e-01,2.004846e-03,1.823269e-01,2.273957e-05
3.580000e+00,1.184300e-01,1.866064e-03,1.824679e-01,2.174318e-05
3.582000e+00,1.184418e-01,1.857877e-03,1.826104e-01,2.112953e-05
3.584000e+00,1.185059e-01,1.928676e-03,1.827528e-01,2.149078e-05
3.586000e+00,1.185875e-01,1.906056e-03,1.828927e-01,2.181121e-05
3.588000e+00,1.186480e-01,1.751972e-03,1.830281e-01,2.119020e-05
3.590000e+00,1.186619e-01,1.598136e-03,1.831584e-01,1.999986e-05
3.592000e+00,1.186266e-01,1.559997e-03,1.832848e-01,1.928428e-05
3.594000e+00,1.185606e-01,1.585101e-03,1.834089e-01,1.935389e-05
3.596000e+00,1.184934e-01,1.519917e-03,1.835324e-01,1.938053e-05
3.598000e+00,1.184514e-01,1.331406e-03,1.836560e-01,1.861753e-05
3.600000e+00,1.184476e-01,1.179056e-03,1.837792e-01,1.747018e-05
3.602000e+00,1.184788e-01,1.186185e-03,1.839013e-01,1.706868e-05
3.604000e+00,1.185294e-01,1.234099e-03,1.840211e-01,1.746426e-05
3.606000e+00,1.185795e-01,1.157714e-03,1.841377e-01,1.745004e-05
3.608000e+00,1.186108e-01,1.031372e-03,1.842508e-01,1.660640e-05
3.610000e+00,1.186118e-01,1.046317e-03,1.843604e-01,1.603340e-05
3.612000e+00,1.185821e-01,1.180642e-03,1.844671e-01,1.657405e-05
3.614000e+00,1.185925e-01,1.236324e-03,1.845713e-01,1.731197e-05
3.616000e+00,1.185895e-01,1.168124e-03,1.846737e-01,1.725695e-05
3.618000e+00,1.185874e-01,1.139774e-03,1.847745e-01,1.683144e-05
3.620000e+00,1.186008e-01,1.250015e-03,1.848847e-01,1.705200e-05
3.622000e+00,1.186388e-01,1.399465e-03,1.850367e-01,1.792240e-05
3.624000e+00,1.187006e-01,1.463154e-03,1.851869e-01,1.860973e-05
3.626000e+00,1.187750e-01,1.460825e-03,1.853342e-01,1.874676e-05
3.628000e+00,1.188443e-01,1.507627e-03,1.854783e-01,1.877416e-05
3.630000e+00,1.188934e-01,1.653957e-03,1.856189e-01,1.929553e-05
3.632000e+00,1.189171e-01,1.818286e-03,1.857568e-01,2.024255e-05
3.634000e+00,1.189231e-01,1.898244e-03,1.858930e-01,2.097542e-05
3.636000e+00,1.189281e-01,1.923817e-03,1.860285e-01,2.123822e-05
3.638000e+00,1.189478e-01,2.010401e-03,1.861635e-01,2.153004e-05
3.640000e+00,1.189875e-01,2.153348e-03,1.862971e-01,2.220522e-05
3.642000e+00,1.190379e-01,2.217527e-03,1.864279e-01,2.271797e-05
3.644000e+00,1.190797e-01,2.179292e-03,1.865545e-01,2.255550e-05
3.646000e+00,1.190938e-01,2.191334e-03,1.866764e-01,2.229534e-05
3.648000e+00,1.190716e-01,2.327502e-03,1.867946e-01,2.281069e-05
3.650000e+00,1.190198e-01,2.425895e-03,1.869111e-01,2.365306e-05
3.652000e+00,1.189568e-01,2.361275e-03,1.870277e-01,2.369247e-05
3.654000e+00,1.189033e-01,2.255512e-03,1.871452e-01,2.291606e-05
3.656000e+00,1.188717e-01,2.289860e-03,1.872634e-01,2.246810e-05
3.658000e+00,1.188607e-01,2.430421e-03,1.873806e-01,2.293838e-05
3.660000e+00,1.188580e-01,2.502736e-03,1.874946e-01,2.354524e-05
3.662000e+00,1.188472e-01,2.457930e-03,1.876036e-01,2.354330e-05
3.664000e+00,1.188165e-01,2.429030e-03,1.877073e-01,2.326527e-05
3.666000e+00,1.187631e-01,2.541009e-03,1.878067e-01,2.354078e-05
3.668000e+00,1.186922e-01,2.749279e-03,1.879032e-01,2.450349e-05
3.670000e+00,1.186125e-01,2.900808e-03,1.879985e-01,2.543905e-05
3.672000e+00,1.185308e-01,2.940559e-03,1.880932e-01,2.578250e-05
3.674000e+00,1.184494e-01,2.992695e-03,1.881871e-01,2.582436e-05
3.676000e+00,1.183675e-01,3.180380e-03,1.882795e-01,2.631686e-05
3.678000e+00,1.182836e-01,3.439446e-03,1.883693e-01,2.740171e-05
3.680000e+00,1.181975e-01,3.631469e-03,1.884739e-01,2.846243e-05
3.682000e+00,1.181101e-01,3.775714e-03,1.886145e-01,2.915394e-05
3.684000e+00,1.180222e-01,3.999427e-03,1.887514e-01,2.984533e-05
3.686000e+00,1.179336e-01,4.290328e-03,1.888848e-01,3.084947e-05
3.688000e+00,1.178444e-01,4.535324e-03,1.890153e-01,3.189602e-05
3.690000e+00,1.177561e-01,4.708111e-03,1.891435e-01,3.267461e-05
3.692000e+00,1.176733e-01,4.929645e-03,1.892702e-01,3.337773e-05
3.694000e+00,1.176018e-01,5.245441e-03,1.893959e-01,3.435287e-05
3.696000e+00,1.175452e-01,5.544557e-03,1.895203e-01,3.548723e-05
3.698000e+00,1.175013e-01,5.740283e-03,1.896429e-01,3.640392e-05
3.700000e+00,1.174617e-01,5.903179e-03,1.897625e-01,3.703392e-05
3.702000e+00,1.174159e-01,6.154454e-03,1.898781e-01,3.768465e-05
3.704000e+00,1.173577e-01,6.495959e-03,1.899895e-01,3.860024e-05
3.706000e+00,1.172903e-01,6.805854e-03,1.900973e-01,3.962440e-05
3.708000e+00,1.172256e-01,6.999318e-03,1.902027e-01,4.041411e-05
3.710000e+00,1.171786e-01,7.151429e-03,1.903070e-01,4.094358e-05
3.712000e+00,1.171577e-01,7.402911e-03,1.904104e-01,4.159674e-05
3.714000e+00,1.171581e-01,7.753868e-03,1.905120e-01,4.260348e-05
3.716000e+00,1.171624e-01,8.059671e-03,1.906101e-01,4.362902e-05
3.718000e+00,1.171481e-01,8.265347e-03,1.907033e-01,4.427604e-05
3.720000e+00,1.170991e-01,8.502206e-03,1.907909e-01,4.472821e-05
3.722000e+00,1.170147e-01,8.868857e-03,1.908739e-01,4.545655e-05
3.724000e+00,1.169104e-01,9.264154e-03,1.909540e-01,4.645310e-05
3.726000e+00,1.168110e-01,9.560405e-03,1.910333e-01,4.731044e-05
3.728000e+00,1.167381e-01,9.812484e-03,1.911127e-01,4.795919e-05
3.730000e+00,1.166999e-01,1.015909e-02,1.912297e-01,4.875464e-05
3.732000e+00,1.166875e-01,1.058366e-02,1.913690e-01,4.981322e-05
3.734000e+00,1.166799e-01,1.098261e-02,1.915038e-01,5.082490e-05
3.736000e+00,1.166538e-01,1.133102e-02,1.916329e-01,5.159304e-05
3.738000e+00,1.165943e-01,1.171573e-02,1.917564e-01,5.231281e-05
3.740000e+00,1.164995e-01,1.219453e-02,1.918757e-01,5.324748e-05
3.742000e+00,1.163797e-01,1.270756e-02,1.919927e-01,5.435895e-05
3.744000e+00,1.162508e-01,1.316897e-02,1.921088e-01,5.541960e-05
3.746000e+00,1.161271e-01,1.352546e-02,1.922243e-01,5.627419e-05
3.748000e+00,1.160171e-01,1.389549e-02,1.923384e-01,5.702158e-05
3.750000e+00,1.159221e-01,1.436236e-02,1.924499e-01,5.788670e-05
3.752000e+00,1.158377e-01,1.485721e-02,1.925573e-01,5.886588e-05
3.754000e+00,1.157657e-01,1.526264e-02,1.926601e-01,5.974499e-05
3.756000e+00,1.157061e-01,1.560775e-02,1.927582e-01,6.043868e-05
3.758000e+00,1.156280e-01,1.602119e-02,1.928522e-01,6.113568e-05
3.760000e+00,1.155241e-01,1.650690e-02,1.929425e-01,6.198478e-05
3.762000e+00,1.153928e-01,1.693905e-02,1.930294e-01,6.284714e-05
3.764000e+00,1.152405e-01,1.729120e-02,1.931132e-01,6.355458e-05
3.766000e+00,1.150803e-01,1.768855e-02,1.931944e-01,6.420864e-05
3.768000e+00,1.149278e-01,1.820945e-02,1.932773e-01,6.500005e-05
3.770000e+00,1.147946e-01,1.870075e-02,1.933722e-01,6.588730e-05
3.772000e+00,1.146826e-01,1.927351e-02,1.935236e-01,6.680044e-05
3.774000e+00,1.145836e-01,1.962410e-02,1.936958e-01,6.754268e-05
3.776000e+00,1.144829e-01,2.015304e-02,1.938524e-01,6.827667e-05
3.778000e+00,1.143669e-01,2.098449e-02,1.939946e-01,6.939521e-05
3.780000e+00,1.142301e-01,2.224927e-02,1.941456e-01,7.107119e-05
3.782000e+00,1.140783e-01,2.293434e-02,1.942911e-01,7.260314e-05
3.784000e+00,1.139245e-01,2.371192e-02,1.944245e-01,7.371259e-05
3.786000e+00,1.137817e-01,2.382281e-02,1.945548e-01,7.438029e-05
3.788000e+00,1.136549e-01,2.455587e-02,1.946787e-01,7.506919e-05
3.790000e+00,1.135387e-01,2.487558e-02,1.948076e-01,7.591555e-05
3.792000e+00,1.134221e-01,2.510945e-02,1.949261e-01,7.634303e-05
3.794000e+00,1.132958e-01,2.535680e-02,1.950383e-01,7.667922e-05
3.796000e+00,1.131599e-01,2.427531e-02,1.951378e-01,7.606837e-05
3.798000e+00,1.130258e-01,2.437979e-02,1.952313e-01,7.541981e-05
3.800000e+00,1.129115e-01,2.429627e-02,1.953210e-01,7.545811e-05
3.802000e+00,1.128329e-01,2.328645e-02,1.954012e-01,7.460315e-05
3.804000e+00,1.127937e-01,2.307339e-02,1.954735e-01,7.374304e-05
3.806000e+00,1.127825e-01,2.297206e-02,1.956273e-01,7.361787e-05
3.808000e+00,1.127762e-01,2.373170e-02,1.958022e-01,7.417668e-05
3.810000e+00,1.127500e-01,2.404876e-02,1.959702e-01,7.493730e-05
3.812000e+00,1.126899e-01,2.333224e-02,1.961190e-01,7.454268e-05
3.814000e+00,1.125969e-01,2.377503e-02,1.962788e-01,7.429909e-05
3.816000e+00,1.124871e-01,2.387328e-02,1.964404e-01,7.471155e-05
3.818000e+00,1.123856e-01,2.495712e-02,1.966142e-01,7.562443e-05
3.820000e+00,1.123152e-01,2.688088e-02,1.968204e-01,7.779524e-05
3.822000e+00,1.122884e-01,2.851426e-02,1.969959e-01,8.041438e-05
3.824000e+00,1.123024e-01,2.947786e-02,1.971367e-01,8.228440e-05
3.826000e+00,1.123410e-01,3.098343e-02,1.972682e-01,8.402667e-05
3.828000e+00,1.123810e-01,3.297792e-02,1.974122e-01,8.631936e-05
3.830000e+00,1.124012e-01,3.398894e-02,1.975376e-01,8.818674e-05
3.832000e+00,1.123881e-01,3.540072e-02,1.976451e-01,8.964984e-05
3.834000e+00,1.123397e-01,3.784420e-02,1.977661e-01,9.199302e-05
3.836000e+00,1.122676e-01,3.977683e-02,1.978705e-01,9.462652e-05
3.838000e+00,1.121930e-01,4.060383e-02,1.979576e-01,9.621604e-05
3.840000e+00,1.121385e-01,4.238879e-02,1.980414e-01,9.769568e-05
3.842000e+00,1.121190e-01,4.546906e-02,1.982383e-01,1.004255e-04
3.844000e+00,1.121366e-01,4.720353e-02,1.984207e-01,1.031292e-04
3.846000e+00,1.121813e-01,4.929680e-02,1.985852e-01,1.051910e-04
3.848000e+00,1.122307e-01,5.124406e-02,1.987473e-01,1.072949e-04
3.850000e+00,1.122593e-01,5.290654e-02,1.989015e-01,1.090955e-04
3.852000e+00,1.122497e-01,5.494692e-02,1.990460e-01,1.109127e-04
3.854000e+00,1.122018e-01,5.569315e-02,1.991758e-01,1.122482e-04
3.856000e+00,1.121306e-01,5.695157e-02,1.993017e-01,1.132007e-04
3.858000e+00,1.120588e-01,5.857873e-02,1.994248e-01,1.145893e-04
3.860000e+00,1.120096e-01,5.990925e-02,1.995458e-01,1.160120e-04
3.862000e+00,1.119929e-01,6.170771e-02,1.996630e-01,1.175381e-04
3.864000e+00,1.120010e-01,6.268863e-02,1.997787e-01,1.188796e-04
3.866000e+00,1.120128e-01,6.571368e-02,1.999078e-01,1.208197e-04
3.868000e+00,1.120043e-01,6.743767e-02,2.000204e-01,1.231815e-04
3.870000e+00,1.119608e-01,6.961646e-02,2.001218e-01,1.251259e-04
3.872000e+00,1.118828e-01,7.136147e-02,2.002164e-01,1.270876e-04
3.874000e+00,1.117850e-01,7.266176e-02,2.003005e-01,1.286421e-04
3.876000e+00,1.116883e-01,7.358275e-02,2.003749e-01,1.297861e-04
3.878000e+00,1.116089e-01,7.527001e-02,2.004506e-01,1.310960e-04
3.880000e+00,1.115517e-01,7.729492e-02,2.005216e-01,1.329198e-04
3.882000e+00,1.115098e-01,7.933811e-02,2.006434e-01,1.348811e-04
3.884000e+00,1.114692e-01,8.090824e-02,2.008019e-01,1.365649e-04
3.886000e+00,1.114179e-01,8.278232e-02,2.009590e-01,1.381324e-04
3.888000e+00,1.113519e-01,8.428513e-02,2.011252e-01,1.396632e-04
3.890000e+00,1.112761e-01,8.583203e-02,2.013292e-01,1.410529e-04
3.892000e+00,1.112011e-01,8.770054e-02,2.015254e-01,1.425849e-04
3.894000e+00,1.111374e-01,8.958574e-02,2.017165e-01,1.442625e-04
3.896000e+00,1.110899e-01,9.096371e-02,2.019069e-01,1.457073e-04
3.898000e+00,1.110569e-01,9.287329e-02,2.020870e-01,1.471446e-04
3.900000e+00,1.110311e-01,9.482909e-02,2.022666e-01,1.488094e-04
3.902000e+00,1.110015e-01,9.565974e-02,2.024562e-01,1.499594e-04
3.904000e+00,1.109575e-01,9.736972e-02,2.026401e-01,1.509698e-04
3.906000e+00,1.108927e-01,9.921993e-02,2.028203e-01,1.524146e-04
3.908000e+00,1.108086e-01,1.011667e-01,2.029978e-01,1.539752e-04
3.910000e+00,1.107164e-01,1.023553e-01,2.031794e-01,1.552601e-04
3.912000e+00,1.106323e-01,1.040501e-01,2.033547e-01,1.564317e-04
3.914000e+00,1.105736e-01,1.053536e-01,2.035288e-01,1.576537e-04
3.916000e+00,1.105557e-01,1.062885e-01,2.037024e-01,1.585739e-04
3.918000e+00,1.105843e-01,1.079622e-01,2.038679e-01,1.596472e-04
3.920000e+00,1.106521e-01,1.096193e-01,2.040271e-01,1.610136e-04
3.922000e+00,1.107422e-01,1.097929e-01,2.041944e-01,1.617493e-04
3.924000e+00,1.108341e-01,1.108603e-01,2.043608e-01,1.621923e-04
3.926000e+00,1.109135e-01,1.110374e-01,2.045059e-01,1.626024e-04
3.928000e+00,1.109799e-01,1.113213e-01,2.046594e-01,1.626923e-04
3.930000e+00,1.110477e-01,1.116866e-01,2.048169e-01,1.628469e-04
3.932000e+00,1.111398e-01,1.098303e-01,2.050007e-01,1.621585e-04
3.934000e+00,1.112764e-01,1.105411e-01,2.051928e-01,1.616209e-04
3.936000e+00,1.114642e-01,1.115753e-01,2.053768e-01,1.622475e-04
3.938000e+00,1.116922e-01,1.118641e-01,2.055465e-01,1.627428e-04
3.940000e+00,1.119366e-01,1.124719e-01,2.057266e-01,1.630533e-04
3.942000e+00,1.121728e-01,1.130611e-01,2.059023e-01,1.634565e-04
3.944000e+00,1.123882e-01,1.142013e-01,2.060757e-01,1.640820e-04
3.946000e+00,1.125886e-01,1.154408e-01,2.062469e-01,1.649918e-04
3.948000e+00,1.127945e-01,1.166368e-01,2.064150e-01,1.659539e-04
3.950000e+00,1.130306e-01,1.178076e-01,2.065791e-01,1.669148e-04
3.952000e+00,1.133128e-01,1.190625e-01,2.067390e-01,1.679315e-04
3.954000e+00,1.136394e-01,1.204136e-01,2.068954e-01,1.690406e-04
3.956000e+00,1.139926e-01,1.219263e-01,2.070497e-01,1.702379e-04
3.958000e+00,1.143460e-01,1.232570e-01,2.072022e-01,1.714020e-04
3.960000e+00,1.146764e-01,1.245457e-01,2.073535e-01,1.724651e-04
3.962000e+00,1.149723e-01,1.258479e-01,2.075032e-01,1.735136e-04
3.964000e+00,1.152363e-01,1.271413e-01,2.076504e-01,1.745553e-04
3.966000e+00,1.154806e-01,1.283656e-01,2.077944e-01,1.755517e-04
3.968000e+00,1.157194e-01,1.295024e-01,2.079348e-01,1.764762e-04
3.970000e+00,1.159618e-01,1.305930e-01,2.080720e-01,1.773360e-04
3.972000e+00,1.162091e-01,1.316726e-01,2.082120e-01,1.781454e-04
3.974000e+00,1.164555e-01,1.328121e-01,2.083862e-01,1.789283e-04
3.976000e+00,1.166924e-01,1.337734e-01,2.085593e-01,1.796252e-04
3.978000e+00,1.169122e-01,1.346409e-01,2.087310e-01,1.801913e-04
3.980000e+00,1.171116e-01,1.354859e-01,2.089008e-01,1.806923e-04
3.982000e+00,1.172923e-01,1.363019e-01,2.090680e-01,1.811552e-04
3.984000e+00,1.174609e-01,1.370009e-01,2.092321e-01,1.815439e-04
3.986000e+00,1.176271e-01,1.375634e-01,2.093928e-01,1.818195e-04
3.988000e+00,1.178020e-01,1.380918e-01,2.095497e-01,1.820203e-04
3.990000e+00,1.179954e-01,1.386496e-01,2.097028e-01,1.822178e-04
3.992000e+00,1.182130e-01,1.391491e-01,2.098521e-01,1.824078e-04
3.994000e+00,1.184546e-01,1.394703e-01,2.099983e-01,1.825105e-04
3.996000e+00,1.187139e-01,1.396216e-01,2.101421e-01,1.824788e-04
3.998000e+00,1.189811e-01,1.397066e-01,2.102845e-01,1.823533e-04
4.000000e+00,1.192475e-01,1.397731e-01,2.104263e-01,1.821999e-04
4.002000e+00,1.195097e-01,1.397698e-01,2.105670e-01,1.820324e-04
4.004000e+00,1.197712e-01,1.396416e-01,2.107057e-01,1.818180e-04
4.006000e+00,1.200409e-01,1.394054e-01,2.108408e-01,1.815410e-04
4.008000e+00,1.203273e-01,1.391198e-01,2.109712e-01,1.812335e-04
4.010000e+00,1.206324e-01,1.387936e-01,2.110968e-01,1.809306e-04
4.012000e+00,1.209495e-01,1.383692e-01,2.112234e-01,1.806066e-04
4.014000e+00,1.212646e-01,1.378154e-01,2.113848e-01,1.801956e-04
4.016000e+00,1.215629e-01,1.371941e-01,2.115461e-01,1.796857e-04
4.018000e+00,1.218366e-01,1.365728e-01,2.117081e-01,1.791377e-04
4.020000e+00,1.220895e-01,1.358159e-01,2.118699e-01,1.785555e-04
4.022000e+00,1.223359e-01,1.350371e-01,2.120290e-01,1.779380e-04
4.024000e+00,1.226409e-01,1.341568e-01,2.121834e-01,1.772926e-04
4.026000e+00,1.229940e-01,1.332569e-01,2.123323e-01,1.766249e-04
4.028000e+00,1.233658e-01,1.323639e-01,2.124766e-01,1.759728e-04
4.030000e+00,1.237466e-01,1.314192e-01,2.126181e-01,1.753043e-04
4.032000e+00,1.241200e-01,1.304045e-01,2.127587e-01,1.745716e-04
4.034000e+00,1.244709e-01,1.293870e-01,2.128993e-01,1.737978e-04
4.036000e+00,1.247930e-01,1.287109e-01,2.130684e-01,1.731379e-04
4.038000e+00,1.250914e-01,1.284669e-01,2.132444e-01,1.727455e-04
4.040000e+00,1.253804e-01,1.282297e-01,2.134122e-01,1.725143e-04
4.042000e+00,1.256761e-01,1.275705e-01,2.135611e-01,1.721634e-04
4.044000e+00,1.259896e-01,1.276171e-01,2.137091e-01,1.719217e-04
4.046000e+00,1.263232e-01,1.279070e-01,2.138631e-01,1.720033e-04
4.048000e+00,1.266714e-01,1.271639e-01,2.140082e-01,1.718357e-04
4.050000e+00,1.270252e-01,1.263671e-01,2.141609e-01,1.713177e-04
4.052000e+00,1.273774e-01,1.259263e-01,2.143330e-01,1.709067e-04
4.054000e+00,1.277272e-01,1.260366e-01,2.145068e-01,1.708147e-04
4.056000e+00,1.280795e-01,1.261874e-01,2.146729e-01,1.709474e-04
4.058000e+00,1.284419e-01,1.262192e-01,2.148501e-01,1.710708e-04
4.060000e+00,1.288234e-01,1.274668e-01,2.150718e-01,1.715548e-04
4.062000e+00,1.292305e-01,1.267215e-01,2.152634e-01,1.717966e-04
4.064000e+00,1.296659e-01,1.258331e-01,2.154317e-01,1.713698e-04
4.066000e+00,1.301275e-01,1.248610e-01,2.155877e-01,1.708850e-04
4.068000e+00,1.306072e-01,1.243810e-01,2.157687e-01,1.705231e-04
4.070000e+00,1.310935e-01,1.245220e-01,2.159600e-01,1.705078e-04
4.072000e+00,1.315767e-01,1.236057e-01,2.161278e-01,1.703287e-04
4.074000e+00,1.320497e-01,1.231505e-01,2.162944e-01,1.699514e-04
4.076000e+00,1.325096e-01,1.239492e-01,2.164776e-01,1.701497e-04
4.078000e+00,1.329567e-01,1.236095e-01,2.166514e-01,1.703810e-04
4.080000e+00,1.333938e-01,1.235971e-01,2.168134e-01,1.703260e-04
4.082000e+00,1.338264e-01,1.238505e-01,2.169849e-01,1.704606e-04
4.084000e+00,1.342571e-01,1.226227e-01,2.171307e-01,1.702177e-04
4.086000e+00,1.346841e-01,1.215434e-01,2.172606e-01,1.695582e-04
4.088000e+00,1.353721e-01,1.203432e-01,2.173818e-01,1.689039e-04
4.090000e+00,1.360737e-01,1.188090e-01,2.175000e-01,1.680668e-04
4.092000e+00,1.367748e-01,1.179889e-01,2.176280e-01,1.673499e-04
4.094000e+00,1.374742e-01,1.173231e-01,2.177601e-01,1.669292e-04
4.096000e+00,1.381763e-01,1.157710e-01,2.178792e-01,1.662681e-04
4.098000e+00,1.388885e-01,1.147533e-01,2.180087e-01,1.654903e-04
4.100000e+00,1.396164e-01,1.132229e-01,2.181198e-01,1.647344e-04
4.102000e+00,1.403605e-01,1.116605e-01,2.182181e-01,1.637953e-04
4.104000e+00,1.411150e-01,1.103395e-01,2.183072e-01,1.629244e-04
4.106000e+00,1.418708e-01,1.087633e-01,2.183908e-01,1.620160e-04
4.108000e+00,1.426216e-01,1.073597e-01,2.185438e-01,1.610605e-04
4.110000e+00,1.433596e-01,1.062823e-01,2.187089e-01,1.603394e-04
4.112000e+00,1.442173e-01,1.065130e-01,2.188596e-01,1.602483e-04
4.114000e+00,1.451289e-01,1.056730e-01,2.189862e-01,1.602404e-04
4.116000e+00,1.460615e-01,1.045746e-01,2.190983e-01,1.597122e-04
4.118000e+00,1.470062e-01,1.041619e-01,2.192244e-01,1.593377e-04
4.120000e+00,1.479495e-01,1.030180e-01,2.193377e-01,1.589372e-04
4.122000e+00,1.488790e-01,1.017001e-01,2.194415e-01,1.581349e-04
4.124000e+00,1.497827e-01,1.017561e-01,2.195497e-01,1.577161e-04
4.126000e+00,1.506520e-01,1.001337e-01,2.196662e-01,1.571475e-04
4.128000e+00,1.514839e-01,9.857735e-02,2.197668e-01,1.559751e-04
4.130000e+00,1.522809e-01,9.762448e-02,2.198641e-01,1.550727e-04
4.132000e+00,1.530486e-01,9.599723e-02,2.199519e-01,1.541474e-04
4.134000e+00,1.537941e-01,9.419623e-02,2.200320e-01,1.528483e-04
4.136000e+00,1.545218e-01,9.346797e-02,2.201256e-01,1.518676e-04
4.138000e+00,1.552324e-01,9.276077e-02,2.202223e-01,1.512845e-04
4.140000e+00,1.559222e-01,9.096778e-02,2.203009e-01,1.502591e-04
4.142000e+00,1.565851e-01,9.186154e-02,2.203829e-01,1.498183e-04
4.144000e+00,1.572121e-01,9.012116e-02,2.204541e-01,1.493749e-04
4.146000e+00,1.577942e-01,8.816721e-02,2.205188e-01,1.477786e-04
4.148000e+00,1.583290e-01,8.614285e-02,2.205804e-01,1.460451e-04
4.150000e+00,1.588222e-01,8.403889e-02,2.206391e-01,1.442296e-04
4.152000e+00,1.592871e-01,8.185961e-02,2.206939e-01,1.423197e-04
4.154000e+00,1.597414e-01,7.966740e-02,2.207430e-01,1.403365e-04
4.156000e+00,1.602006e-01,7.753073e-02,2.207856e-01,1.383450e-04
4.158000e+00,1.606723e-01,7.711086e-02,2.208285e-01,1.370689e-04
4.160000e+00,1.611523e-01,7.524669e-02,2.208880e-01,1.359044e-04
4.162000e+00,1.616269e-01,7.324974e-02,2.209585e-01,1.340330e-04
4.164000e+00,1.620799e-01,7.098378e-02,2.210343e-01,1.319175e-04
4.166000e+00,1.625004e-01,6.900354e-02,2.211070e-01,1.297799e-04
4.168000e+00,1.628878e-01,6.709583e-02,2.211758e-01,1.278077e-04
4.170000e+00,1.632524e-01,6.518112e-02,2.212400e-01,1.258528e-04
4.172000e+00,1.636102e-01,6.325067e-02,2.212970e-01,1.238497e-04
4.174000e+00,1.639766e-01,6.136880e-02,2.213461e-01,1.218352e-04
4.176000e+00,1.643598e-01,5.956197e-02,2.213887e-01,1.198769e-04
4.178000e+00,1.647589e-01,5.778320e-02,2.214276e-01,1.179568e-04
4.180000e+00,1.651670e-01,5.765347e-02,2.214731e-01,1.168123e-04
4.182000e+00,1.655735e-01,5.613194e-02,2.215166e-01,1.157756e-04
4.184000e+00,1.659692e-01,5.454687e-02,2.215576e-01,1.140257e-04
4.186000e+00,1.663491e-01,5.294315e-02,2.215956e-01,1.122383e-04
4.188000e+00,1.667122e-01,5.130809e-02,2.216285e-01,1.104185e-04
4.190000e+00,1.670576e-01,4.874263e-02,2.216477e-01,1.080302e-04
4.192000e+00,1.673853e-01,4.704307e-02,2.216636e-01,1.056009e-04
4.194000e+00,1.676962e-01,4.553510e-02,2.216783e-01,1.037521e-04
4.196000e+00,1.679908e-01,4.413228e-02,2.216918e-01,1.020580e-04
4.198000e+00,1.682711e-01,4.277297e-02,2.217044e-01,1.004278e-04
4.200000e+00,1.685408e-01,4.144943e-02,2.217157e-01,9.882236e-05
4.202000e+00,1.688032e-01,3.969224e-02,2.217111e-01,9.696142e-05
4.204000e+00,1.690608e-01,3.850206e-02,2.217068e-01,9.517743e-05
4.206000e+00,1.693164e-01,3.848618e-02,2.217085e-01,9.442341e-05
4.208000e+00,1.695701e-01,3.750488e-02,2.217044e-01,9.378653e-05
4.210000e+00,1.698212e-01,3.650361e-02,2.216949e-01,9.254821e-05
4.212000e+00,1.700724e-01,3.556714e-02,2.216821e-01,9.133851e-05
4.214000e+00,1.703290e-01,3.467080e-02,2.217010e-01,9.019588e-05
4.216000e+00,1.705965e-01,3.375824e-02,2.217189e-01,8.905436e-05
4.218000e+00,1.708784e-01,3.283918e-02,2.217347e-01,8.787675e-05
4.220000e+00,1.711753e-01,3.196857e-02,2.217482e-01,8.671644e-05
4.222000e+00,1.714841e-01,3.020957e-02,2.217373e-01,8.497440e-05
4.224000e+00,1.718025e-01,3.015652e-02,2.217374e-01,8.380663e-05
4.226000e+00,1.721336e-01,3.035548e-02,2.217501e-01,8.401009e-05
4.228000e+00,1.724796e-01,2.972844e-02,2.217549e-01,8.385630e-05
4.230000e+00,1.728403e-01,2.908610e-02,2.217497e-01,8.308799e-05
4.232000e+00,1.732162e-01,2.845804e-02,2.217379e-01,8.232090e-05
4.234000e+00,1.736040e-01,2.781110e-02,2.217220e-01,8.154077e-05
4.236000e+00,1.739970e-01,2.712810e-02,2.217047e-01,8.067050e-05
4.238000e+00,1.743877e-01,2.645077e-02,2.216882e-01,7.971190e-05
4.240000e+00,1.747710e-01,2.583259e-02,2.216729e-01,7.877516e-05
4.242000e+00,1.751480e-01,2.626894e-02,2.216637e-01,7.866333e-05
4.244000e+00,1.755245e-01,2.577498e-02,2.216488e-01,7.866434e-05
4.246000e+00,1.759081e-01,2.516949e-02,2.216432e-01,7.788094e-05
4.248000e+00,1.763041e-01,2.455511e-02,2.216830e-01,7.699413e-05
4.250000e+00,1.767115e-01,2.396214e-02,2.217201e-01,7.612891e-05
4.252000e+00,1.771231e-01,2.424238e-02,2.217540e-01,7.592093e-05
4.254000e+00,1.775277e-01,2.366045e-02,2.217905e-01,7.567795e-05
4.256000e+00,1.779150e-01,2.304045e-02,2.218262e-01,7.468706e-05
4.258000e+00,1.782810e-01,2.244346e-02,2.218624e-01,7.365887e-05
4.260000e+00,1.786290e-01,2.185584e-02,2.218976e-01,7.265939e-05
4.262000e+00,1.789672e-01,2.124854e-02,2.219288e-01,7.164772e-05
4.264000e+00,1.793043e-01,2.063454e-02,2.219539e-01,7.059966e-05
4.266000e+00,1.796451e-01,1.976598e-02,2.219665e-01,6.930245e-05
4.268000e+00,1.799894e-01,1.923015e-02,2.219747e-01,6.807531e-05
4.270000e+00,1.803323e-01,1.874301e-02,2.219813e-01,6.717514e-05
4.272000e+00,1.806675e-01,1.824098e-02,2.219872e-01,6.629081e-05
4.274000e+00,1.809902e-01,1.772455e-02,2.219972e-01,6.536898e-05
4.276000e+00,1.812991e-01,1.724046e-02,2.220186e-01,6.446994e-05
4.278000e+00,1.815960e-01,1.679930e-02,2.220373e-01,6.365589e-05
4.280000e+00,1.818841e-01,1.634410e-02,2.220519e-01,6.286783e-05
4.282000e+00,1.821663e-01,1.583489e-02,2.220616e-01,6.199052e-05
4.284000e+00,1.824440e-01,1.531583e-02,2.220667e-01,6.102820e-05
4.286000e+00,1.827169e-01,1.484771e-02,2.220682e-01,6.010377e-05
4.288000e+00,1.829830e-01,1.441662e-02,2.220800e-01,5.926841e-05
4.290000e+00,1.832393e-01,1.396967e-02,2.220938e-01,5.843322e-05
4.292000e+00,1.834819e-01,1.350691e-02,2.221062e-01,5.752916e-05
4.294000e+00,1.837061e-01,1.307412e-02,2.221174e-01,5.661669e-05
4.296000e+00,1.839084e-01,1.268345e-02,2.221280e-01,5.577717e-05
4.298000e+00,1.840874e-01,1.229926e-02,2.221514e-01,5.498647e-05
4.300000e+00,1.842449e-01,1.189869e-02,2.221711e-01,5.416780e-05
4.302000e+00,1.843860e-01,1.150236e-02,2.221861e-01,5.331556e-05
4.304000e+00,1.845161e-01,1.078997e-02,2.221886e-01,5.210324e-05
4.306000e+00,1.846395e-01,1.042623e-02,2.222035e-01,5.096192e-05
4.308000e+00,1.847570e-01,1.006990e-02,2.222209e-01,5.017824e-05
4.310000e+00,1.848647e-01,9.698527e-03,2.222384e-01,4.932632e-05
4.312000e+00,1.849575e-01,9.347282e-03,2.222565e-01,4.842333e-05
4.314000e+00,1.850318e-01,9.054851e-03,2.222753e-01,4.761287e-05
4.316000e+00,1.850889e-01,8.799794e-03,2.223142e-01,4.694868e-05
4.318000e+00,1.851353e-01,8.529569e-03,2.223493e-01,4.629696e-05
4.320000e+00,1.851801e-01,8.247570e-03,2.223781e-01,4.555011e-05
4.322000e+00,1.852311e-01,8.013814e-03,2.224558e-01,4.482257e-05
4.324000e+00,1.852915e-01,7.849579e-03,2.225522e-01,4.428206e-05
4.326000e+00,1.853589e-01,7.702239e-03,2.226684e-01,4.387240e-05
4.328000e+00,1.854281e-01,7.527356e-03,2.227894e-01,4.339456e-05
4.330000e+00,1.854944e-01,7.348733e-03,2.229096e-01,4.280752e-05
4.332000e+00,1.855574e-01,7.203609e-03,2.230291e-01,4.225388e-05
4.334000e+00,1.856211e-01,7.074962e-03,2.231466e-01,4.180366e-05
4.336000e+00,1.856924e-01,6.917539e-03,2.232603e-01,4.135110e-05
4.338000e+00,1.857774e-01,6.722445e-03,2.233684e-01,4.079344e-05
4.340000e+00,1.858790e-01,7.370978e-03,2.234808e-01,4.128803e-05
4.342000e+00,1.859945e-01,7.310703e-03,2.235861e-01,4.208540e-05
4.344000e+00,1.861177e-01,7.169529e-03,2.236829e-01,4.177497e-05
4.346000e+00,1.862439e-01,6.960290e-03,2.237751e-01,4.124628e-05
4.348000e+00,1.863719e-01,6.705769e-03,2.238830e-01,4.053554e-05
4.350000e+00,1.865041e-01,6.450399e-03,2.240021e-01,3.975153e-05
4.352000e+00,1.866452e-01,6.208339e-03,2.241172e-01,3.899671e-05
4.354000e+00,1.867995e-01,5.948716e-03,2.242279e-01,3.823963e-05
4.356000e+00,1.869686e-01,5.651808e-03,2.243341e-01,3.737692e-05
4.358000e+00,1.871509e-01,5.354409e-03,2.244359e-01,3.642315e-05
4.360000e+00,1.873433e-01,5.627765e-03,2.245387e-01,3.632587e-05
4.362000e+00,1.875393e-01,5.519547e-03,2.246368e-01,3.657882e-05
4.364000e+00,1.877314e-01,5.358441e-03,2.247284e-01,3.612376e-05
4.366000e+00,1.879138e-01,5.730204e-03,2.248162e-01,3.632226e-05
4.368000e+00,1.880817e-01,5.697493e-03,2.248995e-01,3.678473e-05
4.370000e+00,1.882315e-01,5.652671e-03,2.250020e-01,3.660435e-05
4.372000e+00,1.883632e-01,5.616124e-03,2.251209e-01,3.643371e-05
4.374000e+00,1.884807e-01,6.321585e-03,2.252449e-01,3.736848e-05
4.376000e+00,1.885886e-01,6.350732e-03,2.253572e-01,3.847130e-05
4.378000e+00,1.886886e-01,6.331353e-03,2.254576e-01,3.845656e-05
4.380000e+00,1.887813e-01,6.580085e-03,2.255606e-01,3.878256e-05
4.382000e+00,1.888618e-01,6.572943e-03,2.256532e-01,3.913598e-05
4.384000e+00,1.889218e-01,6.505838e-03,2.257367e-01,3.900284e-05
4.386000e+00,1.889534e-01,6.496704e-03,2.258185e-01,3.883935e-05
4.388000e+00,1.889536e-01,6.476896e-03,2.258982e-01,3.881558e-05
4.390000e+00,1.889273e-01,6.451507e-03,2.259761e-01,3.882163e-05
4.392000e+00,1.888861e-01,6.386251e-03,2.260853e-01,3.875473e-05
4.394000e+00,1.888450e-01,6.286891e-03,2.261874e-01,3.851775e-05
4.396000e+00,1.888169e-01,6.205260e-03,2.262812e-01,3.824526e-05
4.398000e+00,1.888080e-01,6.164420e-03,2.263674e-01,3.812846e-05
4.400000e+00,1.888168e-01,6.129073e-03,2.264478e-01,3.812703e-05
4.402000e+00,1.888366e-01,6.072164e-03,2.265250e-01,3.805984e-05
4.404000e+00,1.888594e-01,6.023700e-03,2.266006e-01,3.791802e-05
4.406000e+00,1.888808e-01,6.021371e-03,2.266746e-01,3.787183e-05
4.408000e+00,1.889007e-01,6.052442e-03,2.267457e-01,3.798995e-05
4.410000e+00,1.889227e-01,6.079631e-03,2.268117e-01,3.815655e-05
4.412000e+00,1.889504e-01,6.096749e-03,2.269039e-01,3.828151e-05
4.414000e+00,1.889861e-01,6.575519e-03,2.270018e-01,3.904345e-05
4.416000e+00,1.890276e-01,6.680650e-03,2.270929e-01,3.998789e-05
4.418000e+00,1.890697e-01,6.734114e-03,2.271770e-01,4.031415e-05
4.420000e+00,1.891089e-01,6.756211e-03,2.272564e-01,4.050214e-05
4.422000e+00,1.891443e-01,7.095647e-03,2.273390e-01,4.111033e-05
4.424000e+00,1.891776e-01,7.115360e-03,2.274142e-01,4.177035e-05
4.426000e+00,1.892117e-01,7.088044e-03,2.274806e-01,4.178800e-05
4.428000e+00,1.892495e-01,7.031049e-03,2.275401e-01,4.165039e-05
4.430000e+00,1.892922e-01,6.947437e-03,2.276028e-01,4.139552e-05
4.432000e+00,1.893392e-01,6.879396e-03,2.276849e-01,4.110043e-05
4.434000e+00,1.893891e-01,7.165837e-03,2.277660e-01,4.131931e-05
4.436000e+00,1.894395e-01,7.269133e-03,2.278474e-01,4.178638e-05
4.438000e+00,1.894875e-01,7.330747e-03,2.279221e-01,4.193519e-05
4.440000e+00,1.895311e-01,7.386263e-03,2.279908e-01,4.200120e-05
4.442000e+00,1.895677e-01,7.495020e-03,2.280541e-01,4.214002e-05
4.444000e+00,1.895951e-01,7.675234e-03,2.281124e-01,4.248295e-05
4.446000e+00,1.896117e-01,7.884876e-03,2.281659e-01,4.298408e-05
4.448000e+00,1.896171e-01,8.088677e-03,2.283878e-01,4.351201e-05
4.450000e+00,1.896115e-01,8.302082e-03,2.287219e-01,4.403557e-05
4.452000e+00,1.895952e-01,8.556275e-03,2.290510e-01,4.462739e-05
4.454000e+00,1.895671e-01,8.852787e-03,2.294283e-01,4.533325e-05
4.456000e+00,1.895236e-01,9.168833e-03,2.298041e-01,4.611455e-05
4.458000e+00,1.894596e-01,9.493585e-03,2.301738e-01,4.691456e-05
4.460000e+00,1.893699e-01,9.846245e-03,2.305370e-01,4.774467e-05
4.462000e+00,1.892523e-01,1.025189e-02,2.308936e-01,4.867730e-05
4.464000e+00,1.891093e-01,1.070308e-02,2.312438e-01,4.973641e-05
4.466000e+00,1.889486e-01,1.031918e-02,2.315791e-01,4.958914e-05
4.468000e+00,1.887786e-01,1.119672e-02,2.319156e-01,5.028811e-05
4.470000e+00,1.886054e-01,1.169881e-02,2.322354e-01,5.191293e-05
4.472000e+00,1.884316e-01,1.224591e-02,2.325599e-01,5.316118e-05
4.474000e+00,1.882535e-01,1.277473e-02,2.328853e-01,5.438450e-05
4.476000e+00,1.880636e-01,1.363502e-02,2.332054e-01,5.584962e-05
4.478000e+00,1.878551e-01,1.371587e-02,2.335176e-01,5.681159e-05
4.480000e+00,1.876250e-01,1.446314e-02,2.338234e-01,5.764597e-05
4.482000e+00,1.873756e-01,1.509225e-02,2.341232e-01,5.904153e-05
4.484000e+00,1.871146e-01,1.570209e-02,2.344176e-01,6.025165e-05
4.486000e+00,1.868512e-01,1.631740e-02,2.347071e-01,6.139576e-05
4.488000e+00,1.865923e-01,1.697871e-02,2.349920e-01,6.256785e-05
4.490000e+00,1.863397e-01,1.817465e-02,2.352722e-01,6.426662e-05
4.492000e+00,1.861149e-01,1.902857e-02,2.355458e-01,6.613628e-05
4.494000e+00,1.858832e-01,1.836697e-02,2.358111e-01,6.640645e-05
4.496000e+00,1.856407e-01,1.906316e-02,2.360716e-01,6.659362e-05
4.498000e+00,1.853835e-01,1.988692e-02,2.363260e-01,6.803488e-05
4.500000e+00,1.851118e-01,2.080285e-02,2.365743e-01,6.964546e-05
4.502000e+00,1.848278e-01,2.177365e-02,2.368172e-01,7.134393e-05
4.504000e+00,1.845353e-01,2.276439e-02,2.370549e-01,7.304888e-05
4.506000e+00,1.842388e-01,2.379086e-02,2.372874e-01,7.473999e-05
4.508000e+00,1.839424e-01,2.488647e-02,2.375145e-01,7.646533e-05
4.510000e+00,1.836488e-01,2.604170e-02,2.377642e-01,7.824447e-05
4.512000e+00,1.833597e-01,2.493376e-02,2.380225e-01,7.800417e-05
4.514000e+00,1.830742e-01,2.430688e-02,2.382771e-01,7.658547e-05
4.516000e+00,1.827895e-01,2.426698e-02,2.385300e-01,7.605280e-05
4.518000e+00,1.825005e-01,2.516747e-02,2.387781e-01,7.668875e-05
4.520000e+00,1.822027e-01,2.671986e-02,2.390203e-01,7.850647e-05
4.522000e+00,1.818961e-01,2.794951e-02,2.392560e-01,8.053211e-05
4.524000e+00,1.815841e-01,2.922029e-02,2.394861e-01,8.229400e-05
4.526000e+00,1.812712e-01,3.057863e-02,2.397110e-01,8.410890e-05
4.528000e+00,1.809608e-01,3.203900e-02,2.399308e-01,8.602398e-05
4.530000e+00,1.806530e-01,3.359164e-02,2.401452e-01,8.803847e-05
4.532000e+00,1.803441e-01,3.521989e-02,2.403540e-01,9.012669e-05
4.534000e+00,1.800284e-01,3.691631e-02,2.405568e-01,9.226875e-05
4.536000e+00,1.797007e-01,3.867782e-02,2.407536e-01,9.446035e-05
4.538000e+00,1.793598e-01,4.048652e-02,2.409447e-01,9.668668e-05
4.540000e+00,1.790089e-01,4.231444e-02,2.411305e-01,9.890541e-05
4.542000e+00,1.786546e-01,4.415723e-02,2.413117e-01,1.010848e-04
4.544000e+00,1.783025e-01,4.634080e-02,2.414891e-01,1.034316e-04
4.546000e+00,1.779548e-01,4.834895e-02,2.416612e-01,1.058403e-04
4.548000e+00,1.776094e-01,5.035114e-02,2.418273e-01,1.080911e-04
4.550000e+00,1.772590e-01,5.234533e-02,2.419870e-01,1.102781e-04
4.552000e+00,1.768987e-01,5.134766e-02,2.421352e-01,1.108560e-04
4.554000e+00,1.765219e-01,5.308601e-02,2.422809e-01,1.113675e-04
4.556000e+00,1.761234e-01,5.501051e-02,2.425159e-01,1.133243e-04
4.558000e+00,1.757055e-01,5.699544e-02,2.427855e-01,1.153413e-04
4.560000e+00,1.752733e-01,5.901287e-02,2.430484e-01,1.173361e-04
4.562000e+00,1.748314e-01,6.107249e-02,2.433049e-01,1.193157e-04
4.564000e+00,1.743831e-01,6.394315e-02,2.435588e-01,1.216537e-04
4.566000e+00,1.739294e-01,6.640427e-02,2.438043e-01,1.241453e-04
4.568000e+00,1.734704e-01,6.871833e-02,2.440425e-01,1.263411e-04
4.570000e+00,1.730053e-01,7.100616e-02,2.442736e-01,1.284156e-04
4.572000e+00,1.725329e-01,7.330038e-02,2.444980e-01,1.304512e-04
4.574000e+00,1.720534e-01,7.210815e-02,2.447168e-01,1.309597e-04
4.576000e+00,1.715645e-01,7.400529e-02,2.449794e-01,1.313432e-04
4.578000e+00,1.710623e-01,7.601631e-02,2.452376e-01,1.330661e-04
4.580000e+00,1.705462e-01,7.809013e-02,2.454886e-01,1.348349e-04
4.582000e+00,1.700175e-01,8.023227e-02,2.457324e-01,1.366375e-04
4.584000e+00,1.694795e-01,8.241659e-02,2.459692e-01,1.384673e-04
4.586000e+00,1.689363e-01,8.460830e-02,2.461995e-01,1.402948e-04
4.588000e+00,1.683900e-01,8.718287e-02,2.464255e-01,1.422536e-04
4.590000e+00,1.678394e-01,8.950837e-02,2.466445e-01,1.442433e-04
4.592000e+00,1.672801e-01,9.183926e-02,2.468568e-01,1.461176e-04
4.594000e+00,1.667065e-01,9.416582e-02,2.470624e-01,1.479750e-04
4.596000e+00,1.661158e-01,9.236442e-02,2.472501e-01,1.482372e-04
4.598000e+00,1.655077e-01,9.419860e-02,2.474392e-01,1.483526e-04
4.600000e+00,1.648841e-01,9.620240e-02,2.476240e-01,1.498860e-04
4.602000e+00,1.642496e-01,9.828406e-02,2.478019e-01,1.514946e-04
4.604000e+00,1.636077e-01,9.596882e-02,2.479614e-01,1.514535e-04
4.606000e+00,1.629584e-01,9.748068e-02,2.481232e-01,1.512587e-04
4.608000e+00,1.622984e-01,9.920404e-02,2.482819e-01,1.525685e-04
4.610000e+00,1.616250e-01,1.016513e-01,2.484377e-01,1.542194e-04
4.612000e+00,1.609385e-01,1.035340e-01,2.485860e-01,1.559214e-04
4.614000e+00,1.602429e-01,1.053203e-01,2.487278e-01,1.573623e-04
4.616000e+00,1.595440e-01,1.037228e-01,2.488550e-01,1.574584e-04
4.618000e+00,1.588673e-01,1.014353e-01,2.489772e-01,1.559153e-04
4.620000e+00,1.582189e-01,1.027047e-01,2.491033e-01,1.554279e-04
4.622000e+00,1.575838e-01,1.006683e-01,2.492157e-01,1.551289e-04
4.624000e+00,1.569538e-01,1.014481e-01,2.493717e-01,1.546989e-04
4.626000e+00,1.563182e-01,1.025886e-01,2.495327e-01,1.554645e-04
4.628000e+00,1.556774e-01,1.038071e-01,2.496860e-01,1.563990e-04
4.630000e+00,1.550386e-01,1.050687e-01,2.498324e-01,1.573728e-04
4.632000e+00,1.544125e-01,1.063348e-01,2.499724e-01,1.583425e-04
4.634000e+00,1.538088e-01,1.075901e-01,2.501064e-01,1.592802e-04
4.636000e+00,1.532315e-01,1.088517e-01,2.502345e-01,1.601925e-04
4.638000e+00,1.526770e-01,1.101344e-01,2.503566e-01,1.610983e-04
4.640000e+00,1.521367e-01,1.114390e-01,2.504725e-01,1.620053e-04
4.642000e+00,1.516002e-01,1.127641e-01,2.505822e-01,1.629162e-04
4.644000e+00,1.510631e-01,1.086991e-01,2.506774e-01,1.618988e-04
4.646000e+00,1.505224e-01,1.095934e-01,2.507751e-01,1.607614e-04
4.648000e+00,1.499768e-01,1.108293e-01,2.508688e-01,1.615037e-04
4.650000e+00,1.494298e-01,1.121569e-01,2.509563e-01,1.623933e-04
4.652000e+00,1.488834e-01,1.130281e-01,2.510416e-01,1.631080e-04
4.654000e+00,1.483370e-01,1.143934e-01,2.511194e-01,1.638301e-04
4.656000e+00,1.477878e-01,1.157392e-01,2.511890e-01,1.647605e-04
4.658000e+00,1.472331e-01,1.170374e-01,2.512518e-01,1.656896e-04
4.660000e+00,1.466716e-01,1.182627e-01,2.513083e-01,1.665923e-04
4.662000e+00,1.461031e-01,1.190103e-01,2.513612e-01,1.673049e-04
4.664000e+00,1.455280e-01,1.145886e-01,2.513988e-01,1.660743e-04
4.666000e+00,1.449446e-01,1.152066e-01,2.514392e-01,1.648480e-04
4.668000e+00,1.443510e-01,1.157162e-01,2.514760e-01,1.653208e-04
4.670000e+00,1.437463e-01,1.156527e-01,2.515115e-01,1.655257e-04
4.672000e+00,1.431394e-01,1.079768e-01,2.515209e-01,1.628215e-04
4.674000e+00,1.425626e-01,9.966673e-02,2.515686e-01,1.569863e-04
4.676000e+00,1.420237e-01,9.508827e-02,2.516249e-01,1.519195e-04
4.678000e+00,1.414993e-01,9.193136e-02,2.516759e-01,1.487066e-04
4.680000e+00,1.409782e-01,9.199130e-02,2.517290e-01,1.474310e-04
4.682000e+00,1.404775e-01,8.963834e-02,2.517720e-01,1.463646e-04
4.684000e+00,1.400006e-01,9.039082e-02,2.518163e-01,1.455758e-04
4.686000e+00,1.395269e-01,9.156382e-02,2.518558e-01,1.463003e-04
4.688000e+00,1.390560e-01,8.709690e-02,2.518809e-01,1.450096e-04
4.690000e+00,1.385890e-01,8.813782e-02,2.519094e-01,1.437206e-04
4.692000e+00,1.381250e-01,8.968811e-02,2.519324e-01,1.448116e-04
4.694000e+00,1.376650e-01,9.097691e-02,2.519481e-01,1.460115e-04
4.696000e+00,1.372036e-01,9.283227e-02,2.519574e-01,1.473483e-04
4.698000e+00,1.367306e-01,9.398817e-02,2.519602e-01,1.486443e-04
4.700000e+00,1.362443e-01,9.287178e-02,2.519519e-01,1.487662e-04
4.702000e+00,1.357378e-01,9.448826e-02,2.519436e-01,1.490851e-04
4.704000e+00,1.352006e-01,9.639147e-02,2.519311e-01,1.506190e-04
4.706000e+00,1.346718e-01,9.837724e-02,2.519128e-01,1.522873e-04
4.708000e+00,1.341774e-01,9.456749e-02,2.518793e-01,1.517975e-04
4.710000e+00,1.336858e-01,9.313595e-02,2.518368e-01,1.500031e-04
4.712000e+00,1.331927e-01,9.461259e-02,2.517987e-01,1.502001e-04
4.714000e+00,1.326967e-01,9.159876e-02,2.517480e-01,1.498171e-04
4.716000e+00,1.321923e-01,8.800428e-02,2.516851e-01,1.474867e-04
4.718000e+00,1.316766e-01,8.479711e-02,2.516199e-01,1.449964e-04
4.720000e+00,1.311516e-01,8.490658e-02,2.515686e-01,1.438956e-04
4.722000e+00,1.306190e-01,8.638872e-02,2.515569e-01,1.446216e-04
4.724000e+00,1.300861e-01,8.810174e-02,2.515397e-01,1.459142e-04
4.726000e+00,1.295624e-01,8.992351e-02,2.515168e-01,1.472603e-04
4.728000e+00,1.290547e-01,9.058456e-02,2.514856e-01,1.481363e-04
4.730000e+00,1.285677e-01,9.038466e-02,2.514487e-01,1.482025e-04
4.732000e+00,1.280995e-01,9.212571e-02,2.514089e-01,1.486695e-04
4.734000e+00,1.276449e-01,9.054510e-02,2.513557e-01,1.486129e-04
4.736000e+00,1.271981e-01,9.216056e-02,2.513038e-01,1.485112e-04
4.738000e+00,1.267511e-01,9.408828e-02,2.512479e-01,1.497221e-04
4.740000e+00,1.262986e-01,9.396996e-02,2.511813e-01,1.502826e-04
4.742000e+00,1.258366e-01,9.318794e-02,2.511050e-01,1.498494e-04
4.744000e+00,1.253632e-01,9.445927e-02,2.510295e-01,1.499654e-04
4.746000e+00,1.248790e-01,9.626228e-02,2.509508e-01,1.510509e-04
4.748000e+00,1.243882e-01,9.812493e-02,2.508671e-01,1.523543e-04
4.750000e+00,1.238967e-01,9.846281e-02,2.507747e-01,1.531260e-04
4.752000e+00,1.234097e-01,1.001287e-01,2.506798e-01,1.538308e-04
4.754000e+00,1.229297e-01,1.003774e-01,2.505758e-01,1.545143e-04
4.756000e+00,1.224571e-01,1.019511e-01,2.504695e-01,1.551640e-04
4.758000e+00,1.219904e-01,1.035899e-01,2.503586e-01,1.563149e-04
4.760000e+00,1.215289e-01,1.052389e-01,2.502424e-01,1.574819e-04
4.762000e+00,1.210739e-01,1.068821e-01,2.501209e-01,1.586322e-04
4.764000e+00,1.206285e-01,1.085201e-01,2.499944e-01,1.597538e-04
4.766000e+00,1.201955e-01,1.101737e-01,2.498841e-01,1.608552e-04
4.768000e+00,1.197753e-01,1.118549e-01,2.497937e-01,1.619544e-04
4.770000e+00,1.193653e-01,1.135478e-01,2.496989e-01,1.630530e-04
4.772000e+00,1.189609e-01,1.152340e-01,2.496002e-01,1.641370e-04
4.774000e+00,1.185586e-01,1.169247e-01,2.494982e-01,1.652062e-04
4.776000e+00,1.181594e-01,1.178768e-01,2.493920e-01,1.660244e-04
4.778000e+00,1.177690e-01,1.193929e-01,2.492827e-01,1.667799e-04
4.780000e+00,1.174435e-01,1.209403e-01,2.491694e-01,1.677287e-04
4.782000e+00,1.172617e-01,1.224677e-01,2.490514e-01,1.686719e-04
4.784000e+00,1.170968e-01,1.239643e-01,2.489280e-01,1.695991e-04
4.786000e+00,1.169454e-01,1.254051e-01,2.487990e-01,1.705087e-04
4.788000e+00,1.167980e-01,1.267400e-01,2.486646e-01,1.713774e-04
4.790000e+00,1.166425e-01,1.279264e-01,2.485254e-01,1.721727e-04
4.792000e+00,1.164970e-01,1.289524e-01,2.483818e-01,1.728770e-04
4.794000e+00,1.163362e-01,1.298194e-01,2.482341e-01,1.734865e-04
4.796000e+00,1.161531e-01,1.304450e-01,2.480825e-01,1.739665e-04
4.798000e+00,1.159585e-01,1.309409e-01,2.479267e-01,1.743193e-04
4.800000e+00,1.157653e-01,1.312405e-01,2.477666e-01,1.745566e-04
4.802000e+00,1.155847e-01,1.313550e-01,2.476021e-01,1.746588e-04
4.804000e+00,1.154236e-01,1.314373e-01,2.474335e-01,1.746876e-04
4.806000e+00,1.152840e-01,1.313054e-01,2.472622e-01,1.746324e-04
4.808000e+00,1.151627e-01,1.310426e-01,2.471301e-01,1.744533e-04
4.810000e+00,1.150528e-01,1.306603e-01,2.469938e-01,1.741796e-04
4.812000e+00,1.149451e-01,1.301884e-01,2.468537e-01,1.738260e-04
4.814000e+00,1.148315e-01,1.296493e-01,2.467101e-01,1.734146e-04
4.816000e+00,1.147066e-01,1.288524e-01,2.465629e-01,1.728853e-04
4.818000e+00,1.145705e-01,1.280999e-01,2.464128e-01,1.722767e-04
4.820000e+00,1.144276e-01,1.272686e-01,2.462594e-01,1.716516e-04
4.822000e+00,1.142856e-01,1.263557e-01,2.461023e-01,1.709647e-04
4.824000e+00,1.141509e-01,1.253532e-01,2.459411e-01,1.702149e-04
4.826000e+00,1.140258e-01,1.242530e-01,2.457756e-01,1.694037e-04
4.828000e+00,1.139070e-01,1.230643e-01,2.456059e-01,1.685409e-04
4.830000e+00,1.137867e-01,1.218027e-01,2.454321e-01,1.676426e-04
4.832000e+00,1.136570e-01,1.204697e-01,2.452546e-01,1.667188e-04
4.834000e+00,1.135135e-01,1.190516e-01,2.450735e-01,1.657634e-04
4.836000e+00,1.133579e-01,1.175356e-01,2.448889e-01,1.647578e-04
4.838000e+00,1.131972e-01,1.159295e-01,2.447004e-01,1.636890e-04
4.840000e+00,1.130396e-01,1.143835e-01,2.445083e-01,1.626133e-04
4.842000e+00,1.128903e-01,1.126781e-01,2.443114e-01,1.615107e-04
4.844000e+00,1.127490e-01,1.109116e-01,2.441101e-01,1.603396e-04
4.846000e+00,1.126102e-01,1.090838e-01,2.439071e-01,1.591360e-04
4.848000e+00,1.124674e-01,1.072223e-01,2.437399e-01,1.579059e-04
4.850000e+00,1.123181e-01,1.053740e-01,2.435692e-01,1.566738e-04
4.852000e+00,1.121658e-01,1.035618e-01,2.433948e-01,1.554592e-04
4.854000e+00,1.120195e-01,1.017820e-01,2.432160e-01,1.542590e-04
4.856000e+00,1.118892e-01,1.000400e-01,2.430321e-01,1.530700e-04
4.858000e+00,1.117813e-01,9.835962e-02,2.428430e-01,1.519102e-04
4.860000e+00,1.116948e-01,9.511206e-02,2.426791e-01,1.500915e-04
4.862000e+00,1.116217e-01,9.334824e-02,2.425007e-01,1.482331e-04
4.864000e+00,1.115509e-01,9.027188e-02,2.423318e-01,1.464037e-04
4.866000e+00,1.114727e-01,8.845949e-02,2.421477e-01,1.445535e-04
4.868000e+00,1.113830e-01,8.659736e-02,2.419599e-01,1.432107e-04
4.870000e+00,1.112845e-01,8.493689e-02,2.417617e-01,1.419251e-04
4.872000e+00,1.111843e-01,8.332759e-02,2.415549e-01,1.407357e-04
4.874000e+00,1.110906e-01,8.019463e-02,2.413695e-01,1.388408e-04
4.876000e+00,1.110091e-01,7.851443e-02,2.411605e-01,1.368755e-04
4.878000e+00,1.109411e-01,7.685082e-02,2.409365e-01,1.355591e-04
4.880000e+00,1.108844e-01,7.524025e-02,2.407071e-01,1.342791e-04
4.882000e+00,1.108347e-01,7.367003e-02,2.404743e-01,1.330296e-04
4.884000e+00,1.107872e-01,7.111563e-02,2.402506e-01,1.312865e-04
4.886000e+00,1.107380e-01,6.866625e-02,2.400355e-01,1.290456e-04
4.888000e+00,1.106846e-01,6.646262e-02,2.398279e-01,1.269023e-04
4.890000e+00,1.106526e-01,6.490922e-02,2.396261e-01,1.251626e-04
4.892000e+00,1.107107e-01,6.201395e-02,2.394224e-01,1.229977e-04
4.894000e+00,1.107741e-01,5.962563e-02,2.392219e-01,1.203343e-04
4.896000e+00,1.108475e-01,5.825643e-02,2.390076e-01,1.184066e-04
4.898000e+00,1.109355e-01,5.704640e-02,2.387845e-01,1.170839e-04
4.900000e+00,1.110390e-01,5.487604e-02,2.385908e-01,1.152986e-04
4.902000e+00,1.111539e-01,5.372430e-02,2.383869e-01,1.135197e-04
4.904000e+00,1.112727e-01,5.259167e-02,2.381658e-01,1.122862e-04
4.906000e+00,1.113865e-01,5.176799e-02,2.379421e-01,1.112295e-04
4.908000e+00,1.114888e-01,5.022282e-02,2.377149e-01,1.099129e-04
4.910000e+00,1.115786e-01,4.913529e-02,2.374748e-01,1.084426e-04
4.912000e+00,1.116601e-01,4.745459e-02,2.372424e-01,1.068674e-04
4.914000e+00,1.117389e-01,4.641758e-02,2.369986e-01,1.052992e-04
4.916000e+00,1.118187e-01,4.535590e-02,2.367605e-01,1.040801e-04
4.918000e+00,1.118986e-01,4.429336e-02,2.365338e-01,1.028522e-04
4.920000e+00,1.119744e-01,4.318021e-02,2.362867e-01,1.016000e-04
4.922000e+00,1.120413e-01,4.216486e-02,2.360417e-01,1.003588e-04
4.924000e+00,1.120972e-01,4.044794e-02,2.357852e-01,9.871458e-05
4.926000e+00,1.121455e-01,3.871511e-02,2.355357e-01,9.659403e-05
4.928000e+00,1.121937e-01,3.764875e-02,2.352765e-01,9.484609e-05
4.930000e+00,1.122495e-01,3.652720e-02,2.350043e-01,9.347536e-05
4.932000e+00,1.123164e-01,3.548043e-02,2.347258e-01,9.211187e-05
4.934000e+00,1.123916e-01,3.476657e-02,2.344541e-01,9.100180e-05
4.936000e+00,1.124665e-01,3.384608e-02,2.341943e-01,8.997474e-05
4.938000e+00,1.125313e-01,3.236783e-02,2.339509e-01,8.841774e-05
4.940000e+00,1.125810e-01,3.152218e-02,2.337063e-01,8.689037e-05
4.942000e+00,1.126167e-01,3.054215e-02,2.334597e-01,8.570463e-05
4.944000e+00,1.126441e-01,2.934135e-02,2.331851e-01,8.424585e-05
4.946000e+00,1.126725e-01,2.851181e-02,2.329178e-01,8.285999e-05
4.948000e+00,1.127096e-01,2.760239e-02,2.326582e-01,8.164293e-05
4.950000e+00,1.127575e-01,2.675771e-02,2.323900e-01,8.039834e-05
4.952000e+00,1.128127e-01,2.607763e-02,2.321180e-01,7.930630e-05
4.954000e+00,1.128684e-01,2.483034e-02,2.318521e-01,7.785044e-05
4.956000e+00,1.129183e-01,2.410353e-02,2.315803e-01,7.633179e-05
4.958000e+00,1.129588e-01,2.332422e-02,2.313025e-01,7.518485e-05
4.960000e+00,1.129887e-01,2.258009e-02,2.310205e-01,7.402157e-05
4.962000e+00,1.130102e-01,2.197959e-02,2.307421e-01,7.298898e-05
4.964000e+00,1.130266e-01,2.129514e-02,2.304583e-01,7.199413e-05
4.966000e+00,1.130408e-01,2.060808e-02,2.301693e-01,7.091292e-05
4.968000e+00,1.130557e-01,1.992036e-02,2.298761e-01,6.980113e-05
4.970000e+00,1.130732e-01,1.944748e-02,2.295857e-01,6.883429e-05
4.972000e+00,1.130952e-01,1.828464e-02,2.292915e-01,6.738033e-05
4.974000e+00,1.131216e-01,1.766076e-02,2.289955e-01,6.577930e-05
4.976000e+00,1.131508e-01,1.701142e-02,2.286937e-01,6.463675e-05
4.978000e+00,1.131793e-01,1.642203e-02,2.283876e-01,6.351747e-05
4.980000e+00,1.132034e-01,1.566039e-02,2.280655e-01,6.225001e-05
4.982000e+00,1.132213e-01,1.512951e-02,2.277459e-01,6.102830e-05
4.984000e+00,1.132348e-01,1.476139e-02,2.274301e-01,6.015879e-05
4.986000e+00,1.132491e-01,1.444732e-02,2.270980e-01,5.940281e-05
4.988000e+00,1.132704e-01,1.420056e-02,2.267884e-01,5.876617e-05
4.990000e+00,1.133033e-01,1.380955e-02,2.265007e-01,5.805679e-05
4.992000e+00,1.133479e-01,1.340644e-02,2.262099e-01,5.718918e-05
4.994000e+00,1.133996e-01,1.298203e-02,2.259162e-01,5.626421e-05
4.996000e+00,1.134516e-01,1.253970e-02,2.256203e-01,5.527253e-05
4.998000e+00,1.134990e-01,1.239375e-02,2.253178e-01,5.454217e-05
5.000000e+00,1.135414e-01,1.196242e-02,2.250180e-01,5.382668e-05
5.002000e+00,1.135829e-01,1.156223e-02,2.247174e-01,5.283494e-05
5.004000e+00,1.136300e-01,1.107888e-02,2.244132e-01,5.176178e-05
5.006000e+00,1.136874e-01,1.082942e-02,2.241039e-01,5.082770e-05
5.008000e+00,1.137539e-01,1.040141e-02,2.237914e-01,4.995321e-05
5.010000e+00,1.138232e-01,9.978300e-03,2.234757e-01,4.888907e-05
5.012000e+00,1.138862e-01,9.782142e-03,2.231589e-01,4.808005e-05
5.014000e+00,1.139354e-01,9.371188e-03,2.228420e-01,4.728316e-05
5.016000e+00,1.139684e-01,8.999963e-03,2.225208e-01,4.628093e-05
5.018000e+00,1.139889e-01,8.591292e-03,2.221983e-01,4.527157e-05
5.020000e+00,1.140047e-01,8.378991e-03,2.218721e-01,4.444223e-05
5.022000e+00,1.140234e-01,8.012941e-03,2.215427e-01,4.365191e-05
5.024000e+00,1.140494e-01,7.640512e-03,2.212093e-01,4.265083e-05
5.026000e+00,1.140823e-01,7.280303e-03,2.208728e-01,4.164923e-05
5.028000e+00,1.141183e-01,6.975387e-03,2.205337e-01,4.073579e-05
5.030000e+00,1.141531e-01,6.755079e-03,2.201943e-01,4.000509e-05
5.032000e+00,1.141837e-01,6.464657e-03,2.198555e-01,3.928133e-05
5.034000e+00,1.142100e-01,6.191435e-03,2.195146e-01,3.847845e-05
5.036000e+00,1.142343e-01,5.972578e-03,2.191681e-01,3.777688e-05
5.038000e+00,1.142598e-01,5.723437e-03,2.188218e-01,3.711000e-05
5.040000e+00,1.142895e-01,5.481712e-03,2.184737e-01,3.639851e-05
5.042000e+00,1.143260e-01,5.402597e-03,2.181223e-01,3.592931e-05
5.044000e+00,1.143707e-01,5.217142e-03,2.177691e-01,3.552360e-05
5.046000e+00,1.144234e-01,5.037263e-03,2.174127e-01,3.494131e-05
5.048000e+00,1.144819e-01,4.855640e-03,2.170641e-01,3.433748e-05
5.050000e+00,1.145418e-01,4.668972e-03,2.167327e-01,3.369323e-05
5.052000e+00,1.145971e-01,4.488061e-03,2.164005e-01,3.302792e-05
5.054000e+00,1.146419e-01,4.323285e-03,2.160682e-01,3.239076e-05
5.056000e+00,1.146725e-01,4.103453e-03,2.157091e-01,3.166210e-05
5.058000e+00,1.146890e-01,3.970196e-03,2.153599e-01,3.100598e-05
5.060000e+00,1.146957e-01,3.858992e-03,2.150189e-01,3.052690e-05
5.062000e+00,1.146988e-01,3.766862e-03,2.146764e-01,3.009617e-05
5.064000e+00,1.147038e-01,3.676806e-03,2.143223e-01,2.969252e-05
5.066000e+00,1.147123e-01,3.614333e-03,2.139694e-01,2.936164e-05
5.068000e+00,1.147213e-01,3.554692e-03,2.136178e-01,2.909867e-05
5.070000e+00,1.147251e-01,3.489690e-03,2.132667e-01,2.882376e-05
5.072000e+00,1.147184e-01,3.425564e-03,2.129514e-01,2.853751e-05
5.074000e+00,1.147002e-01,3.360631e-03,2.126551e-01,2.826228e-05
5.076000e+00,1.146748e-01,3.284205e-03,2.123582e-01,2.796268e-05
5.078000e+00,1.146503e-01,3.198656e-03,2.120590e-01,2.759952e-05
5.080000e+00,1.146353e-01,3.124318e-03,2.117565e-01,2.722207e-05
5.082000e+00,1.146342e-01,3.074592e-03,2.114510e-01,2.692215e-05
5.084000e+00,1.146459e-01,3.041627e-03,2.111440e-01,2.671661e-05
5.086000e+00,1.146639e-01,3.014941e-03,2.108368e-01,2.655652e-05
5.088000e+00,1.146803e-01,3.000424e-03,2.105305e-01,2.643503e-05
5.090000e+00,1.146891e-01,3.011183e-03,2.102245e-01,2.640634e-05
5.092000e+00,1.146889e-01,3.048746e-03,2.099177e-01,2.650354e-05
5.094000e+00,1.146828e-01,3.123219e-03,2.096062e-01,2.674247e-05
5.096000e+00,1.146763e-01,3.171591e-03,2.092938e-01,2.700980e-05
5.098000e+00,1.146744e-01,3.223280e-03,2.089794e-01,2.723851e-05
5.100000e+00,1.146790e-01,3.284652e-03,2.086635e-01,2.749830e-05
5.102000e+00,1.146892e-01,3.365482e-03,2.083301e-01,2.781368e-05
5.104000e+00,1.147018e-01,3.476750e-03,2.080051e-01,2.822770e-05
5.106000e+00,1.147134e-01,3.587695e-03,2.076846e-01,2.869547e-05
5.108000e+00,1.147217e-01,3.720287e-03,2.073670e-01,2.920717e-05
5.110000e+00,1.147262e-01,3.857091e-03,2.070456e-01,2.977401e-05
5.112000e+00,1.147275e-01,4.046206e-03,2.067258e-01,3.044072e-05
5.114000e+00,1.147266e-01,4.221818e-03,2.064148e-01,3.117153e-05
5.116000e+00,1.147240e-01,4.410940e-03,2.061155e-01,3.188456e-05
5.118000e+00,1.147206e-01,4.620248e-03,2.058147e-01,3.264737e-05
5.120000e+00,1.147169e-01,4.842657e-03,2.055128e-01,3.346084e-05
5.122000e+00,1.147133e-01,5.057936e-03,2.052102e-01,3.426888e-05
5.124000e+00,1.147094e-01,5.233265e-03,2.049016e-01,3.497736e-05
5.126000e+00,1.147040e-01,5.400346e-03,2.045959e-01,3.559210e-05
5.128000e+00,1.146954e-01,6.068089e-03,2.043113e-01,3.692941e-05
5.130000e+00,1.146830e-01,6.445418e-03,2.040071e-01,3.863258e-05
5.132000e+00,1.146673e-01,6.785929e-03,2.036991e-01,3.974876e-05
5.134000e+00,1.146522e-01,7.078560e-03,2.033925e-01,4.069673e-05
5.136000e+00,1.146431e-01,7.332519e-03,2.030752e-01,4.149146e-05
5.138000e+00,1.146456e-01,7.548256e-03,2.027593e-01,4.217573e-05
5.140000e+00,1.146632e-01,7.725124e-03,2.024443e-01,4.275787e-05
5.142000e+00,1.146960e-01,7.818919e-03,2.021166e-01,4.317189e-05
5.144000e+00,1.147406e-01,7.872673e-03,2.017959e-01,4.341037e-05
5.146000e+00,1.147918e-01,7.917447e-03,2.014711e-01,4.356628e-05
5.148000e+00,1.148447e-01,7.905307e-03,2.011553e-01,4.363774e-05
5.150000e+00,1.148958e-01,8.665406e-03,2.008305e-01,4.455708e-05
5.152000e+00,1.149438e-01,8.945821e-03,2.005103e-01,4.586904e-05
5.154000e+00,1.149876e-01,9.118667e-03,2.001934e-01,4.638574e-05
5.156000e+00,1.150259e-01,9.266370e-03,1.998735e-01,4.672269e-05
5.158000e+00,1.150563e-01,1.071665e-02,1.995514e-01,4.842285e-05
5.160000e+00,1.150755e-01,1.155552e-02,1.991938e-01,5.095644e-05
5.162000e+00,1.150813e-01,1.201489e-02,1.988395e-01,5.226446e-05
5.164000e+00,1.150747e-01,1.228254e-02,1.985276e-01,5.293293e-05
5.166000e+00,1.150601e-01,1.246936e-02,1.982275e-01,5.330820e-05
5.168000e+00,1.150442e-01,1.261646e-02,1.979291e-01,5.355098e-05
5.170000e+00,1.150335e-01,1.292717e-02,1.976222e-01,5.392304e-05
5.172000e+00,1.150318e-01,1.337858e-02,1.972957e-01,5.465633e-05
5.174000e+00,1.150387e-01,1.388273e-02,1.969641e-01,5.558874e-05
5.176000e+00,1.150511e-01,1.529345e-02,1.967171e-01,5.738680e-05
5.178000e+00,1.150642e-01,1.608806e-02,1.965168e-01,5.949525e-05
5.180000e+00,1.150734e-01,1.688136e-02,1.963052e-01,6.093703e-05
5.182000e+00,1.150769e-01,1.758799e-02,1.960966e-01,6.226494e-05
5.184000e+00,1.150751e-01,2.044842e-02,1.959053e-01,6.523283e-05
5.186000e+00,1.150702e-01,2.202915e-02,1.957027e-01,6.903284e-05
5.188000e+00,1.150648e-01,2.331539e-02,1.954923e-01,7.132866e-05
5.190000e+00,1.150617e-01,2.444198e-02,1.952802e-01,7.320781e-05
5.192000e+00,1.150630e-01,2.536925e-02,1.950669e-01,7.477414e-05
5.194000e+00,1.150705e-01,2.609836e-02,1.948523e-01,7.602594e-05
5.196000e+00,1.150841e-01,2.662359e-02,1.946374e-01,7.698274e-05
5.198000e+00,1.151015e-01,2.699410e-02,1.944439e-01,7.767978e-05
5.200000e+00,1.151181e-01,2.717832e-02,1.942490e-01,7.812685e-05
5.202000e+00,1.151285e-01,2.725086e-02,1.940549e-01,7.838038e-05
5.204000e+00,1.151280e-01,2.722401e-02,1.938586e-01,7.848671e-05
5.206000e+00,1.151157e-01,2.708177e-02,1.936622e-01,7.844980e-05
5.208000e+00,1.150944e-01,2.686633e-02,1.934650e-01,7.827200e-05
5.210000e+00,1.150704e-01,2.659410e-02,1.932662e-01,7.799684e-05
5.212000e+00,1.150505e-01,2.627722e-02,1.930657e-01,7.765110e-05
5.214000e+00,1.150383e-01,2.591748e-02,1.928637e-01,7.725015e-05
5.216000e+00,1.150810e-01,2.550903e-02,1.926610e-01,7.678830e-05
5.218000e+00,1.151556e-01,2.505298e-02,1.924580e-01,7.625589e-05
5.220000e+00,1.152225e-01,2.456109e-02,1.922550e-01,7.566134e-05
5.222000e+00,1.152774e-01,2.404322e-02,1.920685e-01,7.502222e-05
5.224000e+00,1.153209e-01,2.350155e-02,1.918840e-01,7.434281e-05
5.226000e+00,1.153575e-01,2.294283e-02,1.916981e-01,7.362187e-05
5.228000e+00,1.153927e-01,2.238479e-02,1.915107e-01,7.287848e-05
5.230000e+00,1.154314e-01,2.184104e-02,1.913216e-01,7.214568e-05
5.232000e+00,1.154762e-01,2.130963e-02,1.911314e-01,7.143855e-05
5.234000e+00,1.155280e-01,2.078535e-02,1.909403e-01,7.075052e-05
5.236000e+00,1.155876e-01,2.027450e-02,1.907486e-01,7.008067e-05
5.238000e+00,1.156568e-01,1.978803e-02,1.905563e-01,6.944182e-05
5.240000e+00,1.157385e-01,1.932604e-02,1.903630e-01,6.883827e-05
5.242000e+00,1.158354e-01,1.887689e-02,1.901686e-01,6.825310e-05
5.244000e+00,1.159493e-01,1.842910e-02,1.899726e-01,6.766298e-05
5.246000e+00,1.160805e-01,1.797922e-02,1.897926e-01,6.705511e-05
5.248000e+00,1.162281e-01,1.752836e-02,1.896132e-01,6.642555e-05
5.250000e+00,1.164143e-01,1.709380e-02,1.894317e-01,6.578329e-05
5.252000e+00,1.167170e-01,1.662490e-02,1.892497e-01,6.509258e-05
5.254000e+00,1.170390e-01,1.613564e-02,1.890669e-01,6.431528e-05
5.256000e+00,1.173822e-01,1.563226e-02,1.888837e-01,6.346828e-05
5.258000e+00,1.177476e-01,1.512372e-02,1.886998e-01,6.256717e-05
5.260000e+00,1.181344e-01,1.461098e-02,1.885152e-01,6.162122e-05
5.262000e+00,1.185386e-01,1.409100e-02,1.883296e-01,6.062613e-05
5.264000e+00,1.189544e-01,1.356934e-02,1.881432e-01,5.958456e-05
5.266000e+00,1.193749e-01,1.307433e-02,1.879557e-01,5.853267e-05
5.268000e+00,1.197935e-01,1.258093e-02,1.877744e-01,5.748326e-05
5.270000e+00,1.202040e-01,1.210941e-02,1.876033e-01,5.642588e-05
5.272000e+00,1.206010e-01,1.166243e-02,1.874314e-01,5.538839e-05
5.274000e+00,1.209790e-01,1.125146e-02,1.872589e-01,5.439849e-05
5.276000e+00,1.213327e-01,1.091328e-02,1.870851e-01,5.352295e-05
5.278000e+00,1.216570e-01,1.058063e-02,1.869111e-01,5.273714e-05
5.280000e+00,1.219483e-01,1.027560e-02,1.867368e-01,5.198308e-05
5.282000e+00,1.222041e-01,9.996541e-03,1.865615e-01,5.127480e-05
5.284000e+00,1.224231e-01,9.747844e-03,1.863849e-01,5.061837e-05
5.286000e+00,1.226036e-01,9.569612e-03,1.862061e-01,5.007507e-05
5.288000e+00,1.227481e-01,9.380565e-03,1.860261e-01,4.959734e-05
5.290000e+00,1.230611e-01,9.218720e-03,1.858485e-01,4.912606e-05
5.292000e+00,1.233399e-01,9.010077e-03,1.856857e-01,4.859741e-05
5.294000e+00,1.235761e-01,8.793800e-03,1.855228e-01,4.797493e-05
5.296000e+00,1.237655e-01,8.572258e-03,1.853597e-01,4.732646e-05
5.298000e+00,1.239081e-01,8.339196e-03,1.851962e-01,4.665629e-05
5.300000e+00,1.240076e-01,8.090882e-03,1.850319e-01,4.594537e-05
5.302000e+00,1.240684e-01,7.836750e-03,1.848665e-01,4.519698e-05
5.304000e+00,1.240931e-01,7.590517e-03,1.846997e-01,4.444710e-05
5.306000e+00,1.240813e-01,7.356768e-03,1.845319e-01,4.372252e-05
5.308000e+00,1.240309e-01,7.210244e-03,1.843646e-01,4.311861e-05
5.310000e+00,1.239407e-01,7.017232e-03,1.841967e-01,4.256211e-05
5.312000e+00,1.238127e-01,6.868587e-03,1.840392e-01,4.199868e-05
5.314000e+00,1.236536e-01,6.711762e-03,1.838876e-01,4.148565e-05
5.316000e+00,1.234731e-01,6.569821e-03,1.837353e-01,4.097882e-05
5.318000e+00,1.232816e-01,6.440639e-03,1.835821e-01,4.049934e-05
5.320000e+00,1.230868e-01,6.373120e-03,1.834281e-01,4.011187e-05
5.322000e+00,1.228924e-01,6.278743e-03,1.832731e-01,3.976975e-05
5.324000e+00,1.226990e-01,6.206187e-03,1.831167e-01,3.942366e-05
5.326000e+00,1.225063e-01,6.177413e-03,1.829590e-01,3.917575e-05
5.328000e+00,1.223151e-01,6.131472e-03,1.828011e-01,3.897165e-05
5.330000e+00,1.221287e-01,6.080170e-03,1.826428e-01,3.874094e-05
5.332000e+00,1.219519e-01,6.040826e-03,1.824871e-01,3.853227e-05
5.334000e+00,1.217889e-01,6.007502e-03,1.823429e-01,3.836591e-05
5.336000e+00,1.216421e-01,5.972886e-03,1.821986e-01,3.822236e-05
5.338000e+00,1.215107e-01,5.928059e-03,1.820536e-01,3.807651e-05
5.340000e+00,1.213911e-01,5.882635e-03,1.819079e-01,3.793011e-05
5.342000e+00,1.212791e-01,5.837878e-03,1.817616e-01,3.779878e-05
5.344000e+00,1.211705e-01,5.784600e-03,1.816147e-01,3.766334e-05
5.346000e+00,1.210625e-01,5.715508e-03,1.814672e-01,3.748949e-05
5.348000e+00,1.209539e-01,5.633343e-03,1.813193e-01,3.726634e-05
5.350000e+00,1.208448e-01,5.590336e-03,1.811712e-01,3.707454e-05
5.352000e+00,1.207360e-01,5.502112e-03,1.810226e-01,3.686459e-05
5.354000e+00,1.206285e-01,5.381024e-03,1.808733e-01,3.651400e-05
5.356000e+00,1.205230e-01,5.256264e-03,1.807349e-01,3.608219e-05
5.358000e+00,1.204192e-01,5.127352e-03,1.805970e-01,3.561443e-05
5.360000e+00,1.203151e-01,5.000636e-03,1.804584e-01,3.513112e-05
5.362000e+00,1.202068e-01,4.916653e-03,1.803189e-01,3.471708e-05
5.364000e+00,1.200894e-01,4.799883e-03,1.801789e-01,3.432646e-05
5.366000e+00,1.199591e-01,4.683806e-03,1.800386e-01,3.389147e-05
5.368000e+00,1.198150e-01,4.578726e-03,1.799106e-01,3.348378e-05
5.370000e+00,1.196614e-01,4.492872e-03,1.797841e-01,3.314206e-05
5.372000e+00,1.195064e-01,4.426532e-03,1.796571e-01,3.287737e-05
5.374000e+00,1.193606e-01,4.378987e-03,1.795297e-01,3.267662e-05
5.376000e+00,1.192329e-01,4.328460e-03,1.794018e-01,3.249011e-05
5.378000e+00,1.191279e-01,4.329704e-03,1.792733e-01,3.238274e-05
5.380000e+00,1.190439e-01,4.373846e-03,1.791441e-01,3.247188e-05
5.382000e+00,1.189750e-01,4.458458e-03,1.790144e-01,3.271559e-05
5.384000e+00,1.189138e-01,4.585793e-03,1.788843e-01,3.309781e-05
5.386000e+00,1.188553e-01,4.758480e-03,1.787539e-01,3.362332e-05
5.388000e+00,1.187988e-01,4.971121e-03,1.786232e-01,3.428393e-05
5.390000e+00,1.187475e-01,5.212212e-03,1.784924e-01,3.503958e-05
5.392000e+00,1.187063e-01,5.473424e-03,1.783613e-01,3.584850e-05
5.394000e+00,1.186786e-01,5.751455e-03,1.782298e-01,3.669409e-05
5.396000e+00,1.186644e-01,6.041517e-03,1.780979e-01,3.756942e-05
5.398000e+00,1.186595e-01,6.332553e-03,1.779657e-01,3.845042e-05
5.400000e+00,1.186575e-01,6.610735e-03,1.778331e-01,3.929613e-05
5.402000e+00,1.186520e-01,6.868151e-03,1.777001e-01,4.007348e-05
5.404000e+00,1.186389e-01,7.106592e-03,1.775669e-01,4.077743e-05
5.406000e+00,1.186167e-01,7.329637e-03,1.774336e-01,4.142169e-05
5.408000e+00,1.185868e-01,7.532335e-03,1.773001e-01,4.200786e-05
5.410000e+00,1.185523e-01,7.704846e-03,1.771664e-01,4.251444e-05
5.412000e+00,1.185166e-01,7.846191e-03,1.770326e-01,4.292504e-05
5.414000e+00,1.184831e-01,7.965741e-03,1.768988e-01,4.325313e-05
5.416000e+00,1.184548e-01,8.069212e-03,1.767648e-01,4.352236e-05
5.418000e+00,1.184339e-01,8.125746e-03,1.766307e-01,4.370102e-05
5.420000e+00,1.184219e-01,8.182724e-03,1.764966e-01,4.380556e-05
5.422000e+00,1.184189e-01,8.210651e-03,1.763625e-01,4.386129e-05
5.424000e+00,1.184244e-01,8.216988e-03,1.762286e-01,4.384391e-05
5.426000e+00,1.184369e-01,8.201934e-03,1.760947e-01,4.376621e-05
5.428000e+00,1.184554e-01,8.162010e-03,1.759608e-01,4.362428e-05
5.430000e+00,1.184791e-01,8.096679e-03,1.758270e-01,4.341366e-05
5.432000e+00,1.185078e-01,7.998484e-03,1.756930e-01,4.312797e-05
5.434000e+00,1.185404e-01,7.895532e-03,1.755589e-01,4.279565e-05
5.436000e+00,1.185746e-01,7.770631e-03,1.754246e-01,4.243151e-05
5.438000e+00,1.186070e-01,7.625377e-03,1.752904e-01,4.201089e-05
5.440000e+00,1.186339e-01,7.461928e-03,1.751563e-01,4.153600e-05
5.442000e+00,1.186530e-01,7.184859e-03,1.750226e-01,4.087909e-05
5.444000e+00,1.186646e-01,6.732212e-03,1.748890e-01,3.982647e-05
5.446000e+00,1.186722e-01,5.872501e-03,1.747549e-01,3.791702e-05
5.448000e+00,1.186799e-01,5.600368e-03,1.746235e-01,3.622219e-05
5.450000e+00,1.186910e-01,5.212101e-03,1.744996e-01,3.515713e-05
5.452000e+00,1.187060e-01,5.015302e-03,1.743757e-01,3.419326e-05
5.454000e+00,1.187220e-01,4.849729e-03,1.742518e-01,3.356980e-05
5.456000e+00,1.187343e-01,4.691432e-03,1.741282e-01,3.299264e-05
5.458000e+00,1.187392e-01,4.502199e-03,1.740048e-01,3.235349e-05
5.460000e+00,1.187358e-01,4.237902e-03,1.738815e-01,3.151470e-05
5.462000e+00,1.187267e-01,3.949080e-03,1.737590e-01,3.045509e-05
5.464000e+00,1.187172e-01,3.557059e-03,1.736368e-01,2.913267e-05
5.466000e+00,1.187119e-01,3.358904e-03,1.735147e-01,2.795064e-05
5.468000e+00,1.187129e-01,3.218403e-03,1.733929e-01,2.721516e-05
5.470000e+00,1.187193e-01,3.096114e-03,1.732714e-01,2.662657e-05
5.472000e+00,1.187277e-01,2.986793e-03,1.731501e-01,2.610851e-05
5.474000e+00,1.187340e-01,2.885111e-03,1.730291e-01,2.564133e-05
5.476000e+00,1.187349e-01,2.703888e-03,1.729085e-01,2.501841e-05
5.478000e+00,1.187290e-01,2.601429e-03,1.727882e-01,2.440073e-05
5.480000e+00,1.187162e-01,2.511023e-03,1.726684e-01,2.398470e-05
5.482000e+00,1.186970e-01,2.361303e-03,1.725488e-01,2.346225e-05
5.484000e+00,1.186716e-01,2.268041e-03,1.724297e-01,2.294275e-05
5.486000e+00,1.186394e-01,2.181490e-03,1.723110e-01,2.256798e-05
5.488000e+00,1.185993e-01,2.106063e-03,1.721929e-01,2.224040e-05
5.490000e+00,1.185498e-01,2.044108e-03,1.720753e-01,2.198354e-05
5.492000e+00,1.184902e-01,1.991341e-03,1.719582e-01,2.179181e-05
5.494000e+00,1.184205e-01,1.889106e-03,1.718416e-01,2.149652e-05
5.496000e+00,1.183415e-01,1.849660e-03,1.717254e-01,2.123829e-05
5.498000e+00,1.182554e-01,1.834400e-03,1.716097e-01,2.120126e-05
5.500000e+00,1.181661e-01,1.838153e-03,1.714946e-01,2.127190e-05
5.502000e+00,1.180786e-01,1.858010e-03,1.713801e-01,2.142470e-05
5.504000e+00,1.179988e-01,1.895960e-03,1.712660e-01,2.166019e-05
5.506000e+00,1.179318e-01,1.906864e-03,1.711525e-01,2.187371e-05
5.508000e+00,1.178800e-01,1.980627e-03,1.710394e-01,2.219673e-05
5.510000e+00,1.178421e-01,2.083766e-03,1.709268e-01,2.276899e-05
5.512000e+00,1.178134e-01,2.209034e-03,1.708146e-01,2.345914e-05
5.514000e+00,1.177873e-01,2.354191e-03,1.707030e-01,2.422212e-05
5.516000e+00,1.177583e-01,2.519767e-03,1.705921e-01,2.505130e-05
5.518000e+00,1.177245e-01,2.701694e-03,1.704819e-01,2.594482e-05
5.520000e+00,1.176884e-01,2.887123e-03,1.703723e-01,2.685918e-05
5.522000e+00,1.176555e-01,3.062196e-03,1.702634e-01,2.772255e-05
5.524000e+00,1.176317e-01,3.221438e-03,1.701550e-01,2.849246e-05
5.526000e+00,1.176203e-01,3.340682e-03,1.700471e-01,2.911782e-05
5.528000e+00,1.176206e-01,3.456716e-03,1.699396e-01,2.963389e-05
5.530000e+00,1.176285e-01,3.488085e-03,1.698329e-01,2.993074e-05
5.532000e+00,1.176380e-01,3.532798e-03,1.697269e-01,3.005824e-05
5.534000e+00,1.176443e-01,3.409436e-03,1.696215e-01,2.977418e-05
5.536000e+00,1.176451e-01,3.360841e-03,1.695171e-01,2.928120e-05
5.538000e+00,1.176408e-01,3.358328e-03,1.694138e-01,2.904344e-05
5.540000e+00,1.176331e-01,3.317993e-03,1.693114e-01,2.881996e-05
5.542000e+00,1.176238e-01,3.267450e-03,1.692096e-01,2.849824e-05
5.544000e+00,1.176135e-01,3.213965e-03,1.691085e-01,2.815548e-05
5.546000e+00,1.176030e-01,3.182404e-03,1.690082e-01,2.785968e-05
5.548000e+00,1.175930e-01,3.142970e-03,1.689086e-01,2.760574e-05
5.550000e+00,1.175858e-01,3.108110e-03,1.688098e-01,2.736116e-05
5.552000e+00,1.175844e-01,3.081730e-03,1.687117e-01,2.716256e-05
5.554000e+00,1.175913e-01,3.130165e-03,1.686147e-01,2.714156e-05
5.556000e+00,1.176075e-01,3.138307e-03,1.685185e-01,2.721635e-05
5.558000e+00,1.176320e-01,3.146657e-03,1.684231e-01,2.721974e-05
5.560000e+00,1.176619e-01,3.161830e-03,1.683283e-01,2.724701e-05
5.562000e+00,1.176943e-01,3.190474e-03,1.682343e-01,2.732898e-05
5.564000e+00,1.177273e-01,3.233130e-03,1.681408e-01,2.748153e-05
5.566000e+00,1.177607e-01,3.283336e-03,1.680481e-01,2.768641e-05
5.568000e+00,1.177954e-01,3.336777e-03,1.679562e-01,2.791477e-05
5.570000e+00,1.178328e-01,3.370024e-03,1.678649e-01,2.811279e-05
5.572000e+00,1.178740e-01,3.323160e-03,1.677743e-01,2.811814e-05
5.574000e+00,1.179192e-01,3.377457e-03,1.676845e-01,2.818162e-05
5.576000e+00,1.179684e-01,3.439140e-03,1.675954e-01,2.846764e-05
5.578000e+00,1.180206e-01,3.499659e-03,1.675071e-01,2.876909e-05
5.580000e+00,1.180746e-01,3.563153e-03,1.674194e-01,2.908051e-05
5.582000e+00,1.181283e-01,3.635075e-03,1.673324e-01,2.942600e-05
5.584000e+00,1.181786e-01,3.715407e-03,1.672461e-01,2.981666e-05
5.586000e+00,1.182219e-01,3.799862e-03,1.671604e-01,3.023792e-05
5.588000e+00,1.182552e-01,3.886259e-03,1.670754e-01,3.067028e-05
5.590000e+00,1.182773e-01,4.025437e-03,1.669916e-01,3.119611e-05
5.592000e+00,1.182901e-01,4.099468e-03,1.669089e-01,3.170582e-05
5.594000e+00,1.182983e-01,4.207531e-03,1.668270e-01,3.214497e-05
5.596000e+00,1.183079e-01,4.281618e-03,1.667456e-01,3.255064e-05
5.598000e+00,1.183235e-01,4.365986e-03,1.666648e-01,3.288370e-05
5.600000e+00,1.183462e-01,4.444871e-03,1.665848e-01,3.321006e-05
5.602000e+00,1.183733e-01,4.523891e-03,1.665057e-01,3.350965e-05
5.604000e+00,1.183995e-01,4.586244e-03,1.664274e-01,3.375613e-05
5.606000e+00,1.184195e-01,4.716783e-03,1.663499e-01,3.405374e-05
5.608000e+00,1.184304e-01,4.770590e-03,1.662733e-01,3.431882e-05
5.610000e+00,1.184334e-01,4.817116e-03,1.661976e-01,3.443256e-05
5.612000e+00,1.184330e-01,4.859374e-03,1.661229e-01,3.451784e-05
5.614000e+00,1.184352e-01,4.898063e-03,1.660491e-01,3.458049e-05
5.616000e+00,1.184448e-01,4.935206e-03,1.659759e-01,3.463353e-05
5.618000e+00,1.184638e-01,4.971701e-03,1.659035e-01,3.469326e-05
5.620000e+00,1.184904e-01,4.978518e-03,1.658314e-01,3.471761e-05
5.622000e+00,1.185201e-01,4.882397e-03,1.657598e-01,3.452777e-05
5.624000e+00,1.185479e-01,4.868557e-03,1.656888e-01,3.430415e-05
5.626000e+00,1.185701e-01,4.856433e-03,1.656186e-01,3.421781e-05
5.628000e+00,1.185848e-01,4.841771e-03,1.655492e-01,3.413140e-05
5.630000e+00,1.185926e-01,4.814735e-03,1.654807e-01,3.401950e-05
5.632000e+00,1.185955e-01,4.784417e-03,1.654130e-01,3.387914e-05
5.634000e+00,1.185962e-01,4.747243e-03,1.653461e-01,3.371975e-05
5.636000e+00,1.185966e-01,4.673014e-03,1.652797e-01,3.348830e-05
5.638000e+00,1.185981e-01,4.633353e-03,1.652142e-01,3.325551e-05
5.640000e+00,1.186010e-01,4.593463e-03,1.651494e-01,3.308103e-05
5.642000e+00,1.186042e-01,4.527089e-03,1.650853e-01,3.285777e-05
5.644000e+00,1.186059e-01,4.474832e-03,1.650220e-01,3.260761e-05
5.646000e+00,1.186038e-01,4.375845e-03,1.649595e-01,3.229980e-05
5.648000e+00,1.185962e-01,4.239382e-03,1.648976e-01,3.184006e-05
5.650000e+00,1.185825e-01,4.174572e-03,1.648365e-01,3.143464e-05
5.652000e+00,1.185636e-01,4.095482e-03,1.647762e-01,3.112435e-05
5.654000e+00,1.185418e-01,4.043110e-03,1.647167e-01,3.082698e-05
5.656000e+00,1.185201e-01,3.972100e-03,1.646571e-01,3.053802e-05
5.658000e+00,1.185006e-01,3.920697e-03,1.645980e-01,3.024932e-05
5.660000e+00,1.184848e-01,3.870464e-03,1.645397e-01,2.999959e-05
5.662000e+00,1.184725e-01,3.821006e-03,1.644822e-01,2.975772e-05
5.664000e+00,1.184630e-01,3.772368e-03,1.644256e-01,2.952606e-05
5.666000e+00,1.184551e-01,3.722788e-03,1.643698e-01,2.930277e-05
5.668000e+00,1.184482e-01,3.668280e-03,1.643148e-01,2.907288e-05
5.670000e+00,1.184415e-01,3.606705e-03,1.642607e-01,2.881831e-05
5.672000e+00,1.184342e-01,3.541173e-03,1.642072e-01,2.854161e-05
5.674000e+00,1.184246e-01,3.475716e-03,1.641544e-01,2.826469e-05
5.676000e+00,1.184110e-01,3.408758e-03,1.641023e-01,2.799554e-05
5.678000e+00,1.183919e-01,3.335856e-03,1.640510e-01,2.771524e-05
5.680000e+00,1.183674e-01,3.258412e-03,1.640005e-01,2.741201e-05
5.682000e+00,1.183398e-01,3.183747e-03,1.639509e-01,2.710714e-05
5.684000e+00,1.183128e-01,3.115911e-03,1.639022e-01,2.682692e-05
5.686000e+00,1.182911e-01,3.052159e-03,1.638543e-01,2.656661e-05
5.688000e+00,1.182781e-01,2.989637e-03,1.638073e-01,2.630600e-05
5.690000e+00,1.182745e-01,2.936680e-03,1.637609e-01,2.606087e-05
5.692000e+00,1.182783e-01,2.885194e-03,1.637151e-01,2.584183e-05
5.694000e+00,1.182850e-01,2.836978e-03,1.636699e-01,2.563706e-05
5.696000e+00,1.182891e-01,2.787098e-03,1.636253e-01,2.543357e-05
5.698000e+00,1.182860e-01,2.732497e-03,1.635814e-01,2.520983e-05
5.700000e+00,1.182728e-01,2.674156e-03,1.635384e-01,2.496231e-05
5.702000e+00,1.182486e-01,2.614725e-03,1.634961e-01,2.470181e-05
5.704000e+00,1.182143e-01,2.554542e-03,1.634546e-01,2.443621e-05
5.706000e+00,1.181719e-01,2.491070e-03,1.634138e-01,2.415922e-05
5.708000e+00,1.181243e-01,2.422729e-03,1.633737e-01,2.385855e-05
5.710000e+00,1.180748e-01,2.351483e-03,1.633421e-01,2.353353e-05
5.712000e+00,1.180264e-01,2.277100e-03,1.633244e-01,2.318871e-05
5.714000e+00,1.179810e-01,2.204851e-03,1.633075e-01,2.283778e-05
5.716000e+00,1.179394e-01,2.131084e-03,1.632912e-01,2.248523e-05
5.718000e+00,1.179000e-01,2.057571e-03,1.632757e-01,2.212785e-05
5.720000e+00,1.178601e-01,1.986541e-03,1.632608e-01,2.177760e-05
5.722000e+00,1.178163e-01,1.917326e-03,1.632466e-01,2.143747e-05
5.724000e+00,1.177659e-01,1.849295e-03,1.632332e-01,2.109993e-05
5.726000e+00,1.177250e-01,1.785768e-03,1.632206e-01,2.076964e-05
5.728000e+00,1.177391e-01,1.731269e-03,1.632087e-01,2.046978e-05
5.730000e+00,1.177538e-01,1.686158e-03,1.631975e-01,2.021808e-05
5.732000e+00,1.177706e-01,1.647091e-03,1.631868e-01,2.000969e-05
5.734000e+00,1.177898e-01,1.612290e-03,1.631767e-01,1.983140e-05
5.736000e+00,1.178098e-01,1.584406e-03,1.631672e-01,1.968548e-05
5.738000e+00,1.178279e-01,1.567754e-03,1.631583e-01,1.959262e-05
5.740000e+00,1.178420e-01,1.563309e-03,1.631502e-01,1.956928e-05
5.742000e+00,1.178517e-01,1.568362e-03,1.631427e-01,1.960775e-05
5.744000e+00,1.178585e-01,1.576174e-03,1.631359e-01,1.967172e-05
5.746000e+00,1.178651e-01,1.587981e-03,1.631297e-01,1.974282e-05
5.748000e+00,1.178742e-01,1.606507e-03,1.631240e-01,1.983993e-05
5.750000e+00,1.178865e-01,1.630588e-03,1.631188e-01,1.997135e-05
5.752000e+00,1.179007e-01,1.655811e-03,1.631142e-01,2.011575e-05
5.754000e+00,1.179140e-01,1.681416e-03,1.631101e-01,2.025680e-05
5.756000e+00,1.179234e-01,1.711962e-03,1.631068e-01,2.041350e-05
5.758000e+00,1.179274e-01,1.750892e-03,1.631041e-01,2.061131e-05
5.760000e+00,1.179262e-01,1.796800e-03,1.631021e-01,2.084404e-05
5.762000e+00,1.179223e-01,1.847515e-03,1.631007e-01,2.109143e-05
5.764000e+00,1.179186e-01,1.904221e-03,1.630998e-01,2.135727e-05
5.766000e+00,1.179178e-01,1.969379e-03,1.630992e-01,2.166327e-05
5.768000e+00,1.179211e-01,2.044766e-03,1.630989e-01,2.201793e-05
5.770000e+00,1.179280e-01,2.128814e-03,1.630991e-01,2.240973e-05
5.772000e+00,1.179374e-01,2.219815e-03,1.630998e-01,2.282441e-05
5.774000e+00,1.179472e-01,2.316912e-03,1.631010e-01,2.325921e-05
5.776000e+00,1.179559e-01,2.419855e-03,1.631397e-01,2.371613e-05
5.778000e+00,1.179625e-01,2.527779e-03,1.631798e-01,2.419268e-05
5.780000e+00,1.179669e-01,2.639642e-03,1.632206e-01,2.468198e-05
5.782000e+00,1.179692e-01,2.757030e-03,1.632620e-01,2.518401e-05
5.784000e+00,1.179700e-01,2.884469e-03,1.633041e-01,2.571336e-05
5.786000e+00,1.179698e-01,3.024581e-03,1.633468e-01,2.628599e-05
5.788000e+00,1.179692e-01,3.175135e-03,1.633900e-01,2.689915e-05
5.790000e+00,1.179681e-01,3.333588e-03,1.634339e-01,2.753738e-05
5.792000e+00,1.179663e-01,3.502354e-03,1.634784e-01,2.819810e-05
5.794000e+00,1.179636e-01,3.686192e-03,1.635234e-01,2.889634e-05
5.796000e+00,1.179595e-01,3.886310e-03,1.635691e-01,2.964218e-05
5.798000e+00,1.179540e-01,4.100705e-03,1.636155e-01,3.042878e-05
5.800000e+00,1.179473e-01,4.328870e-03,1.636624e-01,3.124653e-05
5.802000e+00,1.179395e-01,4.572878e-03,1.637100e-01,3.209666e-05
5.804000e+00,1.179301e-01,4.834308e-03,1.637581e-01,3.298606e-05
5.806000e+00,1.179175e-01,5.112737e-03,1.638067e-01,3.391644e-05
5.808000e+00,1.178992e-01,5.407429e-03,1.638558e-01,3.488226e-05
5.810000e+00,1.178720e-01,5.719183e-03,1.639053e-01,3.587665e-05
5.812000e+00,1.178334e-01,6.049967e-03,1.639553e-01,3.689809e-05
5.814000e+00,1.177826e-01,6.400193e-03,1.640058e-01,3.794936e-05
5.816000e+00,1.177214e-01,6.766805e-03,1.640569e-01,3.902859e-05
5.818000e+00,1.176527e-01,7.145941e-03,1.641085e-01,4.012646e-05
5.820000e+00,1.175803e-01,7.537058e-03,1.641606e-01,4.123609e-05
5.822000e+00,1.175064e-01,7.941662e-03,1.642131e-01,4.235782e-05
5.824000e+00,1.174311e-01,9.301497e-03,1.642652e-01,4.460194e-05
5.826000e+00,1.173518e-01,1.241667e-02,1.643166e-01,4.970372e-05
5.828000e+00,1.172663e-01,1.461515e-02,1.643650e-01,5.547030e-05
5.830000e+00,1.171728e-01,1.768292e-02,1.644119e-01,6.046339e-05
5.832000e+00,1.170722e-01,2.124713e-02,1.644583e-01,6.629571e-05
5.834000e+00,1.169680e-01,2.400898e-02,1.645032e-01,7.149140e-05
5.836000e+00,1.168649e-01,2.613623e-02,1.645468e-01,7.525159e-05
5.838000e+00,1.167668e-01,2.845126e-02,1.645898e-01,7.852044e-05
5.840000e+00,1.166748e-01,3.084553e-02,1.646312e-01,8.184971e-05
5.842000e+00,1.165866e-01,3.258264e-02,1.646726e-01,8.469587e-05
5.844000e+00,1.164973e-01,3.438422e-02,1.647144e-01,8.707299e-05
5.846000e+00,1.164005e-01,3.798623e-02,1.647564e-01,9.053321e-05
5.848000e+00,1.162920e-01,4.092568e-02,1.647982e-01,9.462595e-05
5.850000e+00,1.161712e-01,4.319902e-02,1.648403e-01,9.778019e-05
5.852000e+00,1.160405e-01,4.672101e-02,1.648827e-01,1.012163e-04
5.854000e+00,1.159039e-01,4.943949e-02,1.649249e-01,1.048989e-04
5.856000e+00,1.157662e-01,5.256133e-02,1.649657e-01,1.082277e-04
5.858000e+00,1.156308e-01,5.485810e-02,1.650063e-01,1.112639e-04
5.860000e+00,1.154985e-01,5.755439e-02,1.650471e-01,1.140005e-04
5.862000e+00,1.153674e-01,6.030910e-02,1.650871e-01,1.168975e-04
5.864000e+00,1.152344e-01,6.298370e-02,1.651277e-01,1.197253e-04
5.866000e+00,1.150962e-01,6.534860e-02,1.651692e-01,1.223046e-04
5.868000e+00,1.149506e-01,6.835887e-02,1.652109e-01,1.249850e-04
5.870000e+00,1.147971e-01,7.087210e-02,1.652529e-01,1.276833e-04
5.872000e+00,1.146382e-01,7.279900e-02,1.652954e-01,1.298445e-04
5.874000e+00,1.144773e-01,7.480826e-02,1.653366e-01,1.317212e-04
5.876000e+00,1.143178e-01,7.732941e-02,1.653783e-01,1.338261e-04
5.878000e+00,1.141624e-01,7.971684e-02,1.654209e-01,1.360685e-04
5.880000e+00,1.140123e-01,8.119945e-02,1.654630e-01,1.378560e-04
5.882000e+00,1.138669e-01,8.374781e-02,1.655055e-01,1.396907e-04
5.884000e+00,1.137234e-01,8.624057e-02,1.655482e-01,1.418619e-04
5.886000e+00,1.135787e-01,8.797112e-02,1.655912e-01,1.436663e-04
5.888000e+00,1.134300e-01,8.931397e-02,1.656339e-01,1.450091e-04
5.890000e+00,1.132753e-01,9.166190e-02,1.656769e-01,1.465722e-04
5.892000e+00,1.131155e-01,9.408081e-02,1.657204e-01,1.485030e-04
5.894000e+00,1.129549e-01,9.533302e-02,1.657638e-01,1.499938e-04
5.896000e+00,1.127974e-01,9.446389e-02,1.658072e-01,1.502307e-04
5.898000e+00,1.126440e-01,9.524951e-02,1.658505e-01,1.502972e-04
5.900000e+00,1.124955e-01,9.640065e-02,1.658939e-01,1.510995e-04
5.902000e+00,1.123523e-01,9.635048e-02,1.659371e-01,1.515596e-04
5.904000e+00,1.122145e-01,9.456084e-02,1.659805e-01,1.508926e-04
5.906000e+00,1.120818e-01,9.249185e-02,1.660249e-01,1.494674e-04
5.908000e+00,1.119538e-01,9.247590e-02,1.660698e-01,1.487196e-04
5.910000e+00,1.118312e-01,9.243086e-02,1.661152e-01,1.487231e-04
5.912000e+00,1.117169e-01,9.096441e-02,1.661612e-01,1.481444e-04
5.914000e+00,1.116105e-01,9.109255e-02,1.662083e-01,1.476137e-04
5.916000e+00,1.115060e-01,9.169420e-02,1.662559e-01,1.478548e-04
5.918000e+00,1.114010e-01,9.205799e-02,1.663038e-01,1.481495e-04
5.920000e+00,1.112930e-01,9.300148e-02,1.663519e-01,1.485644e-04
5.922000e+00,1.111805e-01,9.287796e-02,1.664002e-01,1.487835e-04
5.924000e+00,1.110662e-01,9.398614e-02,1.664490e-01,1.490777e-04
5.926000e+00,1.109557e-01,9.454299e-02,1.664984e-01,1.496313e-04
5.928000e+00,1.108663e-01,9.363648e-02,1.665489e-01,1.493660e-04
5.930000e+00,1.108779e-01,9.346931e-02,1.665999e-01,1.488304e-04
5.932000e+00,1.108979e-01,9.318815e-02,1.666508e-01,1.485254e-04
5.934000e+00,1.109235e-01,9.305677e-02,1.667018e-01,1.482339e-04
5.936000e+00,1.109506e-01,9.249693e-02,1.667546e-01,1.478163e-04
5.938000e+00,1.109768e-01,9.264611e-02,1.668082e-01,1.475083e-04
5.940000e+00,1.110011e-01,9.314292e-02,1.668620e-01,1.475992e-04
5.942000e+00,1.110243e-01,9.392274e-02,1.669160e-01,1.479360e-04
5.944000e+00,1.110486e-01,9.449964e-02,1.669699e-01,1.482909e-04
5.946000e+00,1.110764e-01,9.550150e-02,1.670239e-01,1.487268e-04
5.948000e+00,1.111100e-01,9.656660e-02,1.670781e-01,1.493663e-04
5.950000e+00,1.111523e-01,9.735090e-02,1.671322e-01,1.499112e-04
5.952000e+00,1.112052e-01,9.806919e-02,1.671858e-01,1.503086e-04
5.954000e+00,1.112687e-01,9.930468e-02,1.672393e-01,1.509011e-04
5.956000e+00,1.113408e-01,1.006169e-01,1.672928e-01,1.517558e-04
5.958000e+00,1.114178e-01,1.011431e-01,1.673459e-01,1.523406e-04
5.960000e+00,1.114951e-01,1.014350e-01,1.673985e-01,1.525237e-04
5.962000e+00,1.115692e-01,1.026509e-01,1.674511e-01,1.529809e-04
5.964000e+00,1.116392e-01,1.039808e-01,1.675040e-01,1.538852e-04
5.966000e+00,1.117065e-01,1.049534e-01,1.675569e-01,1.547105e-04
5.968000e+00,1.117739e-01,1.063545e-01,1.676100e-01,1.555823e-04
5.970000e+00,1.118442e-01,1.075996e-01,1.676629e-01,1.565784e-04
5.972000e+00,1.119184e-01,1.091104e-01,1.677157e-01,1.576381e-04
5.974000e+00,1.119958e-01,1.092021e-01,1.677688e-01,1.582705e-04
5.976000e+00,1.120745e-01,1.103445e-01,1.678221e-01,1.587782e-04
5.978000e+00,1.121533e-01,1.112627e-01,1.678750e-01,1.596145e-04
5.980000e+00,1.122331e-01,1.124706e-01,1.679278e-01,1.604969e-04
5.982000e+00,1.123171e-01,1.137238e-01,1.679882e-01,1.615308e-04
5.984000e+00,1.124096e-01,1.149936e-01,1.680526e-01,1.626079e-04
5.986000e+00,1.125143e-01,1.159822e-01,1.681164e-01,1.635901e-04
5.988000e+00,1.126330e-01,1.165703e-01,1.681792e-01,1.643117e-04
5.990000e+00,1.127642e-01,1.170223e-01,1.682418e-01,1.648170e-04
5.992000e+00,1.129047e-01,1.175402e-01,1.683047e-01,1.652839e-04
5.994000e+00,1.130512e-01,1.184501e-01,1.683678e-01,1.659141e-04
5.996000e+00,1.132016e-01,1.193887e-01,1.684311e-01,1.666918e-04
5.998000e+00,1.133564e-01,1.203330e-01,1.684944e-01,1.674722e-04
6.000000e+00,1.135177e-01,1.212754e-01,1.685578e-01,1.682403e-04
