$MeshFormat
4.1 0 8
$EndMeshFormat
$PhysicalNames
5
2 1 "inlet"
2 2 "outlet"
2 3 "walls"
2 4 "membrane"
3 5 "internalfield"
$EndPhysicalNames
$Entities
16 24 12 1
9 2.96 1.5 3.5 0 
10 2.96 1.5 1.5 0 
11 2.96 3.5 3.5 0 
12 2.96 3.5 1.5 0 
13 3.04 1.5 3.5 0 
14 3.04 1.5 1.5 0 
15 3.04 3.5 3.5 0 
16 3.04 3.5 1.5 0 
17 0 0 5 0 
18 0 0 0 0 
19 0 5 5 0 
20 0 5 0 0 
21 10 0 0 0 
22 10 0 5 0 
23 10 5 5 0 
24 10 5 0 0 
13 2.9589998999 1.4989998999 1.4989998999 2.9610001001 1.5010001001 3.5010001001 0 2 10 -9 
14 2.9589998999 1.4989998999 3.4989998999 2.9610001001 3.5010001001 3.5010001001 0 2 9 -11 
15 2.9589998999 3.4989998999 1.4989998999 2.9610001001 3.5010001001 3.5010001001 0 2 12 -11 
16 2.9589998999 1.4989998999 1.4989998999 2.9610001001 3.5010001001 1.5010001001 0 2 10 -12 
17 3.0389998999 1.4989998999 1.4989998999 3.0410001001 1.5010001001 3.5010001001 0 2 14 -13 
18 3.0389998999 1.4989998999 3.4989998999 3.0410001001 3.5010001001 3.5010001001 0 2 13 -15 
19 3.0389998999 3.4989998999 1.4989998999 3.0410001001 3.5010001001 3.5010001001 0 2 16 -15 
20 3.0389998999 1.4989998999 1.4989998999 3.0410001001 3.5010001001 1.5010001001 0 2 14 -16 
21 2.9598398996 1.4998398996 1.4998398996 3.0401601004 1.5001601004 1.5001601004 0 2 10 -14 
22 2.9598398996 1.4998398996 3.4998398996 3.0401601004 1.5001601004 3.5001601004 0 2 9 -13 
23 2.9598398996 3.4998398996 1.4998398996 3.0401601004 3.5001601004 1.5001601004 0 2 12 -16 
24 2.9598398996 3.4998398996 3.4998398996 3.0401601004 3.5001601004 3.5001601004 0 2 11 -15 
25 -1e-07 -1e-07 -9.999999983634211e-08 1e-07 1e-07 5.0000001 0 2 18 -17 
26 -1e-07 -9.999999983634211e-08 4.9999999 1e-07 5.0000001 5.0000001 0 2 17 -19 
27 -1e-07 4.9999999 -9.999999983634211e-08 1e-07 5.0000001 5.0000001 0 2 20 -19 
28 -1e-07 -9.999999983634211e-08 -1e-07 1e-07 5.0000001 1e-07 0 2 18 -20 
29 -1.000000002804313e-07 -1e-07 -1e-07 10.0000001 1e-07 1e-07 0 2 18 -21 
30 9.999999900000001 -1e-07 -9.999999983634211e-08 10.0000001 1e-07 5.0000001 0 2 21 -22 
31 -1.000000002804313e-07 -1e-07 4.9999999 10.0000001 1e-07 5.0000001 0 2 17 -22 
32 -1.000000002804313e-07 4.9999999 4.9999999 10.0000001 5.0000001 5.0000001 0 2 19 -23 
33 9.999999900000001 -9.999999983634211e-08 4.9999999 10.0000001 5.0000001 5.0000001 0 2 22 -23 
34 -1.000000002804313e-07 4.9999999 -1e-07 10.0000001 5.0000001 1e-07 0 2 20 -24 
35 9.999999900000001 4.9999999 -9.999999983634211e-08 10.0000001 5.0000001 5.0000001 0 2 24 -23 
36 9.999999900000001 -9.999999983634211e-08 -1e-07 10.0000001 5.0000001 1e-07 0 2 21 -24 
7 2.959999899999999 1.499999899999999 1.499999899999999 2.960000100000001 3.500000100000001 3.500000100000001 1 4 4 -13 16 15 -14 
8 3.039999899999999 1.499999899999999 1.499999899999999 3.040000100000001 3.500000100000001 3.500000100000001 1 4 4 -17 20 19 -18 
9 2.9599999 1.499999899999999 1.499999899999999 3.0400001 1.500000100000001 3.5000001 1 4 4 -21 13 22 -17 
10 2.9599999 3.4999999 1.499999899999999 3.0400001 3.5000001 3.5000001 1 4 4 -23 15 24 -19 
11 2.9599999 1.499999899999999 1.499999899999999 3.0400001 3.5000001 1.500000100000001 1 4 4 -16 21 20 -23 
12 2.9599999 1.499999899999999 3.4999999 3.0400001 3.5000001 3.5000001 1 4 4 -14 22 18 -24 
13 -1e-07 -9.999999983634211e-08 -9.999999983634211e-08 1e-07 5.0000001 5.0000001 1 1 4 -25 28 27 -26 
14 -1.000000002804313e-07 -1e-07 -9.999999983634211e-08 10.0000001 1e-07 5.0000001 1 3 4 -29 25 31 -30 
15 -1.000000002804313e-07 -9.999999983634211e-08 4.9999999 10.0000001 5.0000001 5.0000001 1 3 4 -26 31 33 -32 
16 -1.000000002804313e-07 4.9999999 -9.999999983634211e-08 10.0000001 5.0000001 5.0000001 1 3 4 -34 27 32 -35 
17 -1.000000002804313e-07 -9.999999983634211e-08 -1e-07 10.0000001 5.0000001 1e-07 1 3 4 -28 29 36 -34 
18 9.999999900000001 -9.999999983634211e-08 -9.999999983634211e-08 10.0000001 5.0000001 5.0000001 1 2 4 -30 36 35 -33 
1 -1.000000011686097e-07 -1.000000007245205e-07 -1.000000007245205e-07 10.0000001 5.000000100000001 5.000000100000001 1 5 12 -13 -14 15 16 -17 18 7 9 -12 -10 11 -8 
$EndEntities
$Nodes
49 4051 1 4051
0 9 0 1
1
2.96 1.5 3.5
0 10 0 1
2
2.96 1.5 1.5
0 11 0 1
3
2.96 3.5 3.5
0 12 0 1
4
2.96 3.5 1.5
0 13 0 1
5
3.04 1.5 3.5
0 14 0 1
6
3.04 1.5 1.5
0 15 0 1
7
3.04 3.5 3.5
0 16 0 1
8
3.04 3.5 1.5
0 17 0 1
9
0 0 5
0 18 0 1
10
0 0 0
0 19 0 1
11
0 5 5
0 20 0 1
12
0 5 0
0 21 0 1
13
10 0 0
0 22 0 1
14
10 0 5
0 23 0 1
15
10 5 5
0 24 0 1
16
10 5 0
1 13 0 16
17
18
19
20
21
22
23
24
25
26
27
28
29
30
31
32
2.96 1.5 1.617647058823529
2.96 1.5 1.735294117647059
2.96 1.5 1.852941176470589
2.96 1.5 1.970588235294118
2.96 1.5 2.088235294117648
2.96 1.5 2.205882352941178
2.96 1.5 2.323529411764707
2.96 1.5 2.441176470588237
2.96 1.5 2.558823529411766
2.96 1.5 2.676470588235296
2.96 1.5 2.794117647058825
2.96 1.5 2.911764705882354
2.96 1.5 3.029411764705883
2.96 1.5 3.147058823529412
2.96 1.5 3.264705882352941
2.96 1.5 3.38235294117647
1 14 0 16
33
34
35
36
37
38
39
40
41
42
43
44
45
46
47
48
2.96 1.617647058823529 3.5
2.96 1.735294117647059 3.5
2.96 1.852941176470589 3.5
2.96 1.970588235294118 3.5
2.96 2.088235294117648 3.5
2.96 2.205882352941178 3.5
2.96 2.323529411764707 3.5
2.96 2.441176470588237 3.5
2.96 2.558823529411766 3.5
2.96 2.676470588235296 3.5
2.96 2.794117647058825 3.5
2.96 2.911764705882354 3.5
2.96 3.029411764705883 3.5
2.96 3.147058823529412 3.5
2.96 3.264705882352941 3.5
2.96 3.38235294117647 3.5
1 15 0 16
49
50
51
52
53
54
55
56
57
58
59
60
61
62
63
64
2.96 3.5 1.617647058823529
2.96 3.5 1.735294117647059
2.96 3.5 1.852941176470589
2.96 3.5 1.970588235294118
2.96 3.5 2.088235294117648
2.96 3.5 2.205882352941178
2.96 3.5 2.323529411764707
2.96 3.5 2.441176470588237
2.96 3.5 2.558823529411766
2.96 3.5 2.676470588235296
2.96 3.5 2.794117647058825
2.96 3.5 2.911764705882354
2.96 3.5 3.029411764705883
2.96 3.5 3.147058823529412
2.96 3.5 3.264705882352941
2.96 3.5 3.38235294117647
1 16 0 16
65
66
67
68
69
70
71
72
73
74
75
76
77
78
79
80
2.96 1.617647058823529 1.5
2.96 1.735294117647059 1.5
2.96 1.852941176470589 1.5
2.96 1.970588235294118 1.5
2.96 2.088235294117648 1.5
2.96 2.205882352941178 1.5
2.96 2.323529411764707 1.5
2.96 2.441176470588237 1.5
2.96 2.558823529411766 1.5
2.96 2.676470588235296 1.5
2.96 2.794117647058825 1.5
2.96 2.911764705882354 1.5
2.96 3.029411764705883 1.5
2.96 3.147058823529412 1.5
2.96 3.264705882352941 1.5
2.96 3.38235294117647 1.5
1 17 0 16
81
82
83
84
85
86
87
88
89
90
91
92
93
94
95
96
3.04 1.5 1.617647058823529
3.04 1.5 1.735294117647059
3.04 1.5 1.852941176470589
3.04 1.5 1.970588235294118
3.04 1.5 2.088235294117648
3.04 1.5 2.205882352941178
3.04 1.5 2.323529411764707
3.04 1.5 2.441176470588237
3.04 1.5 2.558823529411766
3.04 1.5 2.676470588235296
3.04 1.5 2.794117647058825
3.04 1.5 2.911764705882354
3.04 1.5 3.029411764705883
3.04 1.5 3.147058823529412
3.04 1.5 3.264705882352941
3.04 1.5 3.38235294117647
1 18 0 16
97
98
99
100
101
102
103
104
105
106
107
108
109
110
111
112
3.04 1.617647058823529 3.5
3.04 1.735294117647059 3.5
3.04 1.852941176470589 3.5
3.04 1.970588235294118 3.5
3.04 2.088235294117648 3.5
3.04 2.205882352941178 3.5
3.04 2.323529411764707 3.5
3.04 2.441176470588237 3.5
3.04 2.558823529411766 3.5
3.04 2.676470588235296 3.5
3.04 2.794117647058825 3.5
3.04 2.911764705882354 3.5
3.04 3.029411764705883 3.5
3.04 3.147058823529412 3.5
3.04 3.264705882352941 3.5
3.04 3.38235294117647 3.5
1 19 0 16
113
114
115
116
117
118
119
120
121
122
123
124
125
126
127
128
3.04 3.5 1.617647058823529
3.04 3.5 1.735294117647059
3.04 3.5 1.852941176470589
3.04 3.5 1.970588235294118
3.04 3.5 2.088235294117648
3.04 3.5 2.205882352941178
3.04 3.5 2.323529411764707
3.04 3.5 2.441176470588237
3.04 3.5 2.558823529411766
3.04 3.5 2.676470588235296
3.04 3.5 2.794117647058825
3.04 3.5 2.911764705882354
3.04 3.5 3.029411764705883
3.04 3.5 3.147058823529412
3.04 3.5 3.264705882352941
3.04 3.5 3.38235294117647
1 20 0 16
129
130
131
132
133
134
135
136
137
138
139
140
141
142
143
144
3.04 1.617647058823529 1.5
3.04 1.735294117647059 1.5
3.04 1.852941176470589 1.5
3.04 1.970588235294118 1.5
3.04 2.088235294117648 1.5
3.04 2.205882352941178 1.5
3.04 2.323529411764707 1.5
3.04 2.441176470588237 1.5
3.04 2.558823529411766 1.5
3.04 2.676470588235296 1.5
3.04 2.794117647058825 1.5
3.04 2.911764705882354 1.5
3.04 3.029411764705883 1.5
3.04 3.147058823529412 1.5
3.04 3.264705882352941 1.5
3.04 3.38235294117647 1.5
1 25 0 8
145
146
147
148
149
150
151
152
0 0 0.5555555555555564
0 0 1.111111111111112
0 0 1.666666666666669
0 0 2.222222222222227
0 0 2.777777777777782
0 0 3.333333333333336
0 0 3.88888888888889
0 0 4.444444444444444
1 26 0 8
153
154
155
156
157
158
159
160
0 0.5555555555555564 5
0 1.111111111111112 5
0 1.666666666666669 5
0 2.222222222222227 5
0 2.777777777777782 5
0 3.333333333333336 5
0 3.88888888888889 5
0 4.444444444444444 5
1 27 0 8
161
162
163
164
165
166
167
168
0 5 0.5555555555555564
0 5 1.111111111111112
0 5 1.666666666666669
0 5 2.222222222222227
0 5 2.777777777777782
0 5 3.333333333333336
0 5 3.88888888888889
0 5 4.444444444444444
1 28 0 8
169
170
171
172
173
174
175
176
0 0.5555555555555564 0
0 1.111111111111112 0
0 1.666666666666669 0
0 2.222222222222227 0
0 2.777777777777782 0
0 3.333333333333336 0
0 3.88888888888889 0
0 4.444444444444444 0
1 29 0 16
177
178
179
180
181
182
183
184
185
186
187
188
189
190
191
192
0.5882352941176477 0 0
1.176470588235296 0 0
1.764705882352943 0 0
2.35294117647059 0 0
2.941176470588239 0 0
3.529411764705888 0 0
4.117647058823538 0 0
4.705882352941187 0 0
5.294117647058833 0 0
5.882352941176478 0 0
6.470588235294124 0 0
7.058823529411768 0 0
7.647058823529414 0 0
8.23529411764706 0 0
8.823529411764703 0 0
9.41176470588235 0 0
1 30 0 8
193
194
195
196
197
198
199
200
10 0 0.5555555555555564
10 0 1.111111111111112
10 0 1.666666666666669
10 0 2.222222222222227
10 0 2.777777777777782
10 0 3.333333333333336
10 0 3.88888888888889
10 0 4.444444444444444
1 31 0 16
201
202
203
204
205
206
207
208
209
210
211
212
213
214
215
216
0.5882352941176477 0 5
1.176470588235296 0 5
1.764705882352943 0 5
2.35294117647059 0 5
2.941176470588239 0 5
3.529411764705888 0 5
4.117647058823538 0 5
4.705882352941187 0 5
5.294117647058833 0 5
5.882352941176478 0 5
6.470588235294124 0 5
7.058823529411768 0 5
7.647058823529414 0 5
8.23529411764706 0 5
8.823529411764703 0 5
9.41176470588235 0 5
1 32 0 16
217
218
219
220
221
222
223
224
225
226
227
228
229
230
231
232
0.5882352941176477 5 5
1.176470588235296 5 5
1.764705882352943 5 5
2.35294117647059 5 5
2.941176470588239 5 5
3.529411764705888 5 5
4.117647058823538 5 5
4.705882352941187 5 5
5.294117647058833 5 5
5.882352941176478 5 5
6.470588235294124 5 5
7.058823529411768 5 5
7.647058823529414 5 5
8.23529411764706 5 5
8.823529411764703 5 5
9.41176470588235 5 5
1 33 0 8
233
234
235
236
237
238
239
240
10 0.5555555555555564 5
10 1.111111111111112 5
10 1.666666666666669 5
10 2.222222222222227 5
10 2.777777777777782 5
10 3.333333333333336 5
10 3.88888888888889 5
10 4.444444444444444 5
1 34 0 16
241
242
243
244
245
246
247
248
249
250
251
252
253
254
255
256
0.5882352941176477 5 0
1.176470588235296 5 0
1.764705882352943 5 0
2.35294117647059 5 0
2.941176470588239 5 0
3.529411764705888 5 0
4.117647058823538 5 0
4.705882352941187 5 0
5.294117647058833 5 0
5.882352941176478 5 0
6.470588235294124 5 0
7.058823529411768 5 0
7.647058823529414 5 0
8.23529411764706 5 0
8.823529411764703 5 0
9.41176470588235 5 0
1 35 0 8
257
258
259
260
261
262
263
264
10 5 0.5555555555555564
10 5 1.111111111111112
10 5 1.666666666666669
10 5 2.222222222222227
10 5 2.777777777777782
10 5 3.333333333333336
10 5 3.88888888888889
10 5 4.444444444444444
1 36 0 8
265
266
267
268
269
270
271
272
10 0.5555555555555564 0
10 1.111111111111112 0
10 1.666666666666669 0
10 2.222222222222227 0
10 2.777777777777782 0
10 3.333333333333336 0
10 3.88888888888889 0
10 4.444444444444444 0
2 7 0 309
273
274
275
276
277
278
279
280
281
282
283
284
285
286
287
288
289
290
291
292
293
294
295
296
297
298
299
300
301
302
303
304
305
306
307
308
309
310
311
312
313
314
315
316
317
318
319
320
321
322
323
324
325
326
327
328
329
330
331
332
333
334
335
336
337
338
339
340
341
342
343
344
345
346
347
348
349
350
351
352
353
354
355
356
357
358
359
360
361
362
363
364
365
366
367
368
369
370
371
372
373
374
375
376
377
378
379
380
381
382
383
384
385
386
387
388
389
390
391
392
393
394
395
396
397
398
399
400
401
402
403
404
405
406
407
408
409
410
411
412
413
414
415
416
417
418
419
420
421
422
423
424
425
426
427
428
429
430
431
432
433
434
435
436
437
438
439
440
441
442
443
444
445
446
447
448
449
450
451
452
453
454
455
456
457
458
459
460
461
462
463
464
465
466
467
468
469
470
471
472
473
474
475
476
477
478
479
480
481
482
483
484
485
486
487
488
489
490
491
492
493
494
495
496
497
498
499
500
501
502
503
504
505
506
507
508
509
510
511
512
513
514
515
516
517
518
519
520
521
522
523
524
525
526
527
528
529
530
531
532
533
534
535
536
537
538
539
540
541
542
543
544
545
546
547
548
549
550
551
552
553
554
555
556
557
558
559
560
561
562
563
564
565
566
567
568
569
570
571
572
573
574
575
576
577
578
579
580
581
2.96 1.611154905716175 2.482166145066212
2.96 3.400648692236081 2.484870671206318
2.96 2.501542194482816 1.603122471357884
2.96 2.502704585586924 3.398503549110723
2.96 1.580378461543156 2.149958238432328
2.96 2.147426284145168 3.397563717373408
2.96 3.404473479896977 2.137363880271151
2.96 2.857998922539262 3.399818314861847
2.96 3.398114658378302 2.852941176470589
2.96 1.609909577387071 2.864338148346526
2.96 2.857385304544976 1.604565417533909
2.96 2.148225333807289 1.590179069295725
2.96 1.606292129450268 1.905844319279459
2.96 1.912410791117603 1.59909645763641
2.96 1.911764705882353 3.398114658378301
2.96 3.407093835654574 1.914834376478086
2.96 3.098545795956025 1.59467898835282
2.96 1.60275532762745 3.086257902872146
2.96 3.094861985552164 3.400675628577373
2.96 3.387530305252869 3.091983684462858
2.96 3.323780687176066 3.40009822967551
2.96 3.327833125785096 1.596447835560151
2.96 1.605824822839202 3.306777228741036
2.96 1.598878519306044 1.676969102268339
2.96 2.029048434095324 3.397103607226051
2.96 2.088378535937016 3.293828038679827
2.96 2.207709745645644 3.294573560352521
2.96 2.14880177268401 3.190546710609251
2.96 2.268747768272921 3.191388623631212
2.96 2.209515936490707 3.08711266401163
2.96 2.329527781290545 3.087964946084765
2.96 2.270237989383023 2.983628680490259
2.96 2.39023719308021 2.984454379932411
2.96 2.33095022546827 2.880123809017495
2.96 2.450947356574527 2.880944912322002
2.96 2.391659982962405 2.776613780532065
2.96 2.511657194212936 2.777434985829861
2.96 2.45236976830557 2.67310377587697
2.96 2.572366963405843 2.673924976264147
2.96 2.513079547171372 2.569593762373936
2.96 2.393082353673155 2.568772563484362
2.96 2.453792131818041 2.465262548110342
2.96 2.573789322554487 2.466083747746072
2.96 2.33379494212442 2.464441348360961
2.96 2.631654392734036 2.778256194898928
2.96 2.394504717128329 2.360931333331959
2.96 2.27450752716475 2.360110133723719
2.96 2.335217301980722 2.256600118548861
2.96 2.210952632550589 2.879301831086912
2.96 2.215220111931121 2.255778918934742
2.96 2.213797752371776 2.463620148486235
2.96 2.275929886711139 2.152268903739692
2.96 2.395927076806804 2.153090103367304
2.96 2.155932696620738 2.151447704113622
2.96 2.089530729899136 3.08631635856642
2.96 2.510234785228522 2.985276395678265
2.96 2.692364155743465 2.674746177609654
2.96 2.751651580393435 2.779077387615933
2.96 2.812361345807677 2.675567376391961
2.96 2.871648761085368 2.779898591081687
2.96 2.09522292183392 2.25495771930668
2.96 2.810939001292797 2.883408597698371
2.96 2.930936177303484 2.884229805100783
2.96 2.93235853375106 2.67638857674651
2.96 2.873071118690596 2.572057361843483
2.96 2.336639661504099 2.048758888548432
2.96 2.456636851601921 2.049580088176676
2.96 2.035935506524817 2.150626504485934
2.96 2.096645281312727 2.047116489293195
2.96 1.97522573173708 2.254136519678723
2.96 2.993068308465747 2.572878561606478
2.96 2.933780893160424 2.468547346780474
2.96 2.870226408674462 2.987739816716176
2.96 2.990223591425384 2.988561020497334
2.96 1.976648091216008 2.046295289665274
2.96 2.515924266911127 2.153911302997453
2.96 2.576634041700912 2.050401287805264
2.96 2.635921457009751 2.154732502625859
2.96 2.696631231797855 2.051222487433238
2.96 2.755918647106999 2.155553702253921
2.96 2.816628421894874 2.052043687061243
2.96 2.87591583720394 2.156374901881995
2.96 2.936625611991855 2.052864886689255
2.96 2.99591302730092 2.157196101509992
2.96 3.052355723695073 2.677209776459559
2.96 2.637343816488821 1.946891272612521
2.96 3.053778083188333 2.469368546435025
2.96 3.056622802088836 2.053686086317256
2.96 2.037357866003879 1.942785274472524
2.96 2.397349436294055 1.945248873356293
2.96 2.997335386779771 1.949354871496521
2.96 1.917360675906934 1.941964074844537
2.96 2.929513816418013 3.092071035768341
2.96 2.809516698530343 3.091249647535837
2.96 3.049511005258229 3.092892236129187
2.96 3.110220779862673 2.989382221068799
2.96 3.115910217397901 2.158017301137992
2.96 3.117332576876751 1.95017607112452
2.96 1.856650901119026 2.045474090037276
2.96 2.815206062416024 2.259884917074732
2.96 2.813783703059194 2.467726147115286
2.96 2.034513147046225 2.358467734499481
2.96 1.914515956949231 2.357646534871479
2.96 1.973803372258308 2.461977749692218
2.96 1.853806182161328 2.46115655006422
2.96 1.913093597470396 2.565487764884955
2.96 1.794518766852261 2.356825335243485
2.96 2.033090787567376 2.566308964512953
2.96 1.972381011324478 2.669818978852326
2.96 1.852383822439984 2.668997779935465
2.96 1.911671236253649 2.773328993879131
2.96 2.092378196573704 2.67064018761837
2.96 2.277352246197448 1.944427673728405
2.96 2.338062020985592 1.840917658535735
2.96 2.218064830888819 1.840096458907797
2.96 2.458059211082611 1.841738858163743
2.96 1.978070450694848 1.8384540596518
2.96 1.858073260597874 1.837632860023804
2.96 2.388807004177171 3.191710332165899
2.96 3.058045161567686 1.845844856303785
2.96 2.938047971470706 1.845023656675785
2.96 3.1779605907452 1.846618102243456
2.96 3.168585979219194 3.094237495728478
2.96 2.988810606310082 3.195032174709759
2.96 3.223177371403023 2.994896027399511
2.96 3.16915668404111 2.886995512551998
2.96 3.055200442615686 2.261527316351646
2.96 3.175197632707917 2.262348515962213
2.96 2.575211682222598 2.25824251781885
2.96 1.794905046495564 2.774402811873813
2.96 1.851499962680815 2.877154846021846
2.96 1.971048405503196 2.87771285431835
2.96 1.910353762171344 2.981231740999589
2.96 1.717678689270174 2.671841222767549
2.96 1.790358918938355 2.980411917286964
2.96 1.849574631133681 3.084701077452474
2.96 2.278727268273961 1.743503586784109
2.96 3.232167329737895 1.953820734060309
2.96 2.998757746258622 1.741513641483049
2.96 3.229760061424265 2.162331801023573
2.96 3.286497451778066 2.267364393743609
2.96 3.232114586641276 2.366838726002059
2.96 2.870660085441687 1.730331796326579
2.96 2.816700702920399 1.842475682793041
2.96 2.751350107151134 1.741174278168298
2.96 3.341986583240633 2.372317142184398
2.96 2.158777415579754 1.735765244087062
2.96 1.734895378155102 2.46183451353493
2.96 1.676060804817033 2.366729822966132
2.96 1.736959367622444 2.258686060647885
2.96 1.918783035385791 1.734122844831068
2.96 1.801697291806589 1.734035556538856
2.96 1.721825216598424 1.842751829645154
2.96 1.728464893625093 3.084427709344458
2.96 1.788686499830495 3.188306543305402
2.96 1.908799324320176 3.188952514643411
2.96 1.672942177993844 2.977006953934564
2.96 1.848116744245931 3.29252147011811
2.96 1.731333691318059 3.295773779864878
2.96 2.326741510426045 3.294692162390013
2.96 2.028848082991536 3.189649555984706
2.96 2.030254442704139 2.981996150108179
2.96 2.449523779078042 3.088688668412661
2.96 2.569522401372501 3.089591264701085
2.96 2.630232095884129 2.986094701731309
2.96 2.508815231786817 3.192429074148531
2.96 2.628810849626967 3.193820975906604
2.96 2.565700406271293 3.296237671821786
2.96 2.684066150506678 3.296821994830572
2.96 2.271662731349426 2.775792472344165
2.96 2.150241266438551 2.982806188569082
2.96 2.151665538426595 2.774971254244281
2.96 2.332372563587899 2.67228258463076
2.96 2.570944612069246 2.881765761219006
2.96 2.874493477789149 2.364216131954338
2.96 2.633076738314426 2.57041496229705
2.96 2.693786512887987 2.466904947405546
2.96 1.969537344093873 3.085502055728905
2.96 2.634499097519472 2.362573732622795
2.96 2.753073929083891 2.571236162110496
2.96 2.991645949085436 2.780719791536406
2.96 3.111347493949602 2.781728209024307
2.96 3.172303639586055 2.678062179084556
2.96 3.226223016829227 2.784749393596958
2.96 3.29685687285451 2.677602126654415
2.96 3.228262123306721 2.571024596866414
2.96 2.514501907228001 2.361752532970126
2.96 2.868812841147249 3.194290287540653
2.96 2.923748813564182 3.296410200160104
2.96 2.696593035048934 1.843310634367537
2.96 2.637239406404476 1.746240239001334
2.96 2.681905730078069 1.662334016601265
2.96 3.114092781046776 2.365885030420421
2.96 2.756872567472279 1.947412906022684
2.96 1.793398280575312 2.564690226766481
2.96 1.730964273106649 2.876017810463168
2.96 2.093800562341875 2.462798949243219
2.96 2.15308797495948 2.567130168160629
2.96 2.577558513547897 1.84374665335012
2.96 2.511275700189106 1.728783610303562
2.96 2.038780225482772 1.734944044459065
2.96 1.855516544320037 2.254347310088266
2.96 1.91598631687468 2.149977303197582
2.96 2.877035110421647 1.948195948456421
2.96 3.108655656265192 3.195712371646556
2.96 3.220414300404686 3.194310035785004
2.96 3.161913144800791 3.298775490210556
2.96 2.098067640791829 1.839275259279797
2.96 1.797363485809961 1.941142875216542
2.96 1.741087638819123 2.046294027497539
2.96 2.455214492046263 2.257421318172425
2.96 2.154510337114945 2.359288934032346
2.96 2.157355056100778 1.943606474100498
2.96 2.216642471407821 2.047937688920641
2.96 3.050588445944614 2.885269426629938
2.96 2.392029233767903 1.740103659319209
2.96 2.331717300851481 1.635319733590873
2.96 2.935203252530332 2.260706116736945
2.96 1.800829953971822 2.152722448252089
2.96 3.174735028301408 2.055560079872817
2.96 2.517263645119369 1.946267838910769
2.96 3.112257191918851 2.573122234429108
2.96 3.172120534287048 2.469341043270512
2.96 3.29824215894933 2.065624739542898
2.96 3.1187549363556 1.742334841111051
2.96 3.23875212645258 1.743156040739045
2.96 2.754496287698062 2.363394932308362
2.96 2.695208872328817 2.259063717450753
2.96 2.994424821721783 2.365041748113141
2.96 2.273085161640041 2.567951368496976
2.96 2.031683375947556 2.774158952677258
2.96 2.212375383123518 2.67146139785891
2.96 2.090974276928438 2.878491205167343
2.96 2.750229272838479 2.986918073085539
2.96 2.690941825868687 2.882586786041514
2.96 2.689519735754044 3.090405623982283
2.96 2.748143941660776 3.193217674872272
2.96 1.670567629740979 3.191096482608841
2.96 3.307778557297484 1.85590618789542
2.96 3.358625947501447 1.744048512778938
2.96 1.968839729274804 3.293187359936122
2.96 3.397027007886239 3.216364216752571
2.96 1.60594785339111 2.031932629950849
2.96 2.032978209525504 1.589180321300669
2.96 3.403490768846955 2.615314093761103
2.96 1.602501225938858 1.792790162416368
2.96 1.601885341621698 2.617647058823531
2.96 1.794117647058824 3.398114658378301
2.96 1.790765127146565 1.619708577157446
2.96 2.264705882352942 3.398114658378302
2.96 1.601885341621698 2.735294117647061
2.96 3.403886226453751 2.735093879873175
2.96 3.398499964646969 2.964717763186894
2.96 2.982574509772418 1.593644337164753
2.96 3.219407811551165 1.592834762825466
2.96 1.610216286382179 2.264099246567527
2.96 2.384497263608329 3.397417854375835
2.96 2.44621100030943 3.295165107335464
2.96 2.619107690177088 3.400059775012357
2.96 3.294008065324742 2.898840304256597
2.96 2.739983062152754 3.398236267357077
2.96 3.27203644756949 3.094782144049011
2.96 2.80379228859515 3.296465789937088
2.96 3.286987803987675 2.468490176376253
2.96 2.977655182323141 3.398236191623078
2.96 3.405652940709027 2.026798742895862
2.96 3.042607564802592 3.297473676154571
2.96 1.68223977713843 3.401445501144533
2.96 3.402231547626188 3.329045553576576
2.96 1.673528916240542 1.601741216517361
2.96 3.211837623087677 3.399404170730878
2.96 3.406039209239958 2.264705882352942
2.96 3.290240762398141 3.288256958302559
2.96 1.69494694256477 1.723068925356342
2.96 2.62220468637929 1.583637045626415
2.96 1.689383353269968 2.559034978802639
2.96 1.695906022957318 1.951195431751533
2.96 2.246198934592011 1.58329495080711
2.96 1.691068585576231 2.784378822219623
2.96 1.579336415617004 2.382352941176472
2.96 1.693691918045741 2.158708007541952
2.96 1.575274147371695 3.205882352941178
2.96 1.575200077278447 2.970588235294119
2.96 3.425399355043426 1.676470588235294
2.96 3.32485505864274 2.794117647058824
2.96 3.414699668090702 1.820604874254018
2.96 3.325324389612835 2.558823529411767
2.96 1.586123624419868 3.413876375580132
2.96 3.413876375580132 3.413876375580132
2.96 1.586123624419868 1.586123624419868
2.96 3.417643624809747 1.583717834198164
2.96 3.329254877504602 1.965024947566239
2.96 3.316943962627595 3.011853594640577
2.96 2.423783474093556 1.653554318004654
2.96 3.313449764702285 3.177139407870401
2.96 2.781829306150762 1.657982106220252
2.96 1.864773682765544 1.67120565295813
2.96 2.214749866130724 1.666873832617311
2.96 1.979207666102677 1.672279296755148
2.96 3.433965556476392 2.379785070994252
2.96 2.587507376339318 1.668196081356641
2.96 2.09545311943812 1.664870301419163
2.96 3.319020521167209 2.180619501936001
2.96 2.40434977035616 1.578399304590682
2.96 2.949555489342484 1.67336515806622
2.96 3.299137838128807 1.683320826414623
2.96 3.179165403554713 1.682560926625201
2.96 3.059168195710849 1.681742320248328
2.96 2.735549898190496 1.577605981901551
2 8 0 309
582
583
584
585
586
587
588
589
590
591
592
593
594
595
596
597
598
599
600
601
602
603
604
605
606
607
608
609
610
611
612
613
614
615
616
617
618
619
620
621
622
623
624
625
626
627
628
629
630
631
632
633
634
635
636
637
638
639
640
641
642
643
644
645
646
647
648
649
650
651
652
653
654
655
656
657
658
659
660
661
662
663
664
665
666
667
668
669
670
671
672
673
674
675
676
677
678
679
680
681
682
683
684
685
686
687
688
689
690
691
692
693
694
695
696
697
698
699
700
701
702
703
704
705
706
707
708
709
710
711
712
713
714
715
716
717
718
719
720
721
722
723
724
725
726
727
728
729
730
731
732
733
734
735
736
737
738
739
740
741
742
743
744
745
746
747
748
749
750
751
752
753
754
755
756
757
758
759
760
761
762
763
764
765
766
767
768
769
770
771
772
773
774
775
776
777
778
779
780
781
782
783
784
785
786
787
788
789
790
791
792
793
794
795
796
797
798
799
800
801
802
803
804
805
806
807
808
809
810
811
812
813
814
815
816
817
818
819
820
821
822
823
824
825
826
827
828
829
830
831
832
833
834
835
836
837
838
839
840
841
842
843
844
845
846
847
848
849
850
851
852
853
854
855
856
857
858
859
860
861
862
863
864
865
866
867
868
869
870
871
872
873
874
875
876
877
878
879
880
881
882
883
884
885
886
887
888
889
890
3.04 1.611154905716175 2.482166145066212
3.04 3.400648692236081 2.484870671206318
3.04 2.501542194482816 1.603122471357884
3.04 2.502704585586924 3.398503549110723
3.04 1.580378461543156 2.149958238432328
3.04 2.147426284145168 3.397563717373408
3.04 3.404473479896977 2.137363880271151
3.04 2.857998922539262 3.399818314861847
3.04 3.398114658378302 2.852941176470589
3.04 1.609909577387071 2.864338148346526
3.04 2.857385304544976 1.604565417533909
3.04 2.148225333807289 1.590179069295725
3.04 1.606292129450268 1.905844319279459
3.04 1.912410791117603 1.59909645763641
3.04 1.911764705882353 3.398114658378301
3.04 3.407093835654574 1.914834376478086
3.04 3.098545795956025 1.59467898835282
3.04 1.60275532762745 3.086257902872146
3.04 3.094861985552164 3.400675628577373
3.04 3.387530305252869 3.091983684462858
3.04 3.323780687176066 3.40009822967551
3.04 3.327833125785096 1.596447835560151
3.04 1.605824822839202 3.306777228741036
3.04 1.598878519306044 1.676969102268339
3.04 2.029048434095324 3.397103607226051
3.04 2.088378535937016 3.293828038679827
3.04 2.207709745645644 3.294573560352521
3.04 2.14880177268401 3.190546710609251
3.04 2.268747768272921 3.191388623631212
3.04 2.209515936490707 3.08711266401163
3.04 2.329527781290545 3.087964946084765
3.04 2.270237989383023 2.983628680490259
3.04 2.39023719308021 2.984454379932411
3.04 2.33095022546827 2.880123809017495
3.04 2.450947356574527 2.880944912322002
3.04 2.391659982962405 2.776613780532065
3.04 2.511657194212936 2.777434985829861
3.04 2.45236976830557 2.67310377587697
3.04 2.572366963405843 2.673924976264147
3.04 2.513079547171372 2.569593762373936
3.04 2.393082353673155 2.568772563484362
3.04 2.453792131818041 2.465262548110342
3.04 2.573789322554487 2.466083747746072
3.04 2.33379494212442 2.464441348360961
3.04 2.631654392734036 2.778256194898928
3.04 2.394504717128329 2.360931333331959
3.04 2.27450752716475 2.360110133723719
3.04 2.335217301980722 2.256600118548861
3.04 2.210952632550589 2.879301831086912
3.04 2.215220111931121 2.255778918934742
3.04 2.213797752371776 2.463620148486235
3.04 2.275929886711139 2.152268903739692
3.04 2.395927076806804 2.153090103367304
3.04 2.155932696620738 2.151447704113622
3.04 2.089530729899136 3.08631635856642
3.04 2.510234785228522 2.985276395678265
3.04 2.692364155743465 2.674746177609654
3.04 2.751651580393435 2.779077387615933
3.04 2.812361345807677 2.675567376391961
3.04 2.871648761085368 2.779898591081687
3.04 2.09522292183392 2.25495771930668
3.04 2.810939001292797 2.883408597698371
3.04 2.930936177303484 2.884229805100783
3.04 2.93235853375106 2.67638857674651
3.04 2.873071118690596 2.572057361843483
3.04 2.336639661504099 2.048758888548432
3.04 2.456636851601921 2.049580088176676
3.04 2.035935506524817 2.150626504485934
3.04 2.096645281312727 2.047116489293195
3.04 1.97522573173708 2.254136519678723
3.04 2.993068308465747 2.572878561606478
3.04 2.933780893160424 2.468547346780474
3.04 2.870226408674462 2.987739816716176
3.04 2.990223591425384 2.988561020497334
3.04 1.976648091216008 2.046295289665274
3.04 2.515924266911127 2.153911302997453
3.04 2.576634041700912 2.050401287805264
3.04 2.635921457009751 2.154732502625859
3.04 2.696631231797855 2.051222487433238
3.04 2.755918647106999 2.155553702253921
3.04 2.816628421894874 2.052043687061243
3.04 2.87591583720394 2.156374901881995
3.04 2.936625611991855 2.052864886689255
3.04 2.99591302730092 2.157196101509992
3.04 3.052355723695073 2.677209776459559
3.04 2.637343816488821 1.946891272612521
3.04 3.053778083188333 2.469368546435025
3.04 3.056622802088836 2.053686086317256
3.04 2.037357866003879 1.942785274472524
3.04 2.397349436294055 1.945248873356293
3.04 2.997335386779771 1.949354871496521
3.04 1.917360675906934 1.941964074844537
3.04 2.929513816418013 3.092071035768341
3.04 2.809516698530343 3.091249647535837
3.04 3.049511005258229 3.092892236129187
3.04 3.110220779862673 2.989382221068799
3.04 3.115910217397901 2.158017301137992
3.04 3.117332576876751 1.95017607112452
3.04 1.856650901119026 2.045474090037276
3.04 2.815206062416024 2.259884917074732
3.04 2.813783703059194 2.467726147115286
3.04 2.034513147046225 2.358467734499481
3.04 1.914515956949231 2.357646534871479
3.04 1.973803372258308 2.461977749692218
3.04 1.853806182161328 2.46115655006422
3.04 1.913093597470396 2.565487764884955
3.04 1.794518766852261 2.356825335243485
3.04 2.033090787567376 2.566308964512953
3.04 1.972381011324478 2.669818978852326
3.04 1.852383822439984 2.668997779935465
3.04 1.911671236253649 2.773328993879131
3.04 2.092378196573704 2.67064018761837
3.04 2.277352246197448 1.944427673728405
3.04 2.338062020985592 1.840917658535735
3.04 2.218064830888819 1.840096458907797
3.04 2.458059211082611 1.841738858163743
3.04 1.978070450694848 1.8384540596518
3.04 1.858073260597874 1.837632860023804
3.04 2.388807004177171 3.191710332165899
3.04 3.058045161567686 1.845844856303785
3.04 2.938047971470706 1.845023656675785
3.04 3.1779605907452 1.846618102243456
3.04 3.168585979219194 3.094237495728478
3.04 2.988810606310082 3.195032174709759
3.04 3.223177371403023 2.994896027399511
3.04 3.16915668404111 2.886995512551998
3.04 3.055200442615686 2.261527316351646
3.04 3.175197632707917 2.262348515962213
3.04 2.575211682222598 2.25824251781885
3.04 1.794905046495564 2.774402811873813
3.04 1.851499962680815 2.877154846021846
3.04 1.971048405503196 2.87771285431835
3.04 1.910353762171344 2.981231740999589
3.04 1.717678689270174 2.671841222767549
3.04 1.790358918938355 2.980411917286964
3.04 1.849574631133681 3.084701077452474
3.04 2.278727268273961 1.743503586784109
3.04 3.232167329737895 1.953820734060309
3.04 2.998757746258622 1.741513641483049
3.04 3.229760061424265 2.162331801023573
3.04 3.286497451778066 2.267364393743609
3.04 3.232114586641276 2.366838726002059
3.04 2.870660085441687 1.730331796326579
3.04 2.816700702920399 1.842475682793041
3.04 2.751350107151134 1.741174278168298
3.04 3.341986583240633 2.372317142184398
3.04 2.158777415579754 1.735765244087062
3.04 1.734895378155102 2.46183451353493
3.04 1.676060804817033 2.366729822966132
3.04 1.736959367622444 2.258686060647885
3.04 1.918783035385791 1.734122844831068
3.04 1.801697291806589 1.734035556538856
3.04 1.721825216598424 1.842751829645154
3.04 1.728464893625093 3.084427709344458
3.04 1.788686499830495 3.188306543305402
3.04 1.908799324320176 3.188952514643411
3.04 1.672942177993844 2.977006953934564
3.04 1.848116744245931 3.29252147011811
3.04 1.731333691318059 3.295773779864878
3.04 2.326741510426045 3.294692162390013
3.04 2.028848082991536 3.189649555984706
3.04 2.030254442704139 2.981996150108179
3.04 2.449523779078042 3.088688668412661
3.04 2.569522401372501 3.089591264701085
3.04 2.630232095884129 2.986094701731309
3.04 2.508815231786817 3.192429074148531
3.04 2.628810849626967 3.193820975906604
3.04 2.565700406271293 3.296237671821786
3.04 2.684066150506678 3.296821994830572
3.04 2.271662731349426 2.775792472344165
3.04 2.150241266438551 2.982806188569082
3.04 2.151665538426595 2.774971254244281
3.04 2.332372563587899 2.67228258463076
3.04 2.570944612069246 2.881765761219006
3.04 2.874493477789149 2.364216131954338
3.04 2.633076738314426 2.57041496229705
3.04 2.693786512887987 2.466904947405546
3.04 1.969537344093873 3.085502055728905
3.04 2.634499097519472 2.362573732622795
3.04 2.753073929083891 2.571236162110496
3.04 2.991645949085436 2.780719791536406
3.04 3.111347493949602 2.781728209024307
3.04 3.172303639586055 2.678062179084556
3.04 3.226223016829227 2.784749393596958
3.04 3.29685687285451 2.677602126654415
3.04 3.228262123306721 2.571024596866414
3.04 2.514501907228001 2.361752532970126
3.04 2.868812841147249 3.194290287540653
3.04 2.923748813564182 3.296410200160104
3.04 2.696593035048934 1.843310634367537
3.04 2.637239406404476 1.746240239001334
3.04 2.681905730078069 1.662334016601265
3.04 3.114092781046776 2.365885030420421
3.04 2.756872567472279 1.947412906022684
3.04 1.793398280575312 2.564690226766481
3.04 1.730964273106649 2.876017810463168
3.04 2.093800562341875 2.462798949243219
3.04 2.15308797495948 2.567130168160629
3.04 2.577558513547897 1.84374665335012
3.04 2.511275700189106 1.728783610303562
3.04 2.038780225482772 1.734944044459065
3.04 1.855516544320037 2.254347310088266
3.04 1.91598631687468 2.149977303197582
3.04 2.877035110421647 1.948195948456421
3.04 3.108655656265192 3.195712371646556
3.04 3.220414300404686 3.194310035785004
3.04 3.161913144800791 3.298775490210556
3.04 2.098067640791829 1.839275259279797
3.04 1.797363485809961 1.941142875216542
3.04 1.741087638819123 2.046294027497539
3.04 2.455214492046263 2.257421318172425
3.04 2.154510337114945 2.359288934032346
3.04 2.157355056100778 1.943606474100498
3.04 2.216642471407821 2.047937688920641
3.04 3.050588445944614 2.885269426629938
3.04 2.392029233767903 1.740103659319209
3.04 2.331717300851481 1.635319733590873
3.04 2.935203252530332 2.260706116736945
3.04 1.800829953971822 2.152722448252089
3.04 3.174735028301408 2.055560079872817
3.04 2.517263645119369 1.946267838910769
3.04 3.112257191918851 2.573122234429108
3.04 3.172120534287048 2.469341043270512
3.04 3.29824215894933 2.065624739542898
3.04 3.1187549363556 1.742334841111051
3.04 3.23875212645258 1.743156040739045
3.04 2.754496287698062 2.363394932308362
3.04 2.695208872328817 2.259063717450753
3.04 2.994424821721783 2.365041748113141
3.04 2.273085161640041 2.567951368496976
3.04 2.031683375947556 2.774158952677258
3.04 2.212375383123518 2.67146139785891
3.04 2.090974276928438 2.878491205167343
3.04 2.750229272838479 2.986918073085539
3.04 2.690941825868687 2.882586786041514
3.04 2.689519735754044 3.090405623982283
3.04 2.748143941660776 3.193217674872272
3.04 1.670567629740979 3.191096482608841
3.04 3.307778557297484 1.85590618789542
3.04 3.358625947501447 1.744048512778938
3.04 1.968839729274804 3.293187359936122
3.04 3.397027007886239 3.216364216752571
3.04 1.60594785339111 2.031932629950849
3.04 2.032978209525504 1.589180321300669
3.04 3.403490768846955 2.615314093761103
3.04 1.602501225938858 1.792790162416368
3.04 1.601885341621698 2.617647058823531
3.04 1.794117647058824 3.398114658378301
3.04 1.790765127146565 1.619708577157446
3.04 2.264705882352942 3.398114658378302
3.04 1.601885341621698 2.735294117647061
3.04 3.403886226453751 2.735093879873175
3.04 3.398499964646969 2.964717763186894
3.04 2.982574509772418 1.593644337164753
3.04 3.219407811551165 1.592834762825466
3.04 1.610216286382179 2.264099246567527
3.04 2.384497263608329 3.397417854375835
3.04 2.44621100030943 3.295165107335464
3.04 2.619107690177088 3.400059775012357
3.04 3.294008065324742 2.898840304256597
3.04 2.739983062152754 3.398236267357077
3.04 3.27203644756949 3.094782144049011
3.04 2.80379228859515 3.296465789937088
3.04 3.286987803987675 2.468490176376253
3.04 2.977655182323141 3.398236191623078
3.04 3.405652940709027 2.026798742895862
3.04 3.042607564802592 3.297473676154571
3.04 1.68223977713843 3.401445501144533
3.04 3.402231547626188 3.329045553576576
3.04 1.673528916240542 1.601741216517361
3.04 3.211837623087677 3.399404170730878
3.04 3.406039209239958 2.264705882352942
3.04 3.290240762398141 3.288256958302559
3.04 1.69494694256477 1.723068925356342
3.04 2.62220468637929 1.583637045626415
3.04 1.689383353269968 2.559034978802639
3.04 1.695906022957318 1.951195431751533
3.04 2.246198934592011 1.58329495080711
3.04 1.691068585576231 2.784378822219623
3.04 1.579336415617004 2.382352941176472
3.04 1.693691918045741 2.158708007541952
3.04 1.575274147371695 3.205882352941178
3.04 1.575200077278447 2.970588235294119
3.04 3.425399355043426 1.676470588235294
3.04 3.32485505864274 2.794117647058824
3.04 3.414699668090702 1.820604874254018
3.04 3.325324389612835 2.558823529411767
3.04 1.586123624419868 3.413876375580132
3.04 3.413876375580132 3.413876375580132
3.04 1.586123624419868 1.586123624419868
3.04 3.417643624809747 1.583717834198164
3.04 3.329254877504602 1.965024947566239
3.04 3.316943962627595 3.011853594640577
3.04 2.423783474093556 1.653554318004654
3.04 3.313449764702285 3.177139407870401
3.04 2.781829306150762 1.657982106220252
3.04 1.864773682765544 1.67120565295813
3.04 2.214749866130724 1.666873832617311
3.04 1.979207666102677 1.672279296755148
3.04 3.433965556476392 2.379785070994252
3.04 2.587507376339318 1.668196081356641
3.04 2.09545311943812 1.664870301419163
3.04 3.319020521167209 2.180619501936001
3.04 2.40434977035616 1.578399304590682
3.04 2.949555489342484 1.67336515806622
3.04 3.299137838128807 1.683320826414623
3.04 3.179165403554713 1.682560926625201
3.04 3.059168195710849 1.681742320248328
3.04 2.735549898190496 1.577605981901551
2 9 0 17
891
892
893
894
895
896
897
898
899
900
901
902
903
904
905
906
907
3 1.5 3.441176470588235
3 1.5 2.029411764705883
3 1.5 2.147058823529413
3 1.5 2.264705882352942
3 1.5 2.382352941176472
3 1.5 2.617647058823531
3 1.5 3.088235294117647
3 1.5 3.323529411764705
3 1.5 1.558823529411765
3 1.5 1.676470588235294
3 1.5 1.794117647058824
3 1.5 1.911764705882353
3 1.5 2.500000000000002
3 1.5 2.73529411764706
3 1.5 2.852941176470589
3 1.5 2.970588235294118
3 1.5 3.205882352941177
2 10 0 17
908
909
910
911
912
913
914
915
916
917
918
919
920
921
922
923
924
3 3.5 3.441176470588235
3 3.5 2.029411764705883
3 3.5 2.147058823529413
3 3.5 2.264705882352942
3 3.5 2.382352941176472
3 3.5 2.617647058823531
3 3.5 3.088235294117647
3 3.5 3.323529411764705
3 3.5 1.558823529411765
3 3.5 1.676470588235294
3 3.5 1.794117647058824
3 3.5 1.911764705882353
3 3.5 2.500000000000002
3 3.5 2.73529411764706
3 3.5 2.852941176470589
3 3.5 2.970588235294118
3 3.5 3.205882352941177
2 11 0 17
925
926
927
928
929
930
931
932
933
934
935
936
937
938
939
940
941
3 3.441176470588235 1.5
3 2.029411764705883 1.5
3 2.147058823529413 1.5
3 2.264705882352942 1.5
3 2.382352941176472 1.5
3 2.617647058823531 1.5
3 3.088235294117647 1.5
3 3.323529411764705 1.5
3 1.558823529411765 1.5
3 1.676470588235294 1.5
3 1.794117647058824 1.5
3 1.911764705882353 1.5
3 2.500000000000002 1.5
3 2.73529411764706 1.5
3 2.852941176470589 1.5
3 2.970588235294118 1.5
3 3.205882352941177 1.5
2 12 0 17
942
943
944
945
946
947
948
949
950
951
952
953
954
955
956
957
958
3 3.441176470588235 3.5
3 2.029411764705883 3.5
3 2.147058823529413 3.5
3 2.264705882352942 3.5
3 2.382352941176472 3.5
3 2.617647058823531 3.5
3 3.088235294117647 3.5
3 3.323529411764705 3.5
3 1.558823529411765 3.5
3 1.676470588235294 3.5
3 1.794117647058824 3.5
3 1.911764705882353 3.5
3 2.500000000000002 3.5
3 2.73529411764706 3.5
3 2.852941176470589 3.5
3 2.970588235294118 3.5
3 3.205882352941177 3.5
2 13 0 74
959
960
961
962
963
964
965
966
967
968
969
970
971
972
973
974
975
976
977
978
979
980
981
982
983
984
985
986
987
988
989
990
991
992
993
994
995
996
997
998
999
1000
1001
1002
1003
1004
1005
1006
1007
1008
1009
1010
1011
1012
1013
1014
1015
1016
1017
1018
1019
1020
1021
1022
1023
1024
1025
1026
1027
1028
1029
1030
1031
1032
0 4.538576733114028 2.562960548852461
0 0.4820563830771777 2.525916668628242
0 2.444551723808291 0.509762395664673
0 2.494720095262225 4.486338835975718
0 3.584038437346524 4.492139196650066
0 1.409648082917357 4.471173697376365
0 4.534232354348127 1.409535705665268
0 0.4914824185214591 1.395818765942923
0 4.49611274907785 3.603185638169538
0 3.652112257235235 0.4962035634767061
0 0.4614063847724064 3.679934261234294
0 1.357497357287287 0.4951252893903709
0 0.4549037460893813 0.8370439172346809
0 1.032083646442325 1.033904942685744
0 1.004383168391027 1.688076808272528
0 1.51277695240798 1.422585296334946
0 1.507159145989791 2.019013578711724
0 2.025992071346081 1.735526442105658
0 2.010469716106509 2.335217115072724
0 2.536151146928274 2.049554138337662
0 2.520392931370704 2.649327949813005
0 1.993053927093848 2.935507219910856
0 3.047364293748156 2.363266539923157
0 3.03526967382024 2.965686238014257
0 3.063238859680719 1.763443818193626
0 3.559340974997982 2.076819427983141
0 3.568370084257948 1.47946177727195
0 3.071226872879488 1.178937687000242
0 2.099334288280306 1.070363535433427
0 1.490268444755277 2.621541812433962
0 1.478932225932729 3.222029989208549
0 1.979162141563638 3.53543793066163
0 1.456737854786504 3.833169375915012
0 1.962175847320122 4.131202145113062
0 2.496478283167118 3.857923108775054
0 3.032426343503289 4.153710132737277
0 0.9300362830150293 4.044153765336799
0 0.9868482139531498 2.874073634036942
0 3.026009909271998 3.566664181047309
0 3.538841712897477 3.882298911797938
0 4.068855570224592 4.082042462686
0 3.537701974791055 3.279500853772676
0 3.543237794388818 2.677172725467996
0 4.097483921114684 3.022357833677784
0 2.551624317239636 1.449783223673969
0 2.508394477714591 3.251757771370351
0 4.043761232901034 1.734667850695067
0 4.543616922938417 0.8376167194202888
0 1.896493396639598 0.5014943199656094
0 0.4982911520792566 1.968032967883416
0 3.064120896244083 0.588760495793506
0 4.007334491411283 1.054094096559796
0 1.003156307564993 2.295863632758331
0 0.4900814386430881 3.116822796306338
0 4.188755124472021 0.4652967729238217
0 0.823216389829977 0.4568407251476085
0 0.9673404001838177 3.461697303672989
0 4.519904395584038 1.997114605299364
0 3.947799185621131 3.573877140020787
0 4.626434680661312 3.05992302636218
0 4.020176797386323 2.371528051555573
0 4.587757384183146 4.166666666666668
0 0.4089143922247794 4.166666666666668
0 0.8029883609394198 4.546554898094524
0 1.95108658287772 4.617742935693029
0 4.195213635544618 4.556357569030475
0 3.517090303045422 0.9702204504383382
0 2.646171619690361 0.9595214675131634
0 1.584070267817038 0.9189085653545912
0 3.055555555555558 4.633153563762026
0 0.403866258086143 0.4038662580861431
0 4.596133741913858 0.4038662580861404
0 4.597297088180115 4.597297088180115
0 0.4026647408126853 4.597335259187313
2 14 0 166
1033
1034
1035
1036
1037
1038
1039
1040
1041
1042
1043
1044
1045
1046
1047
1048
1049
1050
1051
1052
1053
1054
1055
1056
1057
1058
1059
1060
1061
1062
1063
1064
1065
1066
1067
1068
1069
1070
1071
1072
1073
1074
1075
1076
1077
1078
1079
1080
1081
1082
1083
1084
1085
1086
1087
1088
1089
1090
1091
1092
1093
1094
1095
1096
1097
1098
1099
1100
1101
1102
1103
1104
1105
1106
1107
1108
1109
1110
1111
1112
1113
1114
1115
1116
1117
1118
1119
1120
1121
1122
1123
1124
1125
1126
1127
1128
1129
1130
1131
1132
1133
1134
1135
1136
1137
1138
1139
1140
1141
1142
1143
1144
1145
1146
1147
1148
1149
1150
1151
1152
1153
1154
1155
1156
1157
1158
1159
1160
1161
1162
1163
1164
1165
1166
1167
1168
1169
1170
1171
1172
1173
1174
1175
1176
1177
1178
1179
1180
1181
1182
1183
1184
1185
1186
1187
1188
1189
1190
1191
1192
1193
1194
1195
1196
1197
1198
9.517164518002456 0 2.535907312516406
0.4725186852007179 0 2.532795177833977
6.734808364232169 0 0.50587910055644
4.99676344635107 0 4.479466264406962
3.238257222773192 0 0.5242766143653868
3.218216743025469 0 4.498014818902988
6.718488493514506 0 4.529854486731804
5.000000000000011 0 0.5094267081084919
2.08579761993012 0 0.5585981724221833
2.08450738508139 0 4.497735329255632
7.960874885724397 0 0.5103244706471063
7.921157045404404 0 4.511782028235194
0.4811252243246866 0 3.611111111111112
9.518874775675313 0 3.611111111111112
0.4967468118742047 0 1.361068726079382
9.451662405623962 0 1.382216643692961
9.094226719828484 0 0.495988865927382
9.120508617310843 0 4.538257200901009
0.8736577665947072 0 0.4723329945088928
0.8846378725632242 0 4.439262600288473
2.657880185876536 0 4.506940069692027
2.949307574439868 0 4.034930131155119
3.465542686345434 0 4.02301873654236
3.210631975878982 0 3.588534613167139
3.70388631323095 0 3.578662713628489
3.449976265072016 0 3.16020889350809
3.952542580315369 0 3.133987026981586
2.969365453583665 0 3.166313698213982
3.200498303697019 0 2.749098226084117
2.725089886217122 0 2.758133128341764
2.954757915075331 0 2.339845039492827
2.48129056032032 0 2.351709265222024
3.465173769925691 0 2.291597224179253
2.250010716114156 0 2.755888452059951
2.708329274425202 0 1.927545483034512
2.220058306223708 0 1.942247546396502
4.267340368044891 0 3.540334590867006
4.506336930123492 0 3.080998696054408
2.456193292276323 0 1.51272042783698
1.946151274846778 0 1.509759803234084
1.692230469253239 0 1.979264132171728
2.9433667944128 0 1.505797708990634
4.144178982710447 0 2.586365118946951
4.762148869780364 0 2.618739019192253
5.083249178286048 0 3.063932825072303
5.360550942023289 0 2.599426906481606
5.681262472261962 0 3.051489281936441
5.958736742070845 0 2.553390681157243
4.546594958897716 0 2.148413889116564
6.281196433880398 0 3.043656275165792
6.558040623749388 0 2.526298780511784
6.880667280907625 0 3.019750876842358
7.15688192347911 0 2.487634533861715
7.479983702280093 0 2.991229027134523
7.756165737538909 0 2.458346866428471
5.579008596256779 0 2.051625963247176
7.432971133569098 0 1.952792266213585
8.032330792171175 0 1.925099815680943
8.079341182217931 0 2.963504291997293
6.019824032054784 0 3.543251095921435
7.203192075923129 0 3.510867585493899
2.698099725881868 0 1.090764866851878
1.4147753399535 0 1.524935811541436
7.710046472654421 0 1.439641685696667
8.309579540680328 0 1.41575685536967
7.032628187027629 0 1.431510741899715
8.604772927554537 0 1.887787221244222
1.143136714361144 0 1.99079898031856
1.448136943948088 0 2.499160079488199
7.439952793720665 0 0.9386911975005623
2.666263984898782 0 0.4613950050960708
3.178782951297588 0 1.086688880717325
3.408425798844209 0 1.491273317629004
3.661876097354931 0 1.079583689323097
3.862010938400111 0 1.509652038054342
4.161285864474085 0 1.02864065188999
3.774895100759552 0 4.493589753149795
3.852878269066143 0 0.524363544126792
4.368863766905871 0 4.464545957309797
2.40894610619933 0 4.018228606751978
1.848497621440909 0 3.967292769169402
2.181409269623617 0 3.525862935461438
1.631113400763968 0 3.481791895012699
1.284023353561581 0 3.940531976056528
4.615772364263841 0 3.988201678025287
5.202851843941098 0 3.995775508016397
1.686128419284838 0 1.02056362277965
1.023486239624337 0 3.400105190858776
2.702691071592535 0 3.583890049403003
8.881977271709289 0 1.374524949224583
8.56263315587865 0 0.8727818519186531
4.431563799849336 0 0.5148909236675334
3.173974523021905 0 1.901941163909159
4.460135275426355 0 1.548449352492356
4.992060408013196 0 1.825132585038333
5.462503977330312 0 1.465366025188797
6.017228005182824 0 1.559827796034014
5.832464146453025 0 1.017695614006308
6.45286503869651 0 1.114198366668053
3.923778915382848 0 2.049072481718807
6.606164542406864 0 3.529708388474383
6.822302500103694 0 2.015827507019042
7.821212588548915 0 3.495212889835863
8.414040496693564 0 3.467860825643728
8.646803367262935 0 2.916800923313986
7.576316388331255 0 4.008156827787493
8.343453546277546 0 2.424661148477167
6.378253935161269 0 4.034337899948023
1.489237324704887 0 4.482187486059958
8.526552120256461 0 4.504886894697169
8.903577607812199 0 3.960069607430479
6.160219003328326 0 0.5223221770909645
3.668481162996263 0 2.724350622168305
5.562838515920916 0 4.51648776249761
2.209438253224872 0 1.087794141557724
8.976712203767503 0 2.331732298223538
5.588235294117654 0 0.4961599813149865
9.504587522208224 0 1.988709012998334
0.5610664381490478 0 1.964510031044295
0.4841633888013526 0 3.061155445794877
9.521107835833387 0 3.083421016867779
2.472926430483907 0 3.15740362656142
1.463532315548345 0 0.4985483377181753
4.726471608971806 0 0.9889053761040199
9.005757168382086 0 3.342189607122608
1.044799403929109 0 1.042759453660692
8.235294117647051 0 4.008324089425965
9.522446953170311 0 4.17401940833383
9.543095691523911 0 0.8333333333333344
0.4569043084760871 0 4.166666666666668
0.4705805440290844 0 0.8235804406147641
2.009935593845328 0 2.362215548700046
0.9796496727197456 0 2.807285972478569
7.307657601030798 0 4.504886994792118
4.032716766591756 0 4.014725571587121
6.237443740809198 0 2.078953379383041
6.965012172727969 0 4.019635363871286
6.139499458305001 0 4.521531379417924
5.268607837728394 0 0.9790422747055056
7.330311420306082 0 0.4387667416658011
1.952449099342326 0 3.125373451631719
5.783825083588853 0 4.015971807253918
5.409710590739079 0 3.499230070712974
7.996617369731692 0 1.035439212226532
1.485922542059383 0 3.000205839732131
8.535311658168659 0 0.3758190376986283
6.93801329114559 0 0.9427938978203334
0.9321049416534012 0 1.576814600528873
6.514137199322557 0 1.629146880018068
4.847543545899741 0 3.528078894791395
3.566672789114953 0 1.848707245098113
9.081986005855432 0 1.793508934668206
9.133509018649674 0 2.842010231608863
2.912799394537064 0 0.7838059401612141
1.829290979061856 0 2.748568674322409
9.108213364401902 0 0.9767662002492168
9.591720718223515 0 0.3986548027729501
9.591720718223515 0 4.601345197227048
0.408279281776486 0 0.39865480277295
0.4082792817764834 0 4.601345197227053
0.8214442596163121 0 3.904253986064836
4.987674729495025 0 1.371470785792839
5.043494067496378 0 2.269192342679751
3.800403207753812 0 2.412846361753329
0.9073393883252698 0 2.373885581110707
2.455466988572859 0 0.8099717193126149
2 15 0 164
1199
1200
1201
1202
1203
1204
1205
1206
1207
1208
1209
1210
1211
1212
1213
1214
1215
1216
1217
1218
1219
1220
1221
1222
1223
1224
1225
1226
1227
1228
1229
1230
1231
1232
1233
1234
1235
1236
1237
1238
1239
1240
1241
1242
1243
1244
1245
1246
1247
1248
1249
1250
1251
1252
1253
1254
1255
1256
1257
1258
1259
1260
1261
1262
1263
1264
1265
1266
1267
1268
1269
1270
1271
1272
1273
1274
1275
1276
1277
1278
1279
1280
1281
1282
1283
1284
1285
1286
1287
1288
1289
1290
1291
1292
1293
1294
1295
1296
1297
1298
1299
1300
1301
1302
1303
1304
1305
1306
1307
1308
1309
1310
1311
1312
1313
1314
1315
1316
1317
1318
1319
1320
1321
1322
1323
1324
1325
1326
1327
1328
1329
1330
1331
1332
1333
1334
1335
1336
1337
1338
1339
1340
1341
1342
1343
1344
1345
1346
1347
1348
1349
1350
1351
1352
1353
1354
1355
1356
1357
1358
1359
1360
1361
1362
9.512837803117307 2.448011388117398 5
0.507118656586644 2.472158637006907 5
6.775421155745929 4.520193994370524 5
5.000000000000011 0.5094267081084919 5
3.21821674302547 0.5019851810970117 5
3.879370608882919 4.459470382108239 5
6.795810008820661 0.4913746576782457 5
2.015614946899074 4.513641708439925 5
2.149534120730355 0.4710405198499844 5
5.012537484950668 4.52218553225982 5
7.980111051149406 0.494800413296844 5
7.971798235190729 4.501253365286685 5
0.4677568495758647 3.635797002515704 5
9.540242542343531 3.638489986109249 5
0.5077246855883729 1.403180315275188 5
9.533874953128537 1.37483294285872 5
9.155346721536569 0.465005032467424 5
9.161955085859187 4.52791260725539 5
0.87962652156696 0.4897124189406128 5
0.8434281838085742 4.528147305154294 5
2.68084261603309 0.48340272463222 5
2.976113886795269 0.953632611564613 5
3.470010405071336 0.9750750539109273 5
3.218887621484461 1.410984345869464 5
3.703903920041572 1.42171639694773 5
3.451355140474706 1.839774118094046 5
3.952775327350928 1.866073326714802 5
2.97440574648423 1.836060912478048 5
3.200454085356891 2.252906571602588 5
2.726961805344403 2.243468226242946 5
2.954837356208281 2.658635615474868 5
2.482102802549417 2.64798697791603 5
3.424702628429684 2.670470186973852 5
2.239480703787401 2.21947945991055 5
3.183529074873193 3.077190986684948 5
3.662066162820751 3.086579231797556 5
1.978740979895685 2.651224733939405 5
1.718146633506587 2.195041183398859 5
2.223105511157352 3.086595084098503 5
1.69877167614854 3.099048097979538 5
4.266219449742571 1.417070754109838 5
4.557068229870926 2.015084616801492 5
2.000200492288006 1.743681920532967 5
3.417080580776299 3.499334785496729 5
3.920550941051041 3.524012293923631 5
4.20105511314188 2.979720468237723 5
4.463916649049064 3.525825481003679 5
4.760506269423024 3.045184090116742 5
2.939605201910408 3.487058440211341 5
3.163000893583604 3.906611792346416 5
5.046177024595369 3.546383098960747 5
5.345208045942961 3.045727914122102 5
5.644946431165746 3.563103908750738 5
5.942982429900944 3.05163889640149 5
5.671094254913432 2.545728912351961 5
6.249892344733993 2.538314023022056 5
5.979989378405874 2.031706996664168 5
6.555409941524845 2.022317202547253 5
6.845682726662455 2.541343292811884 5
7.150598012896296 2.024590814884026 5
7.445458471528552 2.546233918093348 5
7.749744899949992 2.029118736143857 5
8.045207448473406 2.551104953781412 5
7.140932403435194 3.06339594381876 5
8.349546984706594 2.034019041160822 5
6.259882713038544 1.50847997123423 5
5.701860321753718 1.523600644759057 5
7.454013853200974 1.514985462543118 5
6.226275175434292 3.567005925553807 5
1.457911755753582 1.71121329987632 5
5.937880154934525 0.9999130639546243 5
2.699638773300338 3.937700781733189 5
1.969600908019615 3.553387099568854 5
1.404823048742971 3.523581671952452 5
5.911015930455822 4.060990680193028 5
8.61928381645021 2.570762526377949 5
8.33653564007513 3.075637683321358 5
4.793391471850506 1.400828718244993 5
1.127348261282314 3.063208610135709 5
8.970555686865648 2.089434908612797 5
8.645566604129078 1.553932907194102 5
1.758285960254043 1.224204339016882 5
8.884711039024886 3.070653383775686 5
8.630700166727715 3.543428546484968 5
8.03600515936559 3.575553171867777 5
2.289829619061543 1.321237132652967 5
5.03922956215922 1.912876075532589 5
1.066011232308643 1.119676725888214 5
4.171524524973199 2.373884860660562 5
2.983551523736599 4.275766674978281 5
1.072326379495833 2.180529064424927 5
3.775639720547203 0.5060925452590861 5
4.376429921022861 0.4896912486146532 5
5.065086642444932 2.46741337146292 5
6.54088715616553 3.05843457221654 5
6.823032680012952 3.557355518876244 5
7.435016779341005 3.559160278875688 5
6.855990174028808 1.513905563822075 5
7.129062087840708 1.008977329487608 5
8.052472127755019 1.527410772760537 5
8.332985165357572 1.02863206045151 5
7.740147185838942 3.06365985255297 5
4.432974222398709 4.503559497196073 5
1.559096677051236 0.602774269744635 5
1.42083614643344 4.501266057019265 5
7.386508422289012 4.508114561006287 5
5.597489829743997 0.4998868397795208 5
8.599632946749381 4.491848191678802 5
3.679249983239513 2.282127076357115 5
3.653891880267273 3.931905103998007 5
5.278998182860885 1.050004276486219 5
2.710415799677449 3.073652893457991 5
9.520998276260737 1.90087156211536 5
0.5030344801496982 1.935237262043765 5
0.5639164246812965 3.053121329616808 5
9.44783693386527 3.056420256375753 5
2.498322031250209 1.82565815378295 5
2.748449307262342 1.391623783715799 5
5.318132419704407 4.044923733267645 5
9.549628272934109 4.16727232821138 5
9.543095691523913 0.8333333333333344 5
9.012831665555185 1.073907758681785 5
0.4542200909302819 4.167053723855118 5
1.015555742593036 3.96124791834494 5
0.4769402868734104 0.8463151549239389 5
8.590016355501747 0.5103908774829271 5
7.394776151339823 0.5054597685370026 5
6.206991179534335 0.5032389757652324 5
7.733585692158604 1.020300084868927 5
6.530936053032929 1.004314926990336 5
2.461054297274226 3.51806299099787 5
4.731473919477359 4.025635065331201 5
4.180363036854393 3.995067970593472 5
4.049530853192751 0.9533897281413026 5
5.595999013983795 4.537768492332546 5
1.675065063711389 4.003851350373796 5
1.422017494325102 2.636431123486236 5
9.012717470403501 3.959641091804007 5
6.180920503028575 4.538186069688686 5
3.386982767765693 4.318040068869927 5
6.508257218787034 4.042938546151555 5
0.9214017066592259 1.669967333501683 5
7.116692150154126 4.027912098711747 5
7.733070921811589 4.01334091815347 5
3.827719682521005 2.678556364805362 5
8.333012606979844 4.013032689783619 5
2.222960484091382 4.015404764927249 5
4.684793919094104 0.9261484826353892 5
2.623889949110847 4.484744286224378 5
2.528612612043451 0.9008342702206437 5
4.570060509040662 2.596993548145272 5
0.9380384696592134 2.666359838106935 5
9.123029491358496 1.601272862417512 5
5.473086999182328 2.047095283347335 5
2.096458382860015 0.9108617670897369 5
9.087045055864664 2.647056492651916 5
0.9122262389232623 3.45358604398061 5
9.622041423788568 0.3707787842712629 5
9.624669612935129 4.627925875982243 5
0.4082792817764862 0.3986548027729499 5
0.3771767137713008 4.627929094690771 5
3.093002495181453 4.615710206014517 5
5.227777777705954 1.52681846298014 5
9.104394468568469 3.460549033353931 5
2 16 0 164
1363
1364
1365
1366
1367
1368
1369
1370
1371
1372
1373
1374
1375
1376
1377
1378
1379
1380
1381
1382
1383
1384
1385
1386
1387
1388
1389
1390
1391
1392
1393
1394
1395
1396
1397
1398
1399
1400
1401
1402
1403
1404
1405
1406
1407
1408
1409
1410
1411
1412
1413
1414
1415
1416
1417
1418
1419
1420
1421
1422
1423
1424
1425
1426
1427
1428
1429
1430
1431
1432
1433
1434
1435
1436
1437
1438
1439
1440
1441
1442
1443
1444
1445
1446
1447
1448
1449
1450
1451
1452
1453
1454
1455
1456
1457
1458
1459
1460
1461
1462
1463
1464
1465
1466
1467
1468
1469
1470
1471
1472
1473
1474
1475
1476
1477
1478
1479
1480
1481
1482
1483
1484
1485
1486
1487
1488
1489
1490
1491
1492
1493
1494
1495
1496
1497
1498
1499
1500
1501
1502
1503
1504
1505
1506
1507
1508
1509
1510
1511
1512
1513
1514
1515
1516
1517
1518
1519
1520
1521
1522
1523
1524
1525
1526
9.512842180788839 5 2.551963746210141
0.50705844914658 5 2.527859222585099
6.795826516788677 5 4.5016223969306
4.997051646287069 5 4.501049356820156
3.21821674302547 5 4.498014818902988
3.879370967351021 5 0.5405289817447888
6.2006715537121 5 0.4752189866560156
7.971771190347921 5 0.4851249973275532
2.015619389589271 5 0.4862599013306213
2.149554878622745 5 4.528983148767264
7.980125277743642 5 4.505179773319004
5.004473509933153 5 0.5002921680134829
0.5076577011104764 5 3.596867935239717
9.533876959504884 5 3.625154368878199
0.4676705133867017 5 1.364163739787127
9.540247734581712 5 1.361505095866006
9.161956750229365 5 0.4720874653072369
9.155343155231202 5 4.534991045394756
0.8433756286627695 5 0.4718549861264822
0.8795895844979859 5 4.51033583157429
2.680845615012671 5 4.516600399390646
2.976099182426697 5 4.04637746842726
3.470007954343239 5 4.024926626087716
3.218868819180498 5 3.589026744587879
3.703902629162557 5 3.578284378711645
3.451351789354732 5 3.160227860964488
3.952774551428285 5 3.133927133777263
2.974385573737165 5 3.163950712274221
3.200453149263967 5 2.747093967463019
2.726961805344395 5 2.756531773757058
2.954837356208269 5 2.341364384525134
2.482100793289395 5 2.352011919248725
3.424702965981535 5 2.329528452194123
2.239342360176724 5 2.780541038807606
3.183528933291193 5 1.922807070862513
3.662066881876161 5 1.913418278393212
1.97853302262423 5 2.348627877300294
1.717856925614548 5 2.805006985174872
2.223006049066343 5 1.913223479567534
1.698506104199956 5 1.90064009415743
4.266219105275626 5 3.582929451915398
4.557068160905424 5 2.984914705626502
2.000012167636367 5 3.2564126620125
3.417081045882907 5 1.500662531365659
3.920551512217553 5 1.475985414286581
4.20105580420977 5 2.020277220246012
4.463917162380987 5 1.474172408632497
4.760506912461986 5 1.954813065764587
2.939636275888737 5 1.512919552554244
3.163002994401357 5 1.093384399133613
5.039902876874379 5 1.461954115804214
5.344162988597176 5 1.955658997224944
5.63668621929753 5 1.437719963363277
5.941433213032699 5 1.948767236454171
5.670662328118137 5 2.454567863303773
6.249563830609675 5 2.461838253481765
6.541660923851321 5 1.941764764172781
6.846073625565379 5 2.458539793913599
5.949592303274358 5 2.986001560604085
7.140943513557071 5 1.936767040361292
7.445360676781119 5 2.453811073121348
7.740862303145315 5 1.931763015050832
7.149727743537004 5 2.975910543625468
7.749595653345757 5 2.970939153880491
6.842230046199928 5 1.422835912725379
7.453868046323635 5 3.485086623493872
8.053814680562393 5 3.478750590514693
8.349520280779634 5 2.964389943583105
6.853873797846845 5 3.488669078426793
1.457595497104224 5 3.288999655521791
4.88266208560862 5 3.568505140623431
2.699668525381631 5 1.06224443756131
1.969478785123466 5 1.44628758422582
1.404609885141262 5 1.476146939835723
8.650784968514124 5 3.47511377531066
1.126974991651774 5 1.936323086459765
5.075047232938377 5 3.103517061564746
5.391971154380585 5 3.591091662724336
1.758155628488893 5 3.775936213108433
2.289744482277349 5 3.678845036993291
1.065906832820798 5 3.880387561047963
4.171524612145077 5 2.62611479621849
2.983558621891687 5 0.7242209417267108
8.972892712316794 5 2.911037899500959
8.623174210108914 5 2.420603291728683
1.072164002489 5 2.819467568677808
3.775639312092519 5 4.493907734740688
4.37593846066159 5 4.512054808873415
8.334084482255626 5 3.977223996986061
7.12870408244313 5 3.990288766682155
5.069992489350849 5 2.535167828925811
6.243359561952147 5 1.442938413614696
6.550461941872671 5 2.97901249649625
6.253940350402773 5 3.503115748925794
7.437610799262206 5 1.430875739153918
8.036496982649401 5 1.409660620558268
7.116030815566774 5 0.9375084394840655
8.337167926067799 5 1.922876088346111
8.637441226926185 5 1.455454477953565
8.9013933439869 5 1.931994732524472
8.040946841704756 5 2.444063760951761
4.43163035914686 5 0.500186355441961
8.599623670319605 5 0.5058754920892055
1.420775572545034 5 0.4986723251675576
1.559077991821046 5 4.39728518692998
5.587743901832167 5 4.507696104835457
5.607618279946007 5 0.4908046250939755
6.196124321796017 5 4.492000691518692
5.870200633014914 5 3.937960865385966
3.679249615506268 5 2.7178726244127
3.65389238187142 5 1.068092427148617
2.71043526010688 5 1.926292802887821
9.450226216660937 5 1.943939152668943
0.563825036338534 5 1.946753161834695
0.5029561712533099 5 3.064773195157846
9.521394417192287 5 3.099188136502067
2.49829675488618 5 3.174354687594799
6.516566126180355 5 0.9497978866204555
2.748402969169869 5 3.608407389856682
9.543095691523909 5 4.166666666666669
9.005393432090861 5 3.9348172585245
9.549629295943673 5 0.832727403926234
0.4769055667009572 5 4.153711643070391
0.4542003846356049 5 0.8329452688071532
1.015400849957379 5 1.038663394334161
8.588961646122181 5 4.492035345704053
7.394728632106249 5 4.493242728538157
7.733824494281519 5 3.980886847838951
6.516444950382059 5 3.985609591311667
2.46103526139277 5 1.481780245114273
4.741357491953949 5 0.9841127676938979
4.181786645820297 5 1.007179725824724
4.049448194044416 5 4.046901771720545
1.674978525857662 5 0.9959572931304645
5.331695130497239 5 0.9843756355068149
1.421814810553622 5 2.363398499378178
9.013406095677636 5 1.040005449263885
5.922766145264228 5 0.9634759184758723
6.785936906105952 5 0.4650466526867748
3.38698397993185 5 0.6819588324472048
0.9212560409555618 5 3.330099183129025
7.36139785785422 5 0.4411080064370701
7.726813734078313 5 0.976719501002858
3.827719975943762 5 2.321442274292907
8.332972342652766 5 0.986930542271796
2.222928162603377 5 0.9844574260574488
5.294117647058832 5 4.083595930680217
4.661594431606009 5 4.060639853883303
2.623891638284703 5 0.5152120930264731
2.528617045579544 5 4.099168302954188
4.570418014311934 5 2.40319266232565
0.9379349890948525 5 2.33349318684762
9.123098450227182 5 3.402596690470808
5.496497892573028 5 2.982221156106161
2.096519492928825 5 4.089249335257796
9.089802526253907 5 2.35085653318126
0.9120331833672888 5 1.546190511555332
5.809625661125857 5 3.416498321292021
9.624670150411077 5 0.3720740849578055
9.622040710527493 5 4.629220431301174
0.3771622614832044 5 0.3720711620978383
0.4082792817764834 5 4.601345197227053
3.093004495080474 5 0.3842783734400777
9.108542923566674 5 1.546579781655374
2 17 0 162
1527
1528
1529
1530
1531
1532
1533
1534
1535
1536
1537
1538
1539
1540
1541
1542
1543
1544
1545
1546
1547
1548
1549
1550
1551
1552
1553
1554
1555
1556
1557
1558
1559
1560
1561
1562
1563
1564
1565
1566
1567
1568
1569
1570
1571
1572
1573
1574
1575
1576
1577
1578
1579
1580
1581
1582
1583
1584
1585
1586
1587
1588
1589
1590
1591
1592
1593
1594
1595
1596
1597
1598
1599
1600
1601
1602
1603
1604
1605
1606
1607
1608
1609
1610
1611
1612
1613
1614
1615
1616
1617
1618
1619
1620
1621
1622
1623
1624
1625
1626
1627
1628
1629
1630
1631
1632
1633
1634
1635
1636
1637
1638
1639
1640
1641
1642
1643
1644
1645
1646
1647
1648
1649
1650
1651
1652
1653
1654
1655
1656
1657
1658
1659
1660
1661
1662
1663
1664
1665
1666
1667
1668
1669
1670
1671
1672
1673
1674
1675
1676
1677
1678
1679
1680
1681
1682
1683
1684
1685
1686
1687
1688
9.517221295979997 2.543618235591043 0
0.481125224324687 2.500000000000004 0
6.771210188043288 0.523002738650467 0
4.996808875349274 4.479495164648204 0
3.225487527011458 0.4974487303555866 0
3.21591438923491 4.49585480413274 0
6.718133709848543 4.505052532264061 0
4.933817037758498 0.494734997690604 0
2.05638956757031 4.505782731885221 0
2.080872041596508 0.4903637969413083 0
7.968934169321372 0.5230410086172518 0
7.921334817044022 4.519515995812187 0
0.5093057751381761 3.591917775648148 0
9.518874775675313 3.611111111111112 0
0.5074140232895085 1.409489664599952 0
9.452874650616979 1.391747059145916 0
9.10954654914585 0.5066148719068527 0
9.120508617310843 4.538257200901011 0
0.8422907651251965 0.4719022836256938 0
0.9686439261608004 4.505827652362087 0
2.672800097072321 4.517061500941215 0
2.975581801283731 4.043049979166905 0
3.470630148133529 4.024045872343277 0
3.221598581051372 3.586861365320732 0
3.706822344963455 3.578844082085043 0
3.456486120894422 3.159266208187292 0
3.958384362402671 3.135704025174132 0
2.979449367938686 3.160366369813474 0
3.208089596837725 2.745215153050029 0
2.73404312616784 2.751578689730098 0
2.964559875871827 2.365174184341977 0
2.491499129449067 2.34578272170789 0
3.425512078367025 2.337298072986939 0
2.246800169488847 2.772698200545716 0
1.984024725077062 2.333955430060617 0
2.721933825678104 1.929824259936147 0
1.693054844966672 2.788261521547176 0
4.270715059781429 3.542276857186155 0
4.512676974815047 3.084781333219198 0
1.999705888403098 3.245553064707709 0
4.207212416384359 2.670338536872415 0
4.770088082477113 2.603153785682347 0
5.089578080183534 3.078731092450333 0
5.368355255763898 2.570540137900434 0
5.68766059549497 3.056584554091388 0
5.967534772311938 2.546608824385449 0
4.423151972295206 2.091456114641357 0
6.287781982785535 3.053928160150603 0
6.567104376267353 2.52635943275472 0
6.887425992155952 3.034335564258157 0
7.166690311276094 2.503950896194378 0
7.486993097139 3.011551663006749 0
7.766266225181838 2.480653548011646 0
5.653535640577091 2.045146704437594 0
7.445973182906629 1.973287674100544 0
8.045537145543735 1.949696062282796 0
8.08653890397931 2.988091306417614 0
6.023499008528523 3.536600409658914 0
1.42507396639703 2.307896111582041 0
1.722340129919257 1.840366409133764 0
7.207159469587269 3.528341907582463 0
1.439078025837488 3.278096727396107 0
7.725964331810237 1.459866070626544 0
8.325177683140261 1.439547109788542 0
7.126290533686399 1.48232482038348 0
8.614508627626446 1.914034261823386 0
1.761206253769272 3.739245510743044 0
1.093992486864239 1.759964827029279 0
1.466369222010655 1.31131082311297 0
2.030943018177986 1.385825720030878 0
2.291076534292731 3.667212963403846 0
1.109887808187527 3.825549001581041 0
7.405014702644105 0.9349866652317589 0
3.775504405398767 4.493735476476211 0
4.369071768148066 4.464724859352947 0
4.617239543207955 3.989411463422164 0
5.205236762696362 3.998593248347408 0
2.661314384310618 0.5011962562540179 0
2.956507796908057 0.9713405509329458 0
3.474934044525208 0.9660476201173236 0
3.228452008322107 1.399492173591606 0
3.719887893719076 1.431373295263521 0
4.024831633349359 0.9683253515527511 0
4.245175640112039 1.486685127776153 0
4.54598604680098 0.9981184898059332 0
4.803922521674066 1.513232136146843 0
2.799760421334044 1.442867792912583 0
2.381646092278028 1.040903671666797 0
3.483247446505563 1.883179198698137 0
5.064029041039674 2.063493061359218 0
6.247779168938263 2.019675418547002 0
5.933932613669446 1.516701399459859 0
6.528058190967053 1.50620790726968 0
6.304030785640307 1.006479844967643 0
5.739533245114972 1.005630297942899 0
6.608982414475632 3.535497270938603 0
6.846309181393384 1.996988973984595 0
7.825133984757851 3.515918513409873 0
8.440669534744899 3.482858206533284 0
8.657673658385692 2.937620731634025 0
7.577824377756291 4.021364879972471 0
8.352492437478336 2.448756769978446 0
1.580078218591174 4.226090691961762 0
8.90661976140475 1.398597742293832 0
8.575712013623065 0.8920283221147771 0
1.437590538048023 0.6123115713908833 0
6.135488208753348 4.508817907311024 0
8.526581748863064 4.508411922323785 0
8.910352633263983 3.966428200941122 0
3.682637780628153 2.737712265734141 0
5.55712124641151 4.507213975443801 0
9.499825705555915 2.010898434964981 0
0.5031905049196745 1.971769727729862 0
0.4881779020140642 3.050005744871447 0
1.057288172086532 2.787966127992778 0
9.524114696519073 3.090176195516939 0
3.797346122382969 0.4825822354704897 0
8.978185443998319 2.358983550614248 0
2.50262785558433 3.17147464142783 0
3.956903094352759 1.881463170208734 0
2.749922774688748 3.619579597886288 0
2.218951237959407 1.901313481158053 0
5.369593431185593 1.548016599747017 0
9.523576124078943 4.175079173918938 0
9.543095691523913 0.8333333333333344 0
0.4993527985438312 4.14299549335861 0
0.4569043084760873 0.8333333333333343 0
9.016987968090952 3.354017140124465 0
0.967426890635618 1.066385417182019 0
4.370683993592166 0.482925378623005 0
8.226189074199354 4.016710091567989 0
5.515950145820089 0.4988822263491811 0
4.034997211605534 4.0155064351443 0
6.144569398752092 0.4771904335774704 0
7.308042993103498 4.505679095594928 0
5.151467071392366 1.009769124613746 0
6.82692088019623 1.090600395300606 0
0.9378959460261725 3.319227804691632 0
6.941625455047451 4.002100180784344 0
7.37020828258999 0.3962060824998955 0
1.850819668634177 0.9551322943109272 0
6.361452655814849 4.016358597186198 0
8.000160580107808 1.049893835275775 0
0.9276910238584246 2.269813022670716 0
8.54260325230041 0.3843368405277764 0
3.868580768886856 2.325286235542145 0
5.781093443081257 4.009443355057876 0
5.410753885719662 3.49898019852452 0
2.529202507981641 4.08851226818495 0
3.082088223187485 1.756740847807466 0
4.851033384400664 3.532129032191629 0
9.109971441465119 0.9882056643235895 0
2.043590616441026 4.045368833235764 0
2.397497374776675 1.555810345600383 0
9.138836612594806 2.856883170696144 0
9.084428222585515 1.818691716462822 0
9.612881389310424 0.3791007521591487 0
9.591720718223517 4.601345197227048 0
0.3774860735437863 0.3721582345029169 0
0.4082792817764836 4.601345197227051 0
3.165541440571161 2.072292210921536 0
1.49031752166554 4.673962421593297 0
2 18 0 74
1689
1690
1691
1692
1693
1694
1695
1696
1697
1698
1699
1700
1701
1702
1703
1704
1705
1706
1707
1708
1709
1710
1711
1712
1713
1714
1715
1716
1717
1718
1719
1720
1721
1722
1723
1724
1725
1726
1727
1728
1729
1730
1731
1732
1733
1734
1735
1736
1737
1738
1739
1740
1741
1742
1743
1744
1745
1746
1747
1748
1749
1750
1751
1752
1753
1754
1755
1756
1757
1758
1759
1760
1761
1762
10 4.538576733114028 2.562960548852461
10 0.4820563830771777 2.525916668628242
10 2.444551723808291 0.509762395664673
10 2.494720095262225 4.486338835975718
10 3.584038437346524 4.492139196650066
10 1.409648082917357 4.471173697376365
10 4.534232354348127 1.409535705665268
10 0.4914824185214591 1.395818765942923
10 4.49611274907785 3.603185638169538
10 3.652112257235235 0.4962035634767061
10 0.4614063847724064 3.679934261234294
10 1.357497357287287 0.4951252893903709
10 0.4549037460893813 0.8370439172346809
10 1.032083646442325 1.033904942685744
10 1.004383168391027 1.688076808272528
10 1.51277695240798 1.422585296334946
10 1.507159145989791 2.019013578711724
10 2.025992071346081 1.735526442105658
10 2.010469716106509 2.335217115072724
10 2.536151146928274 2.049554138337662
10 2.520392931370704 2.649327949813005
10 1.993053927093848 2.935507219910856
10 3.047364293748156 2.363266539923157
10 3.03526967382024 2.965686238014257
10 3.063238859680719 1.763443818193626
10 3.559340974997982 2.076819427983141
10 3.568370084257948 1.47946177727195
10 3.071226872879488 1.178937687000242
10 2.099334288280306 1.070363535433427
10 1.490268444755277 2.621541812433962
10 1.478932225932729 3.222029989208549
10 1.979162141563638 3.53543793066163
10 1.456737854786504 3.833169375915012
10 1.962175847320122 4.131202145113062
10 2.496478283167118 3.857923108775054
10 3.032426343503289 4.153710132737277
10 0.9300362830150293 4.044153765336799
10 0.9868482139531498 2.874073634036942
10 3.026009909271998 3.566664181047309
10 3.538841712897477 3.882298911797938
10 4.068855570224592 4.082042462686
10 3.537701974791055 3.279500853772676
10 3.543237794388818 2.677172725467996
10 4.097483921114684 3.022357833677784
10 2.551624317239636 1.449783223673969
10 2.508394477714591 3.251757771370351
10 4.043761232901034 1.734667850695067
10 4.543616922938417 0.8376167194202888
10 1.896493396639598 0.5014943199656094
10 0.4982911520792566 1.968032967883416
10 3.064120896244083 0.588760495793506
10 4.007334491411283 1.054094096559796
10 1.003156307564993 2.295863632758331
10 0.4900814386430881 3.116822796306338
10 4.188755124472021 0.4652967729238217
10 0.823216389829977 0.4568407251476085
10 0.9673404001838177 3.461697303672989
10 4.519904395584038 1.997114605299364
10 3.947799185621131 3.573877140020787
10 4.626434680661312 3.05992302636218
10 4.020176797386323 2.371528051555573
10 4.587757384183146 4.166666666666668
10 0.4089143922247794 4.166666666666668
10 0.8029883609394198 4.546554898094524
10 1.95108658287772 4.617742935693029
10 4.195213635544618 4.556357569030475
10 3.517090303045422 0.9702204504383382
10 2.646171619690361 0.9595214675131634
10 1.584070267817038 0.9189085653545912
10 3.055555555555558 4.633153563762026
10 0.403866258086143 0.4038662580861431
10 4.596133741913858 0.4038662580861404
10 4.597297088180115 4.597297088180115
10 0.4026647408126853 4.597335259187313
3 1 0 2289
1763
1764
1765
1766
1767
1768
1769
1770
1771
1772
1773
1774
1775
1776
1777
1778
1779
1780
1781
1782
1783
1784
1785
1786
1787
1788
1789
1790
1791
1792
1793
1794
1795
1796
1797
1798
1799
1800
1801
1802
1803
1804
1805
1806
1807
1808
1809
1810
1811
1812
1813
1814
1815
1816
1817
1818
1819
1820
1821
1822
1823
1824
1825
1826
1827
1828
1829
1830
1831
1832
1833
1834
1835
1836
1837
1838
1839
1840
1841
1842
1843
1844
1845
1846
1847
1848
1849
1850
1851
1852
1853
1854
1855
1856
1857
1858
1859
1860
1861
1862
1863
1864
1865
1866
1867
1868
1869
1870
1871
1872
1873
1874
1875
1876
1877
1878
1879
1880
1881
1882
1883
1884
1885
1886
1887
1888
1889
1890
1891
1892
1893
1894
1895
1896
1897
1898
1899
1900
1901
1902
1903
1904
1905
1906
1907
1908
1909
1910
1911
1912
1913
1914
1915
1916
1917
1918
1919
1920
1921
1922
1923
1924
1925
1926
1927
1928
1929
1930
1931
1932
1933
1934
1935
1936
1937
1938
1939
1940
1941
1942
1943
1944
1945
1946
1947
1948
1949
1950
1951
1952
1953
1954
1955
1956
1957
1958
1959
1960
1961
1962
1963
1964
1965
1966
1967
1968
1969
1970
1971
1972
1973
1974
1975
1976
1977
1978
1979
1980
1981
1982
1983
1984
1985
1986
1987
1988
1989
1990
1991
1992
1993
1994
1995
1996
1997
1998
1999
2000
2001
2002
2003
2004
2005
2006
2007
2008
2009
2010
2011
2012
2013
2014
2015
2016
2017
2018
2019
2020
2021
2022
2023
2024
2025
2026
2027
2028
2029
2030
2031
2032
2033
2034
2035
2036
2037
2038
2039
2040
2041
2042
2043
2044
2045
2046
2047
2048
2049
2050
2051
2052
2053
2054
2055
2056
2057
2058
2059
2060
2061
2062
2063
2064
2065
2066
2067
2068
2069
2070
2071
2072
2073
2074
2075
2076
2077
2078
2079
2080
2081
2082
2083
2084
2085
2086
2087
2088
2089
2090
2091
2092
2093
2094
2095
2096
2097
2098
2099
2100
2101
2102
2103
2104
2105
2106
2107
2108
2109
2110
2111
2112
2113
2114
2115
2116
2117
2118
2119
2120
2121
2122
2123
2124
2125
2126
2127
2128
2129
2130
2131
2132
2133
2134
2135
2136
2137
2138
2139
2140
2141
2142
2143
2144
2145
2146
2147
2148
2149
2150
2151
2152
2153
2154
2155
2156
2157
2158
2159
2160
2161
2162
2163
2164
2165
2166
2167
2168
2169
2170
2171
2172
2173
2174
2175
2176
2177
2178
2179
2180
2181
2182
2183
2184
2185
2186
2187
2188
2189
2190
2191
2192
2193
2194
2195
2196
2197
2198
2199
2200
2201
2202
2203
2204
2205
2206
2207
2208
2209
2210
2211
2212
2213
2214
2215
2216
2217
2218
2219
2220
2221
2222
2223
2224
2225
2226
2227
2228
2229
2230
2231
2232
2233
2234
2235
2236
2237
2238
2239
2240
2241
2242
2243
2244
2245
2246
2247
2248
2249
2250
2251
2252
2253
2254
2255
2256
2257
2258
2259
2260
2261
2262
2263
2264
2265
2266
2267
2268
2269
2270
2271
2272
2273
2274
2275
2276
2277
2278
2279
2280
2281
2282
2283
2284
2285
2286
2287
2288
2289
2290
2291
2292
2293
2294
2295
2296
2297
2298
2299
2300
2301
2302
2303
2304
2305
2306
2307
2308
2309
2310
2311
2312
2313
2314
2315
2316
2317
2318
2319
2320
2321
2322
2323
2324
2325
2326
2327
2328
2329
2330
2331
2332
2333
2334
2335
2336
2337
2338
2339
2340
2341
2342
2343
2344
2345
2346
2347
2348
2349
2350
2351
2352
2353
2354
2355
2356
2357
2358
2359
2360
2361
2362
2363
2364
2365
2366
2367
2368
2369
2370
2371
2372
2373
2374
2375
2376
2377
2378
2379
2380
2381
2382
2383
2384
2385
2386
2387
2388
2389
2390
2391
2392
2393
2394
2395
2396
2397
2398
2399
2400
2401
2402
2403
2404
2405
2406
2407
2408
2409
2410
2411
2412
2413
2414
2415
2416
2417
2418
2419
2420
2421
2422
2423
2424
2425
2426
2427
2428
2429
2430
2431
2432
2433
2434
2435
2436
2437
2438
2439
2440
2441
2442
2443
2444
2445
2446
2447
2448
2449
2450
2451
2452
2453
2454
2455
2456
2457
2458
2459
2460
2461
2462
2463
2464
2465
2466
2467
2468
2469
2470
2471
2472
2473
2474
2475
2476
2477
2478
2479
2480
2481
2482
2483
2484
2485
2486
2487
2488
2489
2490
2491
2492
2493
2494
2495
2496
2497
2498
2499
2500
2501
2502
2503
2504
2505
2506
2507
2508
2509
2510
2511
2512
2513
2514
2515
2516
2517
2518
2519
2520
2521
2522
2523
2524
2525
2526
2527
2528
2529
2530
2531
2532
2533
2534
2535
2536
2537
2538
2539
2540
2541
2542
2543
2544
2545
2546
2547
2548
2549
2550
2551
2552
2553
2554
2555
2556
2557
2558
2559
2560
2561
2562
2563
2564
2565
2566
2567
2568
2569
2570
2571
2572
2573
2574
2575
2576
2577
2578
2579
2580
2581
2582
2583
2584
2585
2586
2587
2588
2589
2590
2591
2592
2593
2594
2595
2596
2597
2598
2599
2600
2601
2602
2603
2604
2605
2606
2607
2608
2609
2610
2611
2612
2613
2614
2615
2616
2617
2618
2619
2620
2621
2622
2623
2624
2625
2626
2627
2628
2629
2630
2631
2632
2633
2634
2635
2636
2637
2638
2639
2640
2641
2642
2643
2644
2645
2646
2647
2648
2649
2650
2651
2652
2653
2654
2655
2656
2657
2658
2659
2660
2661
2662
2663
2664
2665
2666
2667
2668
2669
2670
2671
2672
2673
2674
2675
2676
2677
2678
2679
2680
2681
2682
2683
2684
2685
2686
2687
2688
2689
2690
2691
2692
2693
2694
2695
2696
2697
2698
2699
2700
2701
2702
2703
2704
2705
2706
2707
2708
2709
2710
2711
2712
2713
2714
2715
2716
2717
2718
2719
2720
2721
2722
2723
2724
2725
2726
2727
2728
2729
2730
2731
2732
2733
2734
2735
2736
2737
2738
2739
2740
2741
2742
2743
2744
2745
2746
2747
2748
2749
2750
2751
2752
2753
2754
2755
2756
2757
2758
2759
2760
2761
2762
2763
2764
2765
2766
2767
2768
2769
2770
2771
2772
2773
2774
2775
2776
2777
2778
2779
2780
2781
2782
2783
2784
2785
2786
2787
2788
2789
2790
2791
2792
2793
2794
2795
2796
2797
2798
2799
2800
2801
2802
2803
2804
2805
2806
2807
2808
2809
2810
2811
2812
2813
2814
2815
2816
2817
2818
2819
2820
2821
2822
2823
2824
2825
2826
2827
2828
2829
2830
2831
2832
2833
2834
2835
2836
2837
2838
2839
2840
2841
2842
2843
2844
2845
2846
2847
2848
2849
2850
2851
2852
2853
2854
2855
2856
2857
2858
2859
2860
2861
2862
2863
2864
2865
2866
2867
2868
2869
2870
2871
2872
2873
2874
2875
2876
2877
2878
2879
2880
2881
2882
2883
2884
2885
2886
2887
2888
2889
2890
2891
2892
2893
2894
2895
2896
2897
2898
2899
2900
2901
2902
2903
2904
2905
2906
2907
2908
2909
2910
2911
2912
2913
2914
2915
2916
2917
2918
2919
2920
2921
2922
2923
2924
2925
2926
2927
2928
2929
2930
2931
2932
2933
2934
2935
2936
2937
2938
2939
2940
2941
2942
2943
2944
2945
2946
2947
2948
2949
2950
2951
2952
2953
2954
2955
2956
2957
2958
2959
2960
2961
2962
2963
2964
2965
2966
2967
2968
2969
2970
2971
2972
2973
2974
2975
2976
2977
2978
2979
2980
2981
2982
2983
2984
2985
2986
2987
2988
2989
2990
2991
2992
2993
2994
2995
2996
2997
2998
2999
3000
3001
3002
3003
3004
3005
3006
3007
3008
3009
3010
3011
3012
3013
3014
3015
3016
3017
3018
3019
3020
3021
3022
3023
3024
3025
3026
3027
3028
3029
3030
3031
3032
3033
3034
3035
3036
3037
3038
3039
3040
3041
3042
3043
3044
3045
3046
3047
3048
3049
3050
3051
3052
3053
3054
3055
3056
3057
3058
3059
3060
3061
3062
3063
3064
3065
3066
3067
3068
3069
3070
3071
3072
3073
3074
3075
3076
3077
3078
3079
3080
3081
3082
3083
3084
3085
3086
3087
3088
3089
3090
3091
3092
3093
3094
3095
3096
3097
3098
3099
3100
3101
3102
3103
3104
3105
3106
3107
3108
3109
3110
3111
3112
3113
3114
3115
3116
3117
3118
3119
3120
3121
3122
3123
3124
3125
3126
3127
3128
3129
3130
3131
3132
3133
3134
3135
3136
3137
3138
3139
3140
3141
3142
3143
3144
3145
3146
3147
3148
3149
3150
3151
3152
3153
3154
3155
3156
3157
3158
3159
3160
3161
3162
3163
3164
3165
3166
3167
3168
3169
3170
3171
3172
3173
3174
3175
3176
3177
3178
3179
3180
3181
3182
3183
3184
3185
3186
3187
3188
3189
3190
3191
3192
3193
3194
3195
3196
3197
3198
3199
3200
3201
3202
3203
3204
3205
3206
3207
3208
3209
3210
3211
3212
3213
3214
3215
3216
3217
3218
3219
3220
3221
3222
3223
3224
3225
3226
3227
3228
3229
3230
3231
3232
3233
3234
3235
3236
3237
3238
3239
3240
3241
3242
3243
3244
3245
3246
3247
3248
3249
3250
3251
3252
3253
3254
3255
3256
3257
3258
3259
3260
3261
3262
3263
3264
3265
3266
3267
3268
3269
3270
3271
3272
3273
3274
3275
3276
3277
3278
3279
3280
3281
3282
3283
3284
3285
3286
3287
3288
3289
3290
3291
3292
3293
3294
3295
3296
3297
3298
3299
3300
3301
3302
3303
3304
3305
3306
3307
3308
3309
3310
3311
3312
3313
3314
3315
3316
3317
3318
3319
3320
3321
3322
3323
3324
3325
3326
3327
3328
3329
3330
3331
3332
3333
3334
3335
3336
3337
3338
3339
3340
3341
3342
3343
3344
3345
3346
3347
3348
3349
3350
3351
3352
3353
3354
3355
3356
3357
3358
3359
3360
3361
3362
3363
3364
3365
3366
3367
3368
3369
3370
3371
3372
3373
3374
3375
3376
3377
3378
3379
3380
3381
3382
3383
3384
3385
3386
3387
3388
3389
3390
3391
3392
3393
3394
3395
3396
3397
3398
3399
3400
3401
3402
3403
3404
3405
3406
3407
3408
3409
3410
3411
3412
3413
3414
3415
3416
3417
3418
3419
3420
3421
3422
3423
3424
3425
3426
3427
3428
3429
3430
3431
3432
3433
3434
3435
3436
3437
3438
3439
3440
3441
3442
3443
3444
3445
3446
3447
3448
3449
3450
3451
3452
3453
3454
3455
3456
3457
3458
3459
3460
3461
3462
3463
3464
3465
3466
3467
3468
3469
3470
3471
3472
3473
3474
3475
3476
3477
3478
3479
3480
3481
3482
3483
3484
3485
3486
3487
3488
3489
3490
3491
3492
3493
3494
3495
3496
3497
3498
3499
3500
3501
3502
3503
3504
3505
3506
3507
3508
3509
3510
3511
3512
3513
3514
3515
3516
3517
3518
3519
3520
3521
3522
3523
3524
3525
3526
3527
3528
3529
3530
3531
3532
3533
3534
3535
3536
3537
3538
3539
3540
3541
3542
3543
3544
3545
3546
3547
3548
3549
3550
3551
3552
3553
3554
3555
3556
3557
3558
3559
3560
3561
3562
3563
3564
3565
3566
3567
3568
3569
3570
3571
3572
3573
3574
3575
3576
3577
3578
3579
3580
3581
3582
3583
3584
3585
3586
3587
3588
3589
3590
3591
3592
3593
3594
3595
3596
3597
3598
3599
3600
3601
3602
3603
3604
3605
3606
3607
3608
3609
3610
3611
3612
3613
3614
3615
3616
3617
3618
3619
3620
3621
3622
3623
3624
3625
3626
3627
3628
3629
3630
3631
3632
3633
3634
3635
3636
3637
3638
3639
3640
3641
3642
3643
3644
3645
3646
3647
3648
3649
3650
3651
3652
3653
3654
3655
3656
3657
3658
3659
3660
3661
3662
3663
3664
3665
3666
3667
3668
3669
3670
3671
3672
3673
3674
3675
3676
3677
3678
3679
3680
3681
3682
3683
3684
3685
3686
3687
3688
3689
3690
3691
3692
3693
3694
3695
3696
3697
3698
3699
3700
3701
3702
3703
3704
3705
3706
3707
3708
3709
3710
3711
3712
3713
3714
3715
3716
3717
3718
3719
3720
3721
3722
3723
3724
3725
3726
3727
3728
3729
3730
3731
3732
3733
3734
3735
3736
3737
3738
3739
3740
3741
3742
3743
3744
3745
3746
3747
3748
3749
3750
3751
3752
3753
3754
3755
3756
3757
3758
3759
3760
3761
3762
3763
3764
3765
3766
3767
3768
3769
3770
3771
3772
3773
3774
3775
3776
3777
3778
3779
3780
3781
3782
3783
3784
3785
3786
3787
3788
3789
3790
3791
3792
3793
3794
3795
3796
3797
3798
3799
3800
3801
3802
3803
3804
3805
3806
3807
3808
3809
3810
3811
3812
3813
3814
3815
3816
3817
3818
3819
3820
3821
3822
3823
3824
3825
3826
3827
3828
3829
3830
3831
3832
3833
3834
3835
3836
3837
3838
3839
3840
3841
3842
3843
3844
3845
3846
3847
3848
3849
3850
3851
3852
3853
3854
3855
3856
3857
3858
3859
3860
3861
3862
3863
3864
3865
3866
3867
3868
3869
3870
3871
3872
3873
3874
3875
3876
3877
3878
3879
3880
3881
3882
3883
3884
3885
3886
3887
3888
3889
3890
3891
3892
3893
3894
3895
3896
3897
3898
3899
3900
3901
3902
3903
3904
3905
3906
3907
3908
3909
3910
3911
3912
3913
3914
3915
3916
3917
3918
3919
3920
3921
3922
3923
3924
3925
3926
3927
3928
3929
3930
3931
3932
3933
3934
3935
3936
3937
3938
3939
3940
3941
3942
3943
3944
3945
3946
3947
3948
3949
3950
3951
3952
3953
3954
3955
3956
3957
3958
3959
3960
3961
3962
3963
3964
3965
3966
3967
3968
3969
3970
3971
3972
3973
3974
3975
3976
3977
3978
3979
3980
3981
3982
3983
3984
3985
3986
3987
3988
3989
3990
3991
3992
3993
3994
3995
3996
3997
3998
3999
4000
4001
4002
4003
4004
4005
4006
4007
4008
4009
4010
4011
4012
4013
4014
4015
4016
4017
4018
4019
4020
4021
4022
4023
4024
4025
4026
4027
4028
4029
4030
4031
4032
4033
4034
4035
4036
4037
4038
4039
4040
4041
4042
4043
4044
4045
4046
4047
4048
4049
4050
4051
4.955258516834919 0.9623142987550388 4.40523349571416
3.048498694276245 1.335456132924285 2.314801745668496
3.171873473765817 1.405481330522824 2.326412626480177
2.991255572053029 1.375575860234499 2.432881994983339
3.143031881753392 1.332890730111859 2.486832705522224
3.245306957372321 3.14281691446622 2.607137276828601
3.346408190389735 3.619418215394034 2.274148028941739
3.170994344733673 3.576490364973725 2.270035793956465
3.193715227485699 3.717478825642781 2.272494066316203
3.322980463883667 3.699261019602729 2.094346295895081
3.173844000447784 1.618406758866395 2.432109242066973
3.14635542991731 1.5432159690256 2.342598403361765
3.273298333516431 1.57808980925164 2.317841836295863
3.263100847556406 1.438591175684818 2.425660390770792
3.051589457427373 2.865748639255744 4.621522835841536
3.567015722638375 2.879546915049874 4.615242486060847
3.506032312879918 2.442423068727867 4.309523092236114
3.166840043134497 2.861421936291858 4.216246497850895
3.289186425705044 2.342205111025565 2.829142256520853
3.283695628536582 2.254538076247697 2.957849126511811
3.163882301488357 2.300276213061717 2.869981914344347
3.299720392771628 2.186477511709787 2.808007900115241
2.82475373353051 2.586931664064467 2.669992921663243
2.769000879676167 1.9638483511418 2.430035731940615
2.824449910586737 1.841602340484084 2.386138608767442
2.810015066135271 2.62058689191922 3.145826915512015
2.836810886665011 2.651184981617431 3.351666388399861
2.157759239627894 4.420446244532569 4.396190437810015
3.007947653567306 3.835362874494986 0.5190813234266167
3.438235824825758 3.786326746501262 0.4465870488897713
2.833063600986801 2.869711835649105 2.724359002670565
2.646562107491937 2.812596316012594 2.515825065837859
2.838028127079494 2.906441809016377 2.607742811886318
2.788726099081215 2.733386450709678 2.621882605439885
3.207693113501922 2.427969349383526 2.979578948355188
3.360868576068855 2.497212237635095 2.816254117774363
3.183204600223254 2.470122771353298 2.85692339919232
2.778237121801072 4.576014352154721 4.00624809462028
2.698491792057 4.445244388033142 4.421256698088758
2.410687020345482 4.139714533725793 4.066801907299576
1.078113956750929 3.746946943768111 3.028453183832585
1.621327197332819 3.925979217310564 2.82625643629857
1.482920157630577 3.505820560759593 2.647038781407884
1.575669196052039 3.88773353407547 2.351658355858879
2.600505185960936 3.762964954109395 4.033824290967134
2.465871084260743 4.052913449704409 3.74207122756666
2.787023417184153 3.749888741302145 3.831056792245877
2.595518351018252 3.853350830428039 3.599263113294195
3.233673016087965 2.351909856612227 3.678050779486071
3.313503613851193 2.488081856161272 3.735268952990869
3.153915837106736 2.549899755388972 3.934401994646147
3.211717316532553 2.241064211551542 3.96007400879334
2.611905578554208 2.751206784430727 2.730065874406861
4.673174867403946 3.79974260386472 4.448820295084297
5.214050573564292 4.155867914114113 4.156317463456562
3.305726593910226 4.25807781652008 1.971555155577864
3.307320801347704 3.959928355798879 1.884897421829492
3.582425464563864 3.923994640433157 2.159536870499559
3.276002279777168 4.099041551160654 2.288698437707303
3.146406446229195 2.633073767410459 1.667186349270083
3.261086288334492 2.506726826909067 1.533868358988116
2.648889235195037 2.145980949052937 3.576175507642978
2.403237120488722 2.286437221784278 3.578670611560324
2.570261918658464 2.218708115984209 3.405479190857857
2.372411606793382 2.101836773221703 3.340136055199892
3.318226985285456 1.735731030993944 2.743884323275568
3.293662714468698 1.491551922914507 2.85537983551147
3.517129789724248 1.66534696871077 2.78065924523594
3.350373150158804 1.70934936926279 2.916754463704012
3.091512360483514 1.14363959222204 3.583892744819894
2.979699624958499 1.174196703669035 3.273372934357608
3.135771188236568 1.254718798769785 3.445948991043233
3.230800945150368 1.046521152691726 3.279427691732453
3.056230811764247 3.429402434609926 3.600321428346169
3.927740684932905 1.643207787337331 2.604770097529136
3.581524019271721 2.010619372951445 2.72538187607234
3.620239899759236 1.633592516987597 2.483614295279974
2.830861562518244 2.49464325379396 3.216723654998178
1.890146110824166 1.242023946638675 3.43917391665263
2.247887470720413 1.53977545594238 3.549549903355305
1.625623979334186 1.193032471614538 3.783851631633846
2.273291706160593 1.176309036742 3.543654098443641
1.196014764169158 4.467692565344479 3.477660392446758
2.59806852610539 3.165004173891707 3.231295112073563
2.743808270494801 3.041073892239994 3.311493726540673
2.495376466551609 3.115114035585081 3.407452919321362
2.63478910055161 2.953392369271834 3.220286469030064
0.7850410319579222 2.326778182903963 4.348340259859171
3.001144638148864 2.508838006237059 1.327861599686268
3.279475255039153 3.593513777852896 1.296303239607107
3.306377155154762 3.801729390714316 1.473287062507961
3.470681646829628 3.606446034619583 1.498903597922836
3.614095821011017 3.664949330433954 1.248965718052359
3.163038737457288 2.992679475658404 2.24815304727725
3.164547568803894 3.080438926599551 2.150272334136757
3.24826255827106 2.97129651706053 2.147561561902165
4.034063476939441 4.032944446813575 4.29142113630899
3.091399351028448 1.750252993627911 3.794169489081797
3.265743545846931 1.889842473814509 3.992556673251753
2.864372509090076 1.924392335108159 4.070098436813737
3.077204331081345 1.632882744121574 4.005550196503046
2.849448657720795 1.837040642563445 1.395146758207642
2.758995284631085 1.645940828442547 1.418571169461256
2.880543821174076 1.622359857729861 1.369639318744742
3.152297513487108 3.05834182213767 2.741733998470498
3.160489571907714 2.998521377883783 2.631774867872421
4.940215702138636 0.8753440847896696 2.277642465564732
5.169648028201507 0.5158732653398046 1.536487722741315
2.618325204237875 1.783121952456022 1.462705523915993
2.531116747613412 1.665688131606053 1.106677627510064
2.309433103015774 1.862884157409174 1.188397704043
2.693932518943799 1.76124706732398 1.27284816706964
4.214163049466204 0.6107827597164525 3.144280332063347
3.762616757513456 0.9150686491306833 2.858663139986146
3.750769888106531 0.6177863618940946 3.13670154840096
3.933018510769386 0.8754140205041521 3.374894488942895
3.097665198019507 1.382460387565886 1.891717866315376
3.351292163220463 2.226053233537462 3.169663848954317
3.280810786400272 2.102722002177723 3.078566477576929
3.420885704689452 2.06492956551306 2.921293104370684
3.705108078655699 1.911122072140987 1.777356087940439
3.657528440183996 1.659793116485029 1.785730544803814
3.689701757509411 1.726148084626942 1.395124055630852
3.865326922296728 1.463095415711449 1.559879837171045
3.645159747423561 1.958643958559971 2.992346513036482
3.648292717721944 2.194833380571901 3.079779306733319
3.446114836859985 2.029878559135002 3.143737558765122
3.199223652936342 3.166918771029227 2.257677301136059
3.915948835435507 3.257013256274903 2.833178999258696
3.684669829540391 3.46104254454719 2.909226286916941
3.54574212093524 3.286089028276463 2.781680645245297
3.520527473422093 3.133050433556254 3.044833589106551
6.448303895272301 4.407816130369699 1.580576709538219
6.325432178264996 4.108106144699819 2.603154212805754
7.033603433593414 4.064759748094512 1.745550730364139
3.443976953592089 2.136564910931813 1.163864159349467
3.137706084476428 2.277784882215508 1.289311713227669
3.107182295063676 2.154261433572236 1.172998996937527
3.31909386745631 2.181628468951916 1.360842494430021
3.211547458515307 2.878132140466577 1.48447098594349
3.356536360288488 2.801432832024055 1.413674451185748
3.328441416521124 2.628719456433278 1.625008025293984
3.181835780601747 2.715914551571747 1.528271939198123
3.630029657982375 1.800601929148866 1.118151769949445
3.677950192243644 2.20456158154507 0.8468090887484971
3.657660214060302 1.83406256975448 0.70870516163852
3.349007807314482 1.898525920540579 0.8240418743226221
2.829967121330949 3.046026837464231 2.767593786945687
3.161600242079795 2.834616904908987 2.17888195334097
3.172814498628551 2.875804882389191 2.372699217634786
3.202901553564824 1.903994307352205 2.911294603386807
3.165505704302579 2.056104567859773 2.808886733360024
3.218330331613421 1.961429515405058 2.705365800274222
3.156157157893444 1.561407048094804 1.75899494914099
4.604748008130608 1.973956327179653 4.05675546094152
4.16100703456455 1.978624169233542 3.442253426361193
4.974216084098478 2.182394807361903 3.349982117911645
4.302658587998343 1.751866887222145 3.73178006242912
2.868859702107591 1.264983081897096 3.691213012344941
2.904841920342329 1.10425044475734 3.619107005017515
3.068327315838851 1.273202893785176 3.805827574050407
7.589062286314206 1.302064695271808 3.79740033575422
7.171379037230762 1.772722364505001 3.803801670968702
7.353779898089916 1.88034073456479 4.416894341425379
7.630998656445573 2.207849437414727 3.902929755067128
9.344192759423645 0.6414115171114994 1.209152573722066
8.873342664837356 0.6685409631347863 0.5328758669739713
9.467620145727302 0.6499939388617034 0.6141587298066277
9.372895903248862 0.7923435187464976 3.494301462829886
9.24894374441072 1.901874718013449 3.880852930807941
9.396529832615728 2.284678776651802 4.347210336110412
0.6281509062603285 0.614396775342346 4.352098863815716
2.775632508580629 2.699072606435658 3.57532395422553
2.756041541478213 2.906326768050929 3.570103628939106
2.631432646996466 2.762966083709088 3.771531712016163
2.793436005423438 2.841052942577939 3.788006484419157
0.9228822816253119 1.7540787382371 3.797970860263243
0.7435902877013216 2.372391639909883 3.559836442947044
1.465997178500992 2.359829112778927 3.238757266116349
1.184879560428707 1.818463849425978 3.038521364898259
2.758251323302153 2.240737667578684 3.414227877062653
2.646657438520236 2.236920395798037 3.24234699996592
2.692420809673739 2.077758312367792 3.35830357020854
3.253977352368715 3.31194373701858 1.530810664903433
3.15359797456102 3.406875168606175 1.689484895016627
3.168239658528827 3.503995122129111 1.591906697425502
2.779986754892799 2.343540891036576 1.257115257266986
2.8277657196398 2.519822506664244 1.334565315628121
2.874787680293478 2.55224224262906 1.12734738972272
3.15611037492153 2.430666850502353 1.670315668388771
0.799492909863762 0.5830269545389485 2.706907237135769
0.8199469267826855 0.5460890082289854 3.699514224407542
2.306832486444792 4.522229467832656 2.863434090385926
1.721631245541422 4.439654200230477 2.576701971930686
2.663675258225544 3.425335637201485 1.841916709643879
2.856452262576581 3.351350074303855 1.914307068335998
2.786416182634747 3.499417273124498 1.91493606942939
2.734921515275698 3.330658874049275 1.972171239264192
2.854516036094818 2.607898575821392 1.898199218628485
2.73928724665859 2.425546114297188 1.891648738854435
2.835718526572866 2.529827915663581 2.002956108363462
2.617954959951687 2.552745402699473 1.980870651529435
2.932487794990212 2.811153606019881 1.380408632037673
3.032854799324452 2.734436587732932 1.318738173582549
3.072724173527274 2.834949279047715 1.397463190035341
2.819250471323056 2.633179533773714 2.358847703409973
2.815718779987022 2.780546851730152 2.316380007129476
2.777684888004699 2.687420624724293 2.000297316523151
2.778429717450532 2.766127597330107 1.836625987728636
2.78284625752324 2.821251126323899 1.984996069010919
2.832760183645439 1.922952233768049 1.729530903362185
2.849438851292732 1.79266317703298 3.262219053754324
2.833542244073207 1.836673599460658 3.15025850360358
2.990394786083722 1.544955010264748 3.785292885707177
3.0318443999443 1.693376536625578 3.626921379302551
2.926334959965108 1.764576556673078 3.672312968940033
0.6855050989278464 1.234122797232116 3.508314266077058
3.123337302576317 4.027268807081285 1.52975700647712
3.308682147088571 3.894468821879422 1.253827741048487
3.38540174857821 4.063047477726208 1.430753080351451
3.426263348491178 3.434585780789994 4.162706624530757
3.666300117607093 3.390229463571706 3.97513186293456
3.66914354074044 3.603878397847694 4.3187305573811
3.871680830672866 3.15981569811058 4.190835407810498
2.824795454762701 3.340043468860061 3.491668650242457
2.844182791495068 3.148920866668334 3.625437180959927
2.934244787578489 3.342561271394282 3.678755411942459
2.756433978403474 3.408465492416044 3.709167540126181
3.693045514316924 3.925008182247502 3.633650599665875
3.756789878593544 4.136338242885707 3.139416234717824
3.507655792061113 4.012426010069235 3.362692618567433
3.922406029346422 4.203654554414299 3.498324935244591
3.129161188841371 3.12911873853051 4.005455575031667
3.147320399507862 3.502172239204413 4.062817645917995
3.245512155132707 3.241498279195835 4.309948595065341
4.56763493802202 4.367401982054878 4.256156056039279
3.171209461378499 2.299877389695133 2.339675200905706
2.594817118137978 2.123520830181926 0.9840450867650281
2.805730249921831 2.227833094700784 1.091927135077858
2.836687793011549 2.465726515883552 0.6950245733654026
2.558895470323676 2.524178876595256 0.7885921310723139
3.593877401607108 0.4303541549162881 0.8435750410508103
4.438588550102319 2.253817929789577 1.134810852836461
4.841001871460517 3.035475071932445 0.9231097328332714
4.138338133420001 2.804367403535305 1.048946877306582
4.491425242006382 2.592048623140209 1.496915597100735
2.669679234735264 0.5752280774114973 0.5153831008339064
3.039478780400747 1.362420204151684 2.108262928559367
3.202510291029547 1.173924357824323 2.109689173055895
3.221898031881083 1.237046291741324 1.94027683375911
3.173137562276815 1.431100298655169 2.076172390434686
5.488070882131442 4.290206520051933 2.63032107495963
4.819288177510503 4.423091038935866 2.66167575648635
3.195280814037385 3.200942178407961 2.06934719174208
3.237189466798785 3.119205483174748 1.911655015905551
2.324325674606316 1.426135657167813 2.369768038712873
2.483896732843272 1.401062628446961 2.619837376886877
2.479039167279901 1.613524428114323 2.653606373091411
2.234192316073329 1.378685711750084 2.667445739281565
2.697957123736763 3.203392949416816 2.895759166290985
2.822962982777974 3.158900160847907 2.834031215659526
2.695879331641185 2.96097750452651 2.823281940028653
2.729863184368763 3.140012374146019 2.720661286516425
2.84973294472878 1.950518516531494 2.535921746288084
2.587345445062301 1.92614633313625 1.88050090988441
2.80513262547243 2.054825975974713 1.957499200661197
2.810433429785038 1.923241313653051 1.927062612677576
2.734273299558835 1.873820859586475 1.823431851125304
3.515460035615925 4.589635606369086 2.442002780498733
3.797230271094362 4.001371980903292 2.739944751514479
3.495655891400513 4.012200631250269 2.421266486595304
3.712868454630426 4.25 2.179396882407622
2.84511108176914 3.249708169290079 3.196229164493689
2.819684797424367 2.759757435942332 2.975673734240824
2.82681946894113 2.817677079466219 2.834348682231365
7.013006273254863 4.316284864807307 4.366163654067627
7.511169760231306 3.957459068276466 3.932736048231517
8.108765104147245 4.24372662109158 3.144577030153951
8.423508221736304 4.362253217524589 3.88983254518021
7.769824545318372 4.456079345552448 4.306184278180069
9.38470864272827 4.403032829289746 1.650394709611264
9.037681458415204 3.009168895272674 3.571610172419091
8.91281719192339 3.739010013815005 3.726233987796644
9.377114217988517 3.292975489977011 4.362718198175136
8.287102456649084 3.013517673315019 3.498858048189062
7.566541584685922 3.368302858288634 3.515610195306652
7.703625937621508 3.018909481680665 2.905935100018512
7.566258672182505 2.717060700954634 3.481988071816465
9.413733752315627 4.415865914040313 3.306653181382366
8.224527296103043 4.050584390520461 4.383307174526658
8.873448685715539 4.01804847734882 4.332597349394636
9.382969922077358 4.331916254379919 4.190367822888417
3.214617529789969 2.995030418638281 2.39273168474225
8.868639318756667 4.170248335819881 2.858155831143106
4.332601751005177 3.094339100152463 4.475163915554031
2.704071668891204 2.653847445759731 2.985871452307608
2.737473251330651 2.668154805682392 3.249335532377764
2.615653125381961 2.795289240530518 3.090110582666048
2.611734501951511 2.562008128249839 3.148509136170624
5.423538807183144 3.42242149751828 0.9255125938993283
5.681860604567343 4.032913047292368 0.5833277646937265
9.314101272454867 0.5862317463183001 4.394985250508273
0.6222617413148572 2.739470217475843 2.200368375849969
0.6206436484178466 2.314592223128856 2.810686893601168
0.7296033058487612 3.248230441533574 2.537137428370971
2.810037220794592 3.044594383508822 2.948252978956113
2.795849182559768 2.948355155275106 3.12866214969432
2.668846151437507 3.130444461473188 3.069451988962074
2.678869058301653 2.923461457575965 3.005283627412294
2.691602437300668 1.424486756817586 3.372201641567528
2.812995811341585 1.161176187999597 3.405052924065133
2.832449603714271 1.284395510904242 3.51116613124891
2.593970309353535 1.251294198498184 3.513571875664528
3.356709134544288 1.232636990006333 2.449614508838742
3.403194373431822 1.508945825802688 2.550363459537385
3.429419369351238 1.465032607064694 2.353514997565725
2.834509169292741 2.043373947349903 3.574066439285617
2.844010524470416 2.063758918509123 3.419626866266932
2.774294724188163 1.947608702360085 3.42430368626022
3.403356591591906 1.870304535311726 2.892097009185286
3.456249163097102 1.833341924560669 2.689537653772733
2.860693812630062 0.6941817541602944 3.777985297849824
2.580079411539353 0.8304439318066834 3.757380939684317
2.774248542732875 1.081357585627537 3.836073787975339
2.662652979330064 1.079402261480152 3.628983067900986
3.12784956057554 2.247621805998557 3.745932088467563
3.084799583999564 2.0938881984233 3.711146743223471
3.36798486779657 2.078711150611527 3.890466947405727
3.035106224316299 1.405732755445702 3.443049086268849
2.674658685071151 2.539864076824409 2.695197393724442
2.68646638384958 2.498842123331183 2.911579063547792
2.783944966491499 2.475650626762511 2.776130966195715
2.77492900532123 2.637738959896776 2.850227434669297
1.981585335314607 1.68549248502688 4.489687823133943
1.250053397433281 4.331854335471329 1.882448489712442
1.311194326151231 4.418635835559932 1.04042835403018
0.6397770234406476 2.475186356018168 1.095972323528481
0.632082010004456 1.533360881608299 0.6075884867260543
0.9428062212508336 1.511464470949918 1.318623492421379
3.333377535583498 2.838653816640794 2.310085197680309
0.87705834087214 2.046494907157192 1.760106202640543
0.529918380308613 2.835821850931695 1.591738989157964
2.043917751744308 0.446436635776481 2.989964163153126
1.271681311977 2.400977464180012 1.122024307393422
1.468987482848179 2.673109735400231 1.505106944096053
1.453623000114847 2.143264436470643 1.683269977227216
1.884290516429121 4.479295566905336 0.6337275275112673
2.417017087518582 4.310621912086656 1.30960059412185
2.678753128845839 4.526755245470095 0.7279451798057839
2.252305132335366 2.296615024516768 4.512033508568029
1.596490643697613 1.964777041443729 4.36725369070966
1.722016489364229 2.517423167044735 4.404317721396225
2.019662639425394 2.195925371144213 4.191710085599799
2.83211374574328 1.857909828090332 2.715209383129757
2.837791465562371 1.696934540058257 2.715729229168282
3.007928858123797 3.913622474225918 3.517025412013561
3.003599575635178 3.812967723570745 3.328624510585961
2.858731963243188 3.724852247226888 3.429195944709203
2.814206514449772 3.995170806512132 3.46747485164942
6.987745283367786 3.047278471238416 4.366004168152483
6.024505719592076 2.523221248509995 4.262030890112693
7.041415444029083 2.484333910040422 4.109703573983931
0.5922072299098077 1.71187981515757 4.32799039470634
3.340922870946554 4.482521080328977 2.881653563178515
3.780841752655468 4.562102153995992 2.846649934761265
2.017751955882762 3.103745458656815 3.664929403291528
1.824886151723257 3.220513889707742 3.385199188913457
1.761285623703088 2.654132021339942 3.596632051200156
1.613950241802803 2.931081973282197 4.010596878732812
2.693727447938871 3.979080943426054 4.290147941661534
2.951547797655135 3.905019812264471 4.625
2.819915855822154 3.580588767468833 4.312247105840183
3.036638104330051 3.795594616831174 4.25
2.796574165878266 3.280451552163559 1.529511289970776
2.689260764436922 3.127048097652866 1.660335593690357
2.7882589880717 3.255296763598549 1.698423629196099
2.644801839523773 3.286398443074548 1.73653675388268
2.785831744776901 1.51312700703811 2.961326801903773
2.828652534320835 1.61229467590603 3.052222435366523
2.833892834923824 1.674795824044257 2.515266540561953
2.75330061514431 1.840917473168847 2.582012349010513
3.159773133581163 3.449072908700725 1.81875479678764
3.146039632450399 3.46562914806561 2.433342944871953
3.161530251713878 3.597704341868551 2.472141423800304
3.242535090798759 3.535191284151291 2.385783030128058
2.643407862399763 3.522452391528182 3.059234300232621
2.645316211380017 3.33919010324672 3.045945455756621
2.60316601352937 3.513514527093267 3.261127566795188
2.450040380901412 3.41009511407753 3.191983649073622
3.1564651679006 3.240393486715108 1.751799305923074
6.1958999128465 2.968819844662526 3.14727256027239
5.578645775109953 3.022076008657544 3.818904005180491
6.156701228795942 3.109215671710178 4.248441745207131
6.031934614250542 3.76610775632631 3.864357434491833
9.449597500354583 1.186439227479675 3.044008333581457
9.005295248920291 1.207540605954426 2.560154718983492
4.38218192698989 4.378729604779728 0.6254348464267108
4.934381519584442 4.150151749519675 0.8623525969973145
3.182974367900086 2.371796658047809 1.884818771440369
8.597021553814914 1.835664420391354 4.106542961656853
8.750871778250605 2.434990194593029 3.950918964619415
9.238300062500056 3.76028633264828 3.112911608092238
3.29044062483814 4.37189397622021 4.490044612313065
2.987743746685825 4.184919931156468 4.15012498970335
3.283862667189122 4.014661860944478 4.299402948837565
3.349720849282066 4.40650797377157 3.948885854971151
4.293069258225081 0.5478854537350714 4.29642885938792
2.200391011783595 0.4055150185998175 2.567062586251683
2.15800578162347 0.7685039280869238 2.759027914123422
1.874530375585165 0.6331187296335903 2.175011677579516
1.65205501569287 1.007084144390167 2.733031006109724
3.932147985755817 0.6133410673939989 3.764509186695651
3.001172358253057 1.332555046828237 3.117767003554792
5.503242098322135 1.551556658058 3.611897848450321
5.522309850698448 1.291539532538103 4.443584789696494
5.432472825168967 0.8981019410958576 3.466120989761041
6.095810555160504 1.290865888553811 3.777392516563182
4.551548469825008 0.5082726968918441 2.513416808216641
4.353933146917226 1.573281898562413 3.1315171173858
3.844461204097013 1.353924969203108 2.731043773397958
3.851848032458966 1.261185930826765 3.119448215110919
3.897685491526218 1.612473360434731 2.956898147942415
2.90455344505731 1.242334331735371 3.039337684671453
2.612736729187254 1.23283190049608 3.085758499253379
2.78935078015748 1.238150719191374 2.928158853796724
2.847605645703911 1.087959407583926 3.128239343948473
3.88772644905629 1.729331456722463 3.727237604375275
3.992169616354552 1.544904418749623 3.32819658415216
3.32619297018498 1.458045412137482 2.208297168086976
3.529932033111466 1.666963162870282 2.040975614479681
3.321327796555005 1.577318839027077 2.017030586979272
3.516506345367769 1.652919529525201 2.281446963897724
6.812383806263696 1.677814886048307 0.5213297978067938
7.496429590507025 1.777893654948638 0.9428736858536322
7.770476940871435 4.415621640353863 0.7792711267146628
2.602407058396397 3.721367722885329 3.143257377586849
2.756951069547813 3.638822201256489 3.057367867387624
2.559368570199484 3.592869985646818 2.902599042268771
3.082305421470677 1.007536485692938 4.534881706179398
2.564329407864338 0.7906715931871191 4.501727361804573
2.845683352355356 1.27325748961117 4.321662231829853
2.749964263701134 0.8185356471262082 4.074085183144397
3.08695537608542 0.4728235432241574 4.018204354940797
2.601419398023364 0.4677709929287869 3.743835925816076
2.625461589395841 1.366564149389355 2.456371259049794
2.558249862184108 1.382411173143481 2.282932707079163
2.489410603335345 1.624141707301283 2.396070968116071
2.688651929441979 1.525990278793225 2.437957438857756
2.775608807093314 1.621561957116561 1.690377837921093
2.816397364598991 1.546415233387969 1.94392925365039
2.828518259450263 1.73014748577596 1.957680673260368
2.831644991955694 1.638593876847346 2.047619607993703
1.860616509118335 1.389018516476105 0.5251721982426201
3.064797517752693 2.328171885932455 1.137369481457068
2.941973696919006 2.431982304005273 0.9603713532682731
3.291601825164234 2.298203209156315 0.9937941763046677
3.042525329110747 2.197601892933526 0.75
3.087020318886016 1.335568153680157 2.740999176749412
2.991119629663633 1.376481143272475 2.578468405841526
3.189337914123886 1.391901628028578 2.635097691345401
3.012228985205362 1.187951520683717 2.734751388793866
3.042373667802853 1.093944169384076 2.989366251970654
3.000982144918272 1.33332134754363 2.837772505887392
2.848921918455499 1.093699624466688 2.803797657963009
3.560181178851782 1.372102750123988 4.308766017395417
3.776602978976976 1.732451450646351 4.487039628968536
3.245190002954976 0.5727097572029832 3.68967519517858
2.827757331738725 1.655759793599256 3.21275936441232
2.817049065696161 1.703761408014661 3.402513419847707
0.9532929199714565 1.083435786284811 4.04004649438741
2.798918491275773 1.684393276197908 2.926452189061028
2.334249348708283 0.9520739080936699 3.128246460210792
2.188428464226618 0.4707360339763298 3.429259985559612
1.679111452447813 0.5201351505259991 3.358976355307768
2.541766950797102 2.20176208129285 1.467668909133728
2.621552098787583 2.416628212986265 1.165702223304245
2.60205384118334 2.404766356632499 1.494997369537728
2.734103323151021 2.353450444850647 1.420035826524274
1.192245139944183 1.573299514261927 4.46453469578956
2.820830276475101 1.570730104313981 2.836619573464105
2.848121728097056 1.76627621067433 2.849524300840872
3.091885587815624 1.408965695371223 3.562136581156462
2.992045577879772 1.312461613855754 3.602952401585874
3.244079981486146 1.237316194258614 3.671439467056069
6.225922195336187 2.053870597925669 3.35337043832565
5.714223551453577 2.499348477885294 3.166833947126825
5.586271360423201 2.261677278101037 3.839858694094991
7.49685211624791 2.387706309122348 0.6391399902038313
9.438265403162305 1.750409252613663 3.277109613835641
7.779385129499118 1.005448185951496 4.393648600463103
2.806677255071505 3.924933138597971 1.40054124600083
2.758367097659446 4.02272670927767 1.756155236574508
2.884648169125735 3.845460360809611 1.580611162204082
2.97107553012162 4.219048082123692 1.618451740240758
2.869336770582083 3.595530439088857 1.616305605837689
2.993309725683493 3.641615090204346 1.775862976686989
5.857771976834514 4.103529827511269 3.089520078721047
3.263106752773601 3.529423294771527 1.802335896159075
3.298744509117673 3.431813163156247 1.662181953370174
3.160908925504807 3.601342943047112 1.68828404350026
2.911908503839275 3.590956974284045 2.257710468281929
3.030916166206965 3.61730222597058 2.170111775748889
2.828062163425114 2.314447991569505 2.152869701719062
3.239548646796104 0.5941894550963727 4.496157477509438
3.278047650167383 3.669072004126186 2.544493599296032
3.294351689336167 3.479154823624981 2.604184306237403
3.173293013311387 3.550153107636031 2.622631999993354
8.575333502747011 0.632062817609919 4.335156441930033
8.372969303900806 3.205049624549164 1.285465499496554
8.690382404628199 2.995798525432687 0.691544869520502
7.666391212219375 3.088707563854368 0.8366242395144516
8.229458963153107 3.57246409482435 0.6833257119958502
6.984392285865026 2.255938268291241 1.694225055312216
7.405205878499865 1.583669413025601 1.605937407406333
7.557303061909742 2.498632915687497 1.664369249529942
6.712835051930291 0.6183960217663199 0.6706549586950046
1.089337342986847 3.400113567336139 0.5984739228323824
2.841661313482563 3.745657944572496 1.170653065599652
2.604350737174172 3.663270644419009 1.055560132240611
2.741269809262702 3.95440044234184 1.160114211870855
2.781227131714394 3.89367000259 0.8022744381554566
7.75795130813097 3.013806314641402 4.053001828698243
8.244846766917874 3.289617970298108 4.292500716875233
2.889206959980332 3.215418997653583 1.427626752107094
2.813266226127106 3.15662190138183 1.565403620567181
2.860338149505854 3.074295476702123 1.4683536424727
8.261765722618993 4.416750056234484 2.589779606285906
8.826488876447772 4.241247571154307 1.814865654019737
6.86113457883019 4.164952572565665 1.021670697273139
6.678657220300947 1.470143846989328 3.272541102633739
6.787323118372249 1.371902488808498 4.282984853529853
6.484205075112822 1.98125094855812 3.963903543570413
4.109986779753176 2.91464953476258 3.576263258936018
3.779449933559292 3.290748218060573 3.71911364101868
4.334329646027324 3.249419726640463 3.9528692144129
4.066640695772467 3.292980901143492 3.502383607881044
2.790245019586332 3.197993554976158 2.344357319204732
2.828406583220814 3.090117018273988 2.291389704116823
3.28742437036265 3.843690409241717 1.704920777194682
2.707420475611884 1.601846045010678 3.142404417744635
2.764485617952091 1.527209186119045 3.248011658508065
2.636953199352034 1.427587236372162 3.037420505509985
2.793704941965896 1.459164323042429 3.098790495030671
2.814707738431352 1.900694836420475 2.944129768970123
2.535233157956668 1.945261959372768 2.910483285219263
2.661930957414081 2.061029351567372 2.816229710456104
2.719418422161266 1.837601076855971 2.825821065791561
2.56820343990494 2.029848348735752 2.624258574006915
2.589216262142378 2.158816256584379 2.420411133220528
2.728828928106601 2.162386882040199 2.622646694061713
2.775842784728876 2.069117335580654 2.525266706436505
2.834815334960551 2.050119004871184 1.824352713922136
2.45413444579754 1.287373142204133 4.038949414039704
2.302678493175716 0.9282464960750598 4.125865639006585
1.918422412507111 3.335850518114724 3.917599568155463
1.531525700165529 0.7206845470102595 4.335899669626221
2.01369534168869 1.207431789143994 4.314123405773368
2.810058826420306 2.326546535003186 2.54913471450807
2.685155429008602 2.271872850113667 2.514416012381166
2.790770956082172 2.199588197354196 2.410015678208512
3.165909174834745 1.589438877078393 3.191816594101756
3.155995175228199 3.260040207731205 2.38242272635724
3.228381168584834 3.288632989303192 2.590342709233266
3.236004581277359 3.185421405734806 2.445558113127688
3.223434640611239 3.396979984759424 2.516371667880452
4.337669610210588 3.684831947712553 1.968613769933994
4.336169769103173 4.383117356111535 2.087952085054603
4.353339566079334 4.42780357673053 1.555817590716521
4.011947227263735 3.894021197561242 1.573810552719631
5.304852681528116 3.77346071052246 3.580244017685922
4.899264247252704 4.39917122151866 3.402934399821258
4.163199459983328 4.25645637025092 3.912858648134707
3.224310258963049 3.176848642911926 1.665140635078669
9.080371704149208 3.025084664141272 1.487236568234845
3.604979093859256 0.6359089152587583 1.386170615127305
3.352876474060617 0.6858873458733937 1.614199845599883
3.319317887812791 0.480308485690528 1.202007932846514
3.306325841278194 1.209418182056103 0.8102432166786689
3.195609246369225 1.025314446111651 0.5663984730477669
3.550700214299898 0.839339943894062 0.494484779155318
3.284937923585756 0.8407524566796515 0.9617553422246023
4.11981223024277 0.4398522230764383 1.518476996576687
3.498906368605873 0.375 2.069403061278456
2.480569123370907 3.384940219765881 2.924697122217902
1.803388534623906 4.481327158703223 3.458677744741123
3.160358106507314 3.395606747772651 2.270961277268081
3.066435640559953 3.671235928398507 2.400766056778015
3.158084832648455 1.532118197357902 2.893649428487646
3.16507089707413 3.282073116753933 3.228004396130695
1.319862514926367 0.6982035557623746 2.183126426246079
0.6243135393250507 0.6126203715803186 1.546454006071865
0.5198022771011933 0.7103479254646582 2.171309700183501
2.674987235302245 1.686513521113647 2.318592503683853
2.792674278648901 1.840785906553648 2.201721408075916
2.67059335060789 1.901241857062334 2.292562967115487
2.680078066215153 1.122967572013564 0.7230169578950429
2.335123514823299 1.351907450494353 0.7081931999282867
2.098758083972078 0.9671312921468933 1.019878986630227
2.414509280417009 1.018733430887683 1.176548154367892
3.148006405183192 2.366574832817319 1.522839223815011
3.365200035042354 2.26925507696023 1.509791804711977
3.138651291815248 2.159299828956591 1.469777751444032
3.259132273237633 2.378982082229134 1.444526163526922
2.80703712241886 2.437192713436153 3.32649710054512
2.744905719162627 2.343894916669127 3.144373286316992
5.485992657964109 4.427359441489044 1.135352000708884
3.961450524951078 3.298756735310379 3.180000493691992
3.760846661236765 3.722160119877806 3.278296113445396
3.976271906037554 3.599657638564066 2.938228657240759
3.660195935415644 3.461012204385644 3.211839165078496
3.161149155061135 1.854842327717851 2.043840535923018
4.245920944754804 2.296793594853251 1.942699380841765
3.789327793631456 2.640821420356755 2.144814648750805
4.014195803307025 2.606112674439573 1.81505258283628
3.743525083794849 2.413079702243577 1.908223601734496
1.720572459568674 3.571709504614693 4.493549904069018
0.6176824703909424 4.002555642617765 4.084140903216672
1.039847234467024 3.217401152031177 3.507935498197296
0.6363039522596923 3.286563372817778 4.364116898059807
1.305070087074256 2.630213451814675 3.731257355418153
0.5961376556256166 4.212090537995047 3.459434095320763
1.11954543045565 3.892368147537018 3.680942438114462
1.924873686844284 3.484715216915225 2.962069174581018
1.605843429789606 3.911111621538807 3.348588572843064
1.245748432339906 3.666727028397447 1.488414686605355
1.060055608708582 3.767155715182116 2.105297794304971
1.640550416283779 4.005050569802287 1.645490573361787
1.462427831398544 2.951264966450855 3.112318766800811
1.144621348870232 2.289538618810281 2.55708379021784
8.766479165435968 1.271853948550785 0.6641181826594085
8.667984641502761 2.268441837244432 0.5212201809242589
8.312989525006635 1.676859521882685 0.6381839501843464
8.942798811364186 2.243012865754116 1.086107406294221
4.780347235825331 2.687808588420112 4.418686544402414
3.042721090574129 4.052552620916325 1.306590848173292
3.072481892129149 3.806208016474836 1.337021472951975
3.155173941739579 3.157845405993711 3.181666243941503
4.082625730863032 1.216031505410716 4.486010555323341
3.805728026495801 0.7005516435860824 4.379006867248293
3.154435223341796 2.535679426312377 3.400657055226152
3.150150553924993 2.427023892027945 3.452350626432104
3.228177057861685 3.473127466421988 2.185891837235885
3.122787700594066 3.576587231975952 2.103070671930627
3.158113671978676 3.393042764666508 2.111381432294946
6.292652024230385 4.197086884655342 0.5626699561036851
9.33827160395051 3.556384967156089 1.835393400152082
8.874003506497834 3.737247222993656 1.209798563606051
9.222720838623495 4.249241478830041 0.9723134722616097
6.739670304047118 0.6293029713975772 4.375904546307551
2.774886420880414 2.158169663209573 1.317225432483379
2.784309980179457 2.142194925500725 1.50946462681892
2.867870307124468 2.040332862678895 1.378562446448299
2.839531287771432 2.237384800141128 1.434315581407869
3.153588427917457 2.389458009331824 2.254383093990927
3.376291386688331 2.330747117276331 2.220741573507325
3.284129690112766 2.479888752577949 2.261367086696376
1.573675389995429 1.011444301786387 3.242440549052866
3.700632014547105 3.536023287223439 2.574729076668754
3.492915272990127 3.78966738319277 2.59255350499946
3.353737945938362 3.607312276186594 2.750915510508769
3.158100076014524 3.393670001491554 1.989538456305773
2.018912890330096 3.950728123624477 1.396820949359796
2.484844472742592 3.893800886553338 1.277029332610883
2.199783281709799 4.030769879000715 1.023808267628374
3.181463108689824 1.136855719764518 2.803996503112929
3.182910794651826 1.185824345353582 2.620278568300017
3.30661277325738 1.304000301635058 2.75746504008947
9.301531515675816 1.34875661128607 4.433072029594852
7.809630345236958 1.033586886340483 1.040742597211947
7.122263872717764 0.5544217904632174 1.141178953875738
7.718091512559114 0.6225031937635277 0.607438563720303
9.326096222186152 3.627262629545699 0.6149249408207074
9.472708465809507 2.906648086103275 0.8903756462446446
6.524246826462039 0.870251745703586 3.859044072109596
6.032059721719921 0.7013436992893953 3.483280704843744
5.861627948010192 0.6286920790426218 4.36930524547757
1.371564386612338 4.397717580602111 4.060961470200426
1.529711485401789 3.496872837101851 3.85567080774013
1.861390075845161 3.725036621083742 3.6406975785699
2.073888661349971 3.991165926044514 3.940978823442242
2.730434710824452 3.309764197078406 3.381278281961854
2.460427825527284 3.471894499278923 3.449585152138162
3.188301038761476 2.199612819375165 2.673328867355587
3.224212457384466 1.547645268051893 2.709578980645163
3.225310746821779 1.53409301326494 2.559014050074575
3.177349164985096 2.649300381002607 2.544508604646097
5.500982278780209 2.827518862091864 0.9651627088066137
3.182449463082358 2.080722802021956 2.98134595594349
3.120601845236282 1.337579900067456 1.467760384696303
3.001220638531862 1.131732284106486 1.623755903521634
3.211428553235753 1.117125606682982 1.67398014058743
3.157975409108581 1.291184694240051 1.736319011234603
3.682744677959563 1.405393236402519 2.209635122978126
3.222817544962365 2.590218238023262 3.501620933299787
3.127673035614537 2.402926341799507 3.596272526458403
3.186350133161489 2.604576220029057 3.633272860102845
3.178010007165723 2.148115077084562 1.728130787859225
3.150636488309399 2.208290693867407 1.918518834916355
3.159336394323482 2.272844997093607 1.696656322736003
3.587609202666715 2.430489368789746 1.082222914606471
3.37146584260211 2.232795009501882 0.7469404074921118
3.671160925761444 2.625413805737637 0.8495779781583805
3.34997249312115 2.930856838143238 3.544686435235111
3.202833840299058 2.843699809341027 3.62285279908656
3.277567199260769 2.702827310390948 3.728722004113467
3.409202866838504 2.909215439879524 3.817447197288653
7.267927874858652 3.389285884060254 2.565558985777443
7.918015015389324 3.525285041637763 2.481589506295653
8.120255489098732 3.561153356505492 1.845613113390994
3.053165175436595 2.027115621498311 1.387184983615318
2.564089146187128 2.535283149220954 1.625786617396378
2.717875199791545 2.8294875108413 1.659919882266377
2.52274411988581 2.706453225051542 1.511995315019767
2.574483799231894 2.872786204010611 1.775375945715661
2.83447290266652 3.441902636029736 1.814524341838286
2.27532391113871 3.604710625731635 3.122589634855839
0.8055101516216603 0.9384655002569549 0.7473554700413061
1.873995448125426 0.5266889161356244 0.5634791141196253
1.741446987628611 0.4967380606615124 1.378843523264815
2.498865129699575 0.5007447286586808 1.020841632453609
5.02831809970805 2.754710842263623 3.532497970533321
4.41155083336271 2.472418941067229 3.869324712585314
4.888200048357355 3.320955245554382 3.914241833428954
8.291347590706316 0.5942072434576509 1.219880768115376
9.006492032053767 0.6120121985217436 2.060286188341365
8.684279690966861 1.22540255824626 1.409252941638836
3.120607366653061 4.058587082611274 1.762861765750692
3.204740245925105 3.82994671734289 2.014963805670234
3.081559167038152 3.824624534689322 1.718021612990334
4.442672637273183 3.495362671705132 0.632212271273876
4.15641640164077 3.893601472344447 0.7435431021581244
3.164765322322169 2.822976249784387 1.588137942202823
3.149274745132846 3.480245188638944 3.443030255894938
3.238078636421776 3.357865282859992 3.313335742406845
3.344548418400223 4.50616038478122 1.081636716931435
3.675919730297423 4.405414714135652 0.8891488753888679
2.610476482589725 3.835326999700314 0.4295059934894754
2.718482750920242 3.208849802402157 0.4059392042507654
2.450068715222726 3.52626667818032 0.688727493573654
3.31745552768283 2.608264170598954 1.43560351425864
3.902129333162212 4.222137018880438 0.4598485738872296
3.162337674330186 2.543841963574635 2.976147067874246
3.15685146335355 2.661017841816492 3.20439191643023
3.290900095392 2.56143571569558 3.353905574035939
3.215480433148484 2.732396037040264 3.419613315026911
4.324029551278405 0.8020447696779032 1.274162715721758
3.135502558689716 3.593104082178021 3.293661762325682
3.300730455888848 3.595150106059698 3.242575726916012
2.742492099872453 2.018957538840622 1.677931688385931
2.651563766420632 1.837811807111854 1.638281998168144
0.5762075665231096 3.255912929371131 0.8850172937919387
1.23223433545538 3.829709322200483 4.398885507467126
2.765729803891294 3.47198663980701 3.440300233889896
2.753785203334294 3.409995285013435 3.278966457417851
9.018597707229711 0.6018963307421829 2.702165872771795
2.35587419790973 3.708144728957651 3.363278546578275
2.249087161652174 3.855864522101659 3.575745259396952
2.484064382973644 3.616143327540631 3.628457351667915
2.301872626926082 4.31150418234689 3.469513690143068
2.764860330714872 2.205904957867963 2.867501607480261
2.832879926526589 2.098328959714521 2.92357277146478
2.79506838419531 1.998269870679252 3.026520604642668
2.652997029321858 2.111254669418138 3.042691306185954
2.625494105644556 0.967355772077766 2.585031711480183
2.831335110361269 0.8478159075766402 2.932356676603378
2.55425416431001 0.7931273072830594 2.958111606767565
2.699058942052936 0.6769068778230927 2.643588084604652
2.750261167811359 2.359499780055442 3.718280154705873
2.972259201393798 2.276026922898724 3.630297185955992
2.808544289335238 2.165194729810342 3.716561754861762
2.848753886594316 2.290334257228314 3.578218728943515
2.844861613454269 3.002392562142785 2.102879322586635
2.836342879827789 2.761503568913866 2.102870221978749
2.943872040508985 0.424780779656324 2.919088783677839
2.834098208373103 0.5190898375106205 3.244952647635527
3.317642823479678 1.118923776819397 3.861121624618836
3.526299811407539 1.441082288262359 3.923611988286666
3.307238986943427 1.348404304759363 3.844951877493685
2.241842397210806 2.392873536982696 3.302798574736883
1.933016601758884 2.191448192091765 3.386305396056537
2.157706176208984 2.146270694061002 2.918513892609916
2.883617907728637 1.638811038113119 3.609685339063907
3.012579540804269 1.568232022301081 3.626486270303198
2.976596160450036 1.324514017366098 1.957708643994869
3.027766067713449 1.371570919612442 1.776742250794695
1.469249304051222 1.636650635967675 1.489387314383238
1.553799509392982 1.078824856988611 1.50466052543152
1.883680657681711 1.60199468334088 1.4866603058055
1.491732705866031 1.521181369703207 1.964101266007105
2.839510130298283 2.182484928436052 2.276293131966034
2.665147568360178 2.365166628415921 2.35615439745845
2.702798124379925 2.209734890105418 2.179593010397365
3.099641900996995 2.940512039694154 0.4263631147229417
3.233601592316782 2.800109875416039 0.7891788470743848
3.663961473076211 3.208572444081278 0.4176725558687366
3.355042973510436 3.178416931021136 0.7965463918088738
2.458050309897882 3.441389292381743 2.110923476691781
2.44084716335467 3.306558780966069 2.29683546347427
2.634491932118585 3.166346758229853 2.032208247200688
2.708513090179483 3.258322331442456 2.150650274783493
3.147810802393419 2.606583976131645 1.048029813220064
3.343807251276621 1.01101288912451 2.535708018663787
3.409498398711055 1.137300122884366 2.934414798977636
3.219202818902394 0.8289236005216072 2.800801860378561
3.156773896555916 2.07359263868011 2.327123653693544
3.535120442723056 3.028387153010367 2.673563716175754
3.329680779143813 2.895801612322441 2.919800512208988
3.747872036291186 2.954264363899918 2.869503665283107
5.961921810346219 3.893960556586709 1.261929718686735
6.471276239702189 3.443103742688441 1.640582932878036
6.095841371877723 3.118871693059995 0.8856713471607631
6.791250994971174 3.116610873570005 0.6894794089773968
6.828618824804595 2.048830352773619 1.127284519079617
6.511272788920516 1.181901007080706 0.7330343033821811
7.15419800624179 1.18061456929498 1.123994291532015
2.793025400916335 3.19044145200401 3.010736208349001
2.835053328313138 3.117914977626548 3.164489553008861
3.167086259754511 2.364989377850078 2.738055166033538
3.764527012688025 1.759108105132378 2.079647202028608
2.790699383620825 3.482879603891358 2.965098278132815
2.706515968189417 3.437738630360417 2.861566926034937
3.562329858000497 2.325314088714931 2.777404728711552
3.836628270335151 2.246209927053515 2.818108262838797
3.256562727665587 0.3941271455659583 3.24194978638344
3.412609311301274 0.4273924092834909 2.898317943486679
3.352547842275832 0.7947360638986725 3.178177061868996
2.956273567984335 2.027975277471348 1.003350341430871
2.820972911579782 2.042260625971807 1.166102521524365
3.756036368219866 2.287678191853884 2.189838308670278
4.144284267308369 1.75341062849911 2.127754481798232
4.188062246039545 2.258799015302949 2.518690451894462
3.918986536415535 1.958033368466027 2.688256736822281
3.162510414416193 2.474466350578749 2.152146978808256
3.174600089079242 2.711602598947286 2.109637638029182
2.845027047993429 1.942754649647515 2.831503858924317
1.99345935935505 2.679047453118289 2.75495201201294
1.997156482709115 2.446247978941954 3.065185218536695
2.850296482917736 3.163829163273513 2.543597330898557
2.525553244324145 1.897382592063248 3.352138980858113
2.822132489441576 4.188564141004067 0.4314966384148294
3.136433121321676 4.091363802457488 0.8724286113999311
3.200687557744748 4.560947642364132 0.5225054999675145
2.177862325164698 0.4986855640110633 1.870782220771648
2.426720441225294 0.6935631768796697 2.092428752591421
2.074995234978629 0.9353297828199059 1.924560985471953
2.132966378077956 1.026447336804956 2.495493545901859
1.812632449111625 1.06520135319034 2.175629266121266
2.060286434857701 1.519801498048384 2.448822964188415
2.134143358024771 1.258073182966701 2.123697639881472
3.823786430895465 1.843697600757071 3.152112633294138
3.769578350642806 2.16708453473524 3.326641045040542
3.188528660662812 1.57971418432552 3.316541243386555
3.701842632992507 2.071548961988898 2.036584361700723
4.064184887218302 1.916779216923691 1.80018022935571
8.580884087135605 4.34480079782613 0.6005774797949801
2.65217809203949 3.507917446012043 3.548005045410916
2.893055932971059 3.43888203178966 3.550943063997563
2.792016197602975 3.564739266660207 3.626691627833504
2.830764956699915 2.801541436465504 1.726253100446814
2.829199998300357 2.751285463954608 1.605175942678479
2.843693979500747 2.920842749245233 1.561494402862979
2.693777937477194 2.238500577959241 2.002004544041651
2.763217992976258 2.312408180421498 1.815417332578793
2.81624791856114 2.341874703350076 1.975304142840083
2.834915394239534 2.169636140930101 1.861479228099855
4.845336547362351 2.202348225232985 0.6763915202271723
4.994816951352683 0.7391186571068576 2.987650688326045
2.862540129334712 1.386111266949112 1.738243904993379
2.927015487184202 1.30420744669565 1.832703236434702
2.820696095129043 1.354352702277112 1.938152335815346
2.694723954647126 1.258425897415635 1.757612014354567
3.221715415325709 1.777061917749787 2.873947857813332
3.166420840832849 1.660837421874774 2.873706932770359
1.987395295895695 1.220754154151301 2.987003931122511
1.846355386961322 1.558018093198961 2.849653532176768
2.833825221221145 2.587296462578327 2.506071798070558
2.687510627360501 2.455061002065353 2.548513682428138
2.698518984938411 2.638013940429244 2.498893212816381
3.756634953237635 1.41522171204931 1.913093758877763
3.85990707405166 1.188118111581591 1.766032132658088
3.56463059524203 1.296634468582532 1.791479521563245
2.941991654933841 1.298527708935758 1.671280949610046
3.063922804470877 1.240457209200024 1.877929748096109
2.839082772600287 2.567566436592409 2.931239439123813
3.161637284229329 1.555056298994264 3.072816494502982
3.525666701556223 1.27039976840741 0.4594988832865091
3.276181211589578 1.594031138508319 0.6850642787854573
2.978938481964816 1.375873183081691 0.6897024587810001
4.351982436712295 0.6136601758377088 0.6652723007885279
2.990942841206317 1.832352573134757 1.343250013753977
3.017803202918317 1.591573065128823 1.291431076596985
3.118904246612756 1.716606886335054 1.370202752254853
2.964260333783465 3.34347195229307 4.064909591121139
3.041657471270314 3.476950198219879 3.796810037177455
2.80280592111614 3.468650201715259 3.919387279584327
3.221103650809046 2.040618773371831 1.596726577942198
2.427024628907364 2.632925403838215 2.893269478384687
2.537418574259101 2.818364446693295 2.927406877738714
2.405882118160182 2.914525087972829 3.119285976879371
5.825785866340651 2.433769856510823 1.352943355909413
5.933026738765282 2.427559363985691 0.6606900697339274
5.434489061791355 1.43374183082931 3.007356917844235
5.927089078038469 1.815150792315654 2.79140944831469
6.275995009091218 0.6418561334564179 1.137244836455437
5.578789342156097 1.009595576870057 0.5931037629208166
9.372320194165239 4.41283234010052 2.598286314489052
2.121714463618451 3.109179101232668 0.6393037071532673
2.312980555763629 2.72061161772434 0.6563603091538622
0.8691189093790785 3.989714998039019 0.9625981395498633
0.8695440055016501 2.590859750171781 0.5480490310245291
1.65771584840356 2.325260253217378 0.6371782186658904
2.10016215460835 3.14065891527144 3.155779422144676
2.197438482445929 2.682653237107731 3.241055954383449
2.286894980060719 2.89115532944931 2.895705539281638
2.530638108057002 1.767234564181068 2.78184645135637
2.641956754741291 1.889457377466027 2.488719662645154
2.964584549924728 1.127700176280959 2.005059636463831
2.974963345846505 1.185515285044066 2.178327823511173
2.894903881030562 3.643866569264194 2.462569373193907
3.025488399537382 3.682341592871757 2.59973902911044
2.898879520132488 3.600257795227205 2.632605714566837
3.139790829272071 3.652569128254223 1.818262888355751
2.522497322190974 4.381882822526496 2.221949607141487
2.501742092451854 4.596214478032339 1.857853014028756
3.162588579711286 1.655973348736396 3.416357168492392
3.212334740027645 1.788342556914585 3.473084818541135
3.200066646690771 1.899880853055219 4.617845017798363
5.356512523837168 3.237562853764798 4.398183572185271
1.848012385836848 2.927259577663465 1.433050737058266
1.635760781850653 2.735190183051905 1.08480691356069
1.163263711241668 2.958622989997434 1.110595376298467
5.478405445363697 2.033236000689604 1.053534376055263
2.55384688880787 2.936050232489087 1.600758427472965
2.734272452165431 2.842541826010101 1.45425300626733
2.579935824475762 3.0293446364488 1.428231956386615
2.960710620631106 3.490250599364683 0.397884541870583
1.714195763325852 3.868937184658165 0.5441024624185293
2.651620683518687 3.334488678943258 2.636421075860539
2.571686693425857 3.031474561395708 2.507008287883524
2.56910500779384 3.238239778163279 2.437480432603461
2.722577221611623 3.065822006870647 2.572135513028432
2.416961217264402 3.690311080485873 4.310766998447676
3.839316586870746 1.313403558906512 3.904619462045766
4.387618299255938 1.335284778773706 3.675987109679601
3.88821017531073 1.486171189753835 4.211167277041495
6.299362741097942 3.570325961939291 3.116077397858466
5.57144287721029 3.312000814672868 3.146797710594871
5.863355296976247 3.332113446985865 2.50362372928475
4.279101453569492 4.356741778570687 2.693977472053549
2.734137599245019 1.713755284584188 2.109059826246806
2.84187465240533 1.818460976549952 2.069620796172171
2.709636922192508 1.828018605884557 1.976561226754344
1.887446631841803 2.05777131788985 2.207796248609163
1.801198450230106 2.597536253545829 1.9757282153421
2.193346181880211 2.194071599774752 2.224807802328305
1.98397041634811 2.186953960345163 1.857609471798647
4.95228916764267 2.943293846434854 1.509719598809917
1.474891175734501 1.50342027755698 3.327518870458535
1.578727076651782 1.67654783278097 3.815748151924256
2.568403918139018 2.962540195348915 3.618866697627226
2.682458635935787 3.159539319661648 3.617801159929461
2.75921881758593 3.053164725714416 3.447882630088932
9.339935720631122 1.842134486454234 2.234731416890014
9.323707500450382 1.744081843951703 1.392553037816251
9.136269687472986 2.241002952708641 1.766395332778999
6.506176168628114 3.979893573328915 4.348555402034662
9.235018810852681 1.723661442852583 0.7910046571514515
3.200559662807511 1.782597929417393 3.628265771370699
2.985442361406983 0.786919197716362 3.145911269294013
3.192286619887295 2.787738754774638 1.393469321949313
3.185895546687515 2.95728260795245 1.379753426639019
3.335095847379349 2.956106305955765 1.251640583527006
3.147939135805629 2.803124178496715 1.225331060170383
3.276126524529133 2.2480089377809 2.531847943214345
3.514037837063616 2.187213649670226 2.596848614606132
3.337215680528453 2.303043110476995 2.685437834239088
3.340333496754135 2.135329436038237 2.634263947251981
3.887706643403054 3.855047969685363 1.981367974882101
4.0574292227436 3.939284966252475 2.519073124258422
3.163434088653672 2.721353653382364 2.292648357962565
8.058621629586343 0.7741256882699394 2.338161805756456
5.824537079896779 0.7737980184060572 2.280304096409445
5.591423825768784 0.6674358682450108 1.09225356994471
5.042019934021489 0.7972783789887784 0.7684028557073993
4.47211545124933 1.109583161097234 3.04499521820478
2.773645589272347 3.210520949736993 3.29545696888794
2.780753713784736 2.52788331674904 1.798739500535451
9.402661998903788 3.122620341838036 2.271652829197116
3.152133828387363 2.788035987695707 3.226776250322104
3.230172507416805 2.959199982499003 3.131204031530691
3.236040805465576 2.743496089343413 3.130414907458869
3.224823219684802 2.213171490484098 3.314855624464231
3.342178980523328 2.355886721897076 3.27723949175774
3.182284128183054 2.333145732682717 3.363417592096827
3.272389249845253 2.348083994464523 3.468075151317655
2.405974080976195 2.110774824790871 3.099800676602193
2.586266970007467 2.057722843189701 3.209503447326109
2.998362954490208 3.191218250879021 1.299486806034629
2.817899259823955 3.688563569015548 2.28848216288943
2.843377321855514 3.93380690074041 2.259673155863174
2.977867003350009 3.749770501357956 2.275073413229409
2.876510966574126 3.695401207244691 2.126541359430585
2.752498143648163 2.649424730418878 1.73975989734881
3.316076420081806 3.385728614487128 0.407987693216172
3.067058301333374 3.344834995724574 0.7827703050576981
3.339215176672114 2.337517601290838 2.045587429044619
3.235306626569423 2.501053209428536 2.03423847673782
3.267965925528619 2.594241377424031 2.165566572570401
4.054395112405622 3.523492482005993 4.402692808553871
8.248859466519948 4.299333478423953 1.376587876196433
3.26703851906726 3.482585404785968 3.702413747840609
3.057250001066212 3.649515547480456 3.634057751470209
3.136751526057715 3.611467099452991 3.811321994384182
3.16176212877709 2.011171213801834 2.444234204854235
3.184334275806743 3.211704706315369 3.396644729689146
4.153922535221615 1.830663440517552 1.4498248340038
4.51085916137552 1.591362099666223 1.50349783250014
4.672616544105399 2.051255424096897 1.934765964145209
3.167125498370744 1.984864148104862 1.858097793083284
3.166766497285409 2.019711730340402 1.710187472142893
2.916019742862286 3.500904430935414 1.005142812442508
3.064981037317234 3.638750666423096 0.8787170513849045
2.971333792669041 3.845708048647102 1.010442160250625
3.177867701020991 3.666652161276594 1.134679531275586
3.16694238747456 2.59688756993794 1.445881198250798
3.169272217849866 2.514117489938132 1.309504915644689
2.750140790140758 1.973243195359113 2.111606572824472
2.486600841955868 1.785007039402314 2.207186817826402
2.586924181641364 2.089369400755425 2.049408962119367
2.831920164959439 2.44924547493392 3.922008849480628
3.004521473429645 2.17739173221067 3.965516850932433
2.902592369903654 2.476055804160915 4.220387796508416
3.728185053954875 2.648460726173477 3.947447968386423
4.114398871655898 2.848232321222463 4.06083421288529
3.944649643807373 2.539026738001417 3.712439530586875
3.822155242286824 2.909169103233366 3.828044956514162
3.961024011664897 2.672383090956203 4.552045163100235
4.231250199630047 2.143152135718339 4.550760361533989
3.686818581365084 2.086409831762562 4.314044764905764
2.810984822351273 2.81346766404759 3.133983280370467
2.695293392964628 3.56876906115293 3.762856228224249
3.299484254797189 3.367801155644983 3.446025942837367
3.489061034231602 3.254067021401676 3.366447091010401
3.328877991533642 3.11048087925267 3.433748806189985
3.546057698742761 0.8179086249362919 2.359510389584995
4.048122437476371 0.5138653345576564 2.510225497863152
3.123264002520426 1.815030320938721 4.2169486692823
2.923887983298949 1.403830744016603 1.558917335733879
0.6430897533911946 4.404525745666342 2.557989458568017
2.865544681757663 1.426178096456777 1.450497653847707
2.963044854923956 1.344092210605061 1.401350916870429
2.988278288314397 1.274683618939674 1.516191778381704
3.32402746637965 1.829955073343126 3.741928682459833
3.305747503849801 2.080186180616042 3.692239686670405
3.495006347217816 1.973987919332395 3.704246324246136
3.38056834884133 2.077221964217866 3.531115490941414
3.289439682235334 1.651889694334708 3.165595615122932
3.166165461776222 1.74797193098667 3.307399861539835
3.264236175470545 1.56598860637857 2.989714484815394
2.787799542922374 0.8102304359011325 3.40625309449949
2.513464592241486 0.75 3.324573802655642
2.840221663603846 2.891652268476749 2.252925443478994
2.956436252288799 2.149177208019823 3.702927340967462
2.583363234615969 2.528977335014949 3.468126614414432
2.727786673577827 2.453915495399921 3.552596579289305
2.70775564773162 2.531723498446095 3.317797931332112
2.730675629817034 2.634098900987424 3.457128712780037
2.832489027053426 2.011968729471769 3.303254029211834
2.830574287275565 2.065805853378802 3.150014027494144
2.828689852838618 1.601402293018403 2.346490070836831
2.84960257756867 1.553322953516533 2.540917828856428
2.868823771262504 2.740659959603335 1.18803692184775
2.965947303490243 2.953285435275199 1.256200687230778
2.920082141027579 4.619573583492002 2.016484089960007
2.862808281066653 1.237357547781977 2.686342949718063
2.823836063266003 1.982305060293764 2.227170429335235
9.459814924834006 2.807562036273889 3.958678262445318
3.362911399587217 3.461692909298855 2.328285526558966
3.440368572261425 3.576581994363799 2.506215040216597
3.518805306905709 3.374994628685405 2.510628918866364
7.163288044137766 0.8791022230947234 3.77759459855235
0.8284345804845541 1.814782146424513 2.41092510064976
2.847339226789745 3.315847534915678 2.351023828132669
2.84574420064447 3.514197318559785 2.388111830777425
1.408342845012416 0.5996665051152639 3.806681743178745
6.667733107690751 2.400150762772506 0.6574834187692954
3.164786753792252 1.311201543541094 2.20141621367448
3.132220886954225 1.407959115151301 3.357762935327523
5.98111173696194 1.915450830393999 4.421731672862469
3.428194281657996 2.703668102236396 2.192565451501742
3.294781794168091 2.646211461224225 2.356424386134389
3.591165710666565 2.576726468648803 2.355215898426955
7.566251426835835 1.471601661797097 3.100041039603196
6.895508912450337 2.157479782382394 2.861926099343187
7.096905557818912 1.278179853836044 2.336610963512845
3.764172324487177 4.526056230188573 3.708834058267399
4.123744312781829 4.49765436167633 3.150020453755816
2.957553542791897 1.032358588388099 2.282366532048735
3.331001961793368 0.8362965012515997 2.156427470241239
3.107406709113118 1.175685774813244 2.296158539973232
6.567580289780148 0.693662990884603 3.156830615914908
4.237515905898593 1.070476035958643 2.667759677025748
3.065915587889762 3.273161851041693 3.646887393961253
3.175499861437151 3.326289238817949 3.597890106479074
2.637579233930696 3.688987028297519 3.400069741218311
3.114198459169133 3.586010196576605 3.516391928252207
3.068913122876441 3.650090778375026 3.403716924786357
2.690738875945583 3.454501495293338 2.176656821661651
2.669968537303446 3.268816009360712 2.303213701346193
0.5288127504482771 1.616198609470894 2.929295862522727
0.6337361054793725 4.435329440097295 1.549082867513187
2.213103732023478 4.418031442157085 3.889833821649532
2.602052582013324 4.337864790980689 3.755665657467781
1.62693754269267 2.26536521208373 3.839811643602677
1.622381876255093 1.933542529539137 3.30693729647609
2.057868724550203 3.632315920512422 0.7533425848550276
2.221758019758902 3.685305168321759 1.127489656850821
2.305645851883038 3.328189032950531 1.053161796191003
2.829096470783294 2.902537101168345 2.940190703451309
2.102754978987445 3.921589205551427 4.495284756572221
2.193799165455347 3.360817632134919 4.405990436165153
2.449553575163581 2.756759661505042 2.527632733157681
2.003498839084973 2.920563132933629 2.52308804615051
2.194892922605296 2.570808820107818 2.488210781555617
2.306324088813726 2.959333196852065 1.550970098320879
2.234878482007236 3.098780951137783 1.288426611616616
2.100121914651178 3.436637986066336 1.416206303469052
2.402178665395751 3.143429752072678 1.686006347169158
3.18109716976148 2.15671086678949 2.550624447759837
3.16016503121387 2.213932652262222 2.432160363053105
2.835762633720567 2.590453550020344 1.470169138834227
2.85521071823494 2.629332454788909 1.629235829089071
2.739294515084921 2.660463671297866 1.550775122740588
4.663468070314306 3.976840836820519 1.413109447147039
5.545314374391287 4.244537768073576 1.75002994608584
2.765026511485924 2.496099377649885 3.073665165128544
3.179929544917451 1.609823881986336 1.503508247214282
1.618067699680743 2.067700728890806 2.760566212987448
1.479943346434922 2.783907400613737 2.512736462029745
1.858941592311855 2.574627286005961 2.392281466881905
9.255644863599613 2.412972462402508 3.015516785212919
3.214120388730774 2.41412671109558 4.236856705128781
3.154139063362532 2.291718294880723 3.073499129962085
6.270115204203838 2.981822469321792 2.060772826082987
7.130003621493085 2.627943584138523 2.386695922138111
7.069911648854974 3.100865878005279 1.721663495432897
6.655497711588781 3.327922579793369 2.494097173517989
3.148101359831287 1.556589824858875 1.351543205881345
3.142357457385646 1.582020541447026 1.113779593302749
3.069693553481968 1.715405175396593 1.214672806556182
3.297116638965667 1.718323779042938 1.178437782168879
2.885845715947007 1.30092973646715 2.468999590238948
3.179976379449633 2.55541487146544 2.365151421778094
2.921423035229021 3.224436099613715 1.124096457558882
3.186344839400765 3.304714702339569 1.052359702159682
2.975738605277233 3.059915105321676 0.7937444520170416
3.373021147444088 2.627470427999776 1.804763748192892
3.28117994491786 2.533734890799818 1.900124609809102
3.270893307247992 2.521113460922284 1.732769894181527
3.488575003236501 2.409238640727503 1.77022850224539
3.16964734285019 2.624256897107088 1.942490115092758
3.961743769607374 3.570569800398891 2.409412723577608
4.422361052498357 3.444184650943646 2.989274137177616
3.287174584415771 2.214079653646212 1.857486775812279
3.368709351734817 2.10224795314917 1.589713699101404
3.499742339018599 2.148009433529562 1.786195238074148
3.300377290683641 2.064953869730252 1.791231991252241
3.967980967780255 1.360218051154395 0.7136579358129929
4.083728325478141 3.962951970316432 2.97954724201364
2.738749570121704 2.426861396573993 2.212746226622152
2.67861598513576 4.16602253885635 0.9495141541891275
2.290714517788106 3.643874787711696 1.494145346211101
2.149887413883076 3.504004911842904 1.726464207283783
3.193068176075405 3.306475579048522 3.822670554192596
3.41124810286374 3.502828703942031 3.823357324702651
3.016775755804724 3.632386472993065 1.904669636187553
3.124002390961512 1.413447273677394 1.676142079424919
6.155665058232652 1.882155327380194 0.9286687264892934
2.767355475065164 4.326800231017416 1.263976401328831
3.148116119944897 2.558253463270875 1.782517460598598
0.5482298561189378 3.372334702416531 1.946858570542572
5.501341400364558 2.731143894799111 1.904395357727149
6.018273136059772 1.881788046124721 1.752853152737386
6.44541908424566 2.483955763755525 2.371605645869757
5.663336935193435 2.625862792376763 2.564401522400207
3.16127072909727 2.404953949425121 0.4744796340379486
3.515018518554286 2.561668070206402 0.5025521385642608
2.875268112745032 3.359550723786066 1.435308690231655
2.856128525726245 3.443075488842273 1.546706191531784
2.826234234932232 2.831410720735222 2.442409303657853
2.757596375771628 2.938919740825746 2.476744008474096
2.635154272252497 2.928130875799638 2.3425516127535
2.736205130769395 2.964381196610766 2.200167681542365
2.710480028630663 2.959892192619356 2.042419857003954
2.868103437462568 2.66617722568837 3.939982257514742
2.893402298811597 2.860915716039701 4.270954389874011
2.873610418089306 3.740372507869433 3.646600560583858
2.902361566495815 3.990679643557334 3.685780234236461
3.268703516132101 1.372790736779548 1.053956646370088
3.102407714840717 1.439704523267977 1.229310998843702
3.362783047482757 1.460014229363313 1.24199558498985
2.578248847559526 3.832138674735752 2.526769144422325
2.291328505459274 3.641383468756086 2.500731900048242
2.332783932470078 3.721298049116857 2.851983117336595
2.49172132628427 3.933113252698255 2.766207625730587
2.70177781604067 2.265751752878524 2.998116504858663
2.831465108597451 2.296850657957577 2.810343263064072
2.611483964108071 2.340806428959582 2.750175066920037
3.054154137003517 2.706092500076875 3.686870281866291
3.052802720086607 2.553748440292823 3.722927191541316
3.337766739211821 2.477661783123655 3.565525535359635
3.735081136474761 3.785126056009411 0.7234008765332925
2.044290996924644 1.852507359393563 2.801941777173949
1.989335624545601 1.552036715779042 3.194855410945712
2.258333662534819 1.60815410769983 2.990432406010905
1.980095061643246 1.925225647571238 3.1207790816974
2.270282867955509 2.43178414603677 0.8938932965316094
2.112322604288568 2.058164235745128 0.5966125050594702
2.249747681659563 2.396460492140695 0.3896704663479613
2.566925502682276 2.198181823981421 0.6911450677046121
1.731951262485779 3.481198991343781 1.618100362533962
1.498084538054513 3.252741060733248 2.163563268963828
1.46331611862699 3.113397308876619 1.694015648544224
2.63289853022561 1.311314985658119 0.3940564328366054
3.037575163210909 1.524775203577914 0.375
2.449589265000265 1.950543039065357 3.792574310219849
2.583281627439486 1.732110217159816 3.896643493466021
2.579038693056694 1.776735232299966 3.665766053517582
2.800195186811123 1.832597750089416 3.851609244882367
2.654399087659408 0.4518131382144786 1.691015287593493
3.020751467521401 0.3925885583033581 2.013087044687673
2.715742716645596 0.5528239174848845 2.323847282356458
6.225487265381212 4.391690212154013 3.516462362553809
6.683869881839311 3.893839193746643 3.692458392740638
8.21538822443636 3.524142401601045 3.186222552415312
2.438930321756511 4.158470275355178 0.6211143565143622
3.057486845355353 3.641702980190846 2.759933432814575
3.1875871301587 3.108089309691999 2.991179907674876
3.170003378829034 1.986777336381512 1.32172379662592
3.291278599646208 1.976831716580759 1.198659253097581
3.614407264190154 1.284717312011935 2.419864473437833
3.939527769308434 1.243679118195708 2.40652432893202
2.707391108058861 3.674457406838589 2.680755884097698
3.727831232601267 2.494095292787727 3.136022432730584
4.059062900588419 2.176211094283041 3.158777771779903
8.323941591306225 3.006710048555687 2.244129297688183
8.839910153176319 3.740638566445133 2.399438724087459
6.535130113145502 0.8058922939382966 2.455513409496893
2.59008736526754 2.386664790945325 3.070320904169697
3.074436381370849 1.860079371901007 3.672212705322216
2.978624875647002 1.966751369340952 3.671409297707577
2.026772291048078 0.5574960717000002 4.467486474514239
9.21485725484807 1.171785572457891 1.989514451907761
8.705993334254224 1.803558964423015 1.782922110255638
2.994638998440926 3.459033869196749 1.388211437228465
3.062665976589223 3.315741941339969 1.311048871394668
3.245943988051284 2.800775299574683 2.456803902261144
4.8771634128102 2.98472858090687 2.119686824951905
4.726529304968618 2.68995665916349 2.663063682114498
4.250847440143495 2.646628733816916 2.241356990294558
2.382547114898299 2.257735142460955 1.715944934147911
2.381678284634262 2.349755921691943 1.493841432468904
2.264260789216125 2.540393310112588 1.647818641879903
2.654563102979995 2.521964644305519 0.3741295460362034
2.312500048984426 1.927913112991964 2.708663453290766
2.506612835922591 2.214916319501 2.651543865675356
2.427290486016599 1.941595301895468 2.490631925016893
4.607773473529909 1.623686246816494 4.505632658542106
3.375205835108084 1.220792842706951 2.238597823175493
1.66038237201826 3.275248352386036 0.661798934926737
2.828323891763495 2.198213665274526 3.032810364437362
2.821496289325031 2.131445327557003 2.73172846041779
3.505544014413357 3.028206021321078 3.315010382587105
3.480397599455358 3.061806970264238 3.515935063577682
3.229983617308712 1.774326500208672 2.348047449991056
3.228693126387582 1.953314366974582 2.334637524408232
3.352356866089168 1.884751327934353 2.430656022059786
3.269412432990108 1.886894226687625 2.218351439023202
2.875225268310337 3.813842142326913 2.408051041816852
2.941912002023237 3.813607049355713 2.576858385415145
3.024830016600901 4.009155012216977 2.604259538809372
2.769239725379157 3.856387158540009 2.688180630373432
4.400478951630609 4.143310350041379 3.354972366279881
4.821847287378386 3.361653950602634 3.331698469020987
5.238749895793648 3.804591330848418 2.962147879012712
4.099789618446716 3.661865095081328 3.435143318657384
3.369596544017766 3.008087441219568 2.293983448864202
3.163886098682732 1.743724800572573 2.493975409079823
3.891235662984232 0.9074612049194759 2.521476135503806
3.47016452896588 1.19069124105 2.641360963197283
8.524814264570352 0.6796367497848678 3.127595855604107
8.848294495494489 1.154840051253843 3.807895139382929
7.841217588515834 0.9471216304579002 3.284528073254493
8.494970985628818 1.636120870637653 3.355039594395818
8.081230247867973 1.553543313888527 4.26940896559478
6.32138669542612 0.555342192076553 1.800989224086192
7.741169930469189 1.2780841670571 2.505742036109158
7.392108120750215 0.6580452174036477 2.998442822439301
4.097478418442862 3.322367360444301 0.9956566005945391
2.854702529505451 3.314748271375837 2.607579087268838
1.817689892585707 3.193624078857547 2.692856575788935
2.191089774082672 3.131181825334982 2.778148180191107
3.037668736212026 2.801109091179836 3.832703176032088
2.030247048455571 1.983307117748219 3.806049929492803
2.126337080241177 1.787779104077905 3.383385833742707
2.301290882576325 1.357606333079909 3.226412535634818
2.528163558278422 1.074418936413142 3.280774730671908
6.102025350582199 3.933446195560558 1.889093902977914
8.194023821348978 1.821136081003478 1.32051085617027
8.18420823597538 2.521991846415926 0.8511103233464669
2.836825600433976 2.537072856834252 3.479128562657739
2.911613646465802 2.467683978566793 3.635774374259421
2.477254005693528 2.333774039314563 2.339080333946779
2.400604286342313 1.981358471806994 2.162121560329754
2.028214176374744 2.949818929745284 4.439965054723938
2.975657461377341 3.017944283423628 1.380640065019612
3.090775746415174 3.093896094516756 1.388000820759782
2.700973512377042 2.439955986688284 1.653564336500958
2.613640658441875 2.288077620003475 1.673503738250999
2.804757944048363 2.275595611696521 1.691113552441704
3.262616491138429 2.798715805254727 2.711212225678393
3.3934348847094 2.673996658558637 2.721312554329277
3.39023483348184 2.635135314237413 2.545630899529361
3.423427829469794 2.794443059127067 2.462741312781358
3.221334303618706 1.125200857187504 4.219698003040439
3.195640843853995 1.381004405274843 4.49589221961077
2.822831936602862 1.586009751420847 3.351174606384311
2.790652698492856 2.971272844450279 1.708145458596565
6.597825755157639 1.369287508912999 1.673750110928991
5.799404014486482 1.304822473017867 1.162943412438352
3.387227377700429 3.320778382452173 2.660529438321092
3.400887020999903 3.444346481382914 2.827276800297684
3.493007179536575 4.561728945683079 1.920955836397671
3.669992888538905 4.319689075044418 1.396094310068387
2.997687439022642 2.097535630580203 1.291234387689502
2.96539793230767 2.239177821166293 1.295031514441373
3.105326020559056 3.126563888995425 3.676699432229922
3.231647614878699 3.02467001680302 3.592737044872052
3.122300716709626 2.955245036440469 3.579361799322163
3.178274178607298 3.123893881851098 3.516025644005639
2.796234271020295 1.762881469943924 1.691426077308351
2.844081765806068 1.913743203420839 1.582528205576011
0.6943123390433995 1.176856661646744 2.55557289044453
2.444582815203349 2.83034331764181 2.160583297567773
2.60131609621053 2.725109678178358 2.100131640854193
2.846915378487786 1.700342451814048 2.207245039433512
2.821917307399786 2.714259248306183 2.469199741607064
2.723955218719586 1.386002995097719 3.678864531059427
2.559818165662358 1.29412076011642 3.749259786141586
2.806067958309639 2.363295870611732 3.012401142851832
1.770649538370332 4.475128935221308 1.841070865290985
1.875572468226164 4.269664694023719 1.162231611523153
2.932277295849098 2.66392601810723 1.379724395485481
3.020836766463495 1.181606729859926 2.514051570517235
3.538442298720539 2.672402107201988 1.891966315827662
3.667612761219562 2.878130457802719 2.029901707612508
3.021152732449817 2.279818692929536 4.580595597675678
3.034377170351832 3.621748401528331 3.129785855895944
2.347863232826232 3.017340248136675 3.589356887176193
2.157398676784529 2.448220082500218 3.656490523777559
2.191406068304546 2.929370746094434 3.382171159030805
2.857972101878948 3.47153815532509 2.253675401420058
4.327227597368442 1.138846440358328 0.5362287906532947
3.133761043262393 0.624621055147308 0.5009390969574395
2.868541833263497 4.534047201694818 1.519474996271553
3.194902296246055 4.482471441024764 1.669036467790603
2.37449416404101 3.151073372185003 2.577574794290025
2.393389609913017 3.407323309028255 2.529264134913681
2.229840211142267 3.104304894700181 2.18231372988384
3.218782755493767 4.410400144710538 2.282328242948578
1.362523025810993 0.5038917787864785 0.924703722488784
2.832962715970568 2.23731845855932 2.032754724760088
2.683052693621953 1.69929664248418 2.646147267897581
2.815010758122952 2.001605041448361 2.642134535653282
2.155889609568717 3.507315492153844 3.413992782308427
2.126433284964171 3.079659565736474 1.904477235080148
3.161813914651234 1.852182600003647 2.790194705854417
2.940886627200677 1.985449486628933 3.841405645144428
3.139845637362152 1.921906576720568 3.815875347132547
2.824023764634776 2.342230370204972 2.376047118281602
6.893455283116904 3.031579268809057 3.018420886111985
2.187259169079645 4.413681402865878 1.641303199811199
2.415043040279083 1.195746727119174 2.470826588296634
3.000711666126893 1.335290472156326 2.978127823509475
2.958176819156677 3.807021213728901 1.911883500970046
3.062307954500211 4.042694339523099 1.991175993634405
2.981720948510593 4.482405705860585 2.951274048671389
3.192848840974785 4.581057882700579 3.228314676860964
2.973352649701489 4.205763800896911 3.186265144397474
3.357412385951791 4.216496519531297 3.116242482999557
3.351059548258793 3.790535165819785 0.8041720322898793
3.485478947646683 3.683954216827591 1.026299559261939
3.382633169368403 3.376946362193253 1.366102518338538
3.558236324242137 3.351138603861367 1.608431477806467
8.083331519914831 1.203452617497292 1.881577997102552
3.366063782728554 2.679903129300885 3.458114472165471
3.471894802843721 2.612555894789865 3.615031641195795
2.85261675430898 3.688940157613992 4.025925108883594
2.807279163959632 3.330559633088973 2.916421849562401
2.815314323298306 3.405613946738738 3.142855003787169
3.523665718546786 1.958233821269579 3.484644119746384
2.779561093051377 1.200730179071071 2.539055606241526
2.632552453619131 1.25942924118611 2.805662948577325
2.758794892349715 3.557332923258959 3.278340877721997
2.797201464576352 3.530462463723751 3.13600980507186
3.364443966391844 2.692098795160335 1.975796513071919
3.501884326700808 2.852870574630071 1.782634318136838
3.329172059404378 2.876230636227004 1.928960563061826
3.536250338940327 3.401925377950483 0.9853494836581785
3.341643407953496 3.453024996932107 1.198517959880975
3.69841646226475 3.316031395718297 1.294335089486459
3.164836769997527 2.517414504687309 2.733336376795757
3.256344359583642 2.433097881123025 2.645726375952881
3.162376455289539 3.780491570149846 2.874870906596337
3.253501907522237 3.662625242365718 2.93914685637713
3.208366395344548 3.665542375128481 2.693041726106919
3.185636922692817 3.978043538999355 2.784354510698254
3.144408499318532 3.997439205981035 3.053302226645428
3.39099770029514 3.919101528268558 3.031680422530669
3.37424256623918 1.709579509255479 1.787277372830297
3.207835094364092 1.733078783054571 1.718906593923106
3.364794029086056 1.829122625795164 1.577927565180328
3.441071715758852 1.622100177167139 1.624405981655888
2.767947953395644 3.379488592968747 1.640789506899182
2.7937850680615 3.325796224173348 1.809936306821285
1.74045332213069 1.872219964314054 1.909857329084894
3.455272830736983 4.086821193232613 0.8601363584568026
8.243439572992248 1.176690383925154 2.855863566430817
3.127182730795012 1.324083717763075 2.877296416208318
3.426423695488174 1.720536013956337 2.457925353535356
3.206468436273616 1.607378853276922 1.646983529992956
2.725796680411763 1.537478724384258 2.077693366826904
8.086815926828441 0.6085658709187162 3.987506665316558
3.155067876102835 2.842260254653148 3.365772777178712
3.147666480756081 2.280614287234981 3.571724615775718
2.93742051792913 0.375 1.115314921932604
2.767561098473383 1.517931118824001 2.232123269926733
2.823285863483326 2.051674574932307 2.330659171376938
2.412938860269394 2.592837385513994 3.113715711111119
3.18393173835456 3.066735416989301 3.344465286988416
3.287361452198622 3.123745678842063 3.237789891181832
2.275515112775052 2.003005318629019 3.608884181138932
2.502153559209178 1.730833059654293 3.484951204781115
3.096062570884748 4.219118482673764 2.822586881562622
2.773061219288844 1.902669236430245 3.256373723413221
2.536010643575761 1.683633964776978 2.019067405741795
3.408667813477413 3.297380625920227 3.13061085217454
4.499144686026924 0.6012205378962138 3.781652903887702
4.150706019486359 1.016448707096385 3.959283113018935
3.308594372305441 3.84664178165129 2.506199069513424
3.414656453655342 3.883257380567461 2.797632283970861
2.843158210606764 2.389438947321399 2.694011296221773
2.781910450493854 2.18026909678669 3.174821987759906
1.920800448658179 2.841725758078431 3.169089954406864
2.855913872230133 1.412902334513011 2.28099456217588
2.892318431216582 1.67765061272463 3.853422622603191
2.673121742066757 4.475434983562651 3.427892328678425
2.951806093945533 4.279066076013581 3.774546764660671
2.714603799138083 1.760330594799788 4.515591112541302
2.454295094764238 1.462679709322217 4.302172306692374
2.830887665905772 2.558197989972684 2.253342143416641
2.79910897906983 1.583726225210647 4.214391990306495
2.816653497966902 2.221675420754983 3.290317370447783
3.383322030537603 3.158158414878788 3.790985198568329
2.884813973072038 1.278636081786693 2.086651392044731
2.689651542106086 1.133821757334896 2.196438135503715
3.399611702272653 4.2179364261629 1.685068173544988
3.240023656603746 4.309081850672366 1.348419161979602
2.651808107051726 2.625669773842427 1.134491065635268
2.806729926658901 2.935400907101941 1.118176765999746
2.736169174625511 2.748034634482014 0.7877288929835174
3.079928806245756 3.800578794942091 2.145308828717157
2.900213331180336 2.021105256252711 4.376369735821381
3.260107507723751 2.107208534405113 4.317163731194182
3.172357425144173 2.336153123510423 2.535584503106494
3.172447130755553 2.44961186055718 2.471743317860783
3.177423511595518 2.795586400498952 2.587338826467428
3.739928354900072 2.18572651787201 1.684510754385251
3.303242669460201 2.092404741341235 2.008824970466222
3.37398242864305 1.814624876889534 1.92507598136618
3.233891493293997 1.859200971311763 1.873348237983467
3.141481075052404 2.036498912692174 1.470813792874359
3.200144659851151 1.83883042268319 1.49245915292504
1.914194723758006 3.302924790895935 2.322177888783394
2.191747554937518 3.791936935610092 2.251533894931959
2.169991718052868 3.379748106861419 2.142638020043899
1.947131836301588 3.664410465832384 2.085196984423756
2.815657582401843 2.514464971546935 2.382041509784651
2.592965478880619 1.472941194955701 3.56273289402352
2.573485135160488 1.51225210716641 3.853168198904285
2.25412636415021 1.440835599432872 3.820071841434213
3.103923737188868 1.468027180506847 4.21244269124829
2.932180936050023 1.38429639208926 2.176790823670942
2.896688084631025 1.408456424169732 2.034145676825348
2.737622042875852 1.34418835762851 2.101717980158945
2.832970603653499 3.511625289769898 1.708502584506557
3.295697953387035 3.508640600256056 0.9817436869738461
3.709111591421811 3.610511236823075 1.746491432110286
3.621792126317717 3.425425916035246 1.990341466493777
3.377649976448518 3.615493507918131 1.698137127657761
4.670489047184365 0.9281207644777685 1.627966809539254
5.271419157374658 1.16908588568217 1.615269361346064
3.194400100377898 2.883328977000782 3.4949680596762
2.897401777914883 1.2619806888617 2.295946554437199
3.154179278600697 3.300381708876917 2.842634385972675
3.25591408052109 3.249656417938401 2.910830437121893
3.148182097095087 3.303578727158782 2.969855931252014
3.522485541851034 1.89651731263725 1.496750890915902
3.196173238906061 1.221039020093354 2.966615966776227
3.35517809052092 2.012634899353669 1.390781336853041
1.508350643603626 1.054245656591177 0.7243524872866264
2.656316552176023 2.165240117856935 1.830700471636441
2.394797069123939 1.996311919535615 1.851224056741149
2.574220926511005 2.349966756267387 1.968214119973764
8.10520251299196 2.512944865629046 4.130141862720366
2.838821111225555 3.195812052311612 3.451225546464248
3.718842220849705 2.284569000356191 2.546426830319792
3.454754002411311 2.454556032715115 2.653439335094002
3.731256350896386 2.658953738146252 2.60320031509058
3.737575980187041 2.954125994662939 2.332008518334693
3.133839200173833 3.48125228847576 3.208001942084366
2.833566754102955 1.477428097805463 2.408093351757148
2.714684198949871 1.284781972180643 2.318051981302261
3.516870779347136 4.198112106474712 2.862224278265932
3.254495824358935 4.3120957179326 2.579107280583458
2.85047139428046 3.509828897093865 1.402141554158975
2.661196109489514 3.297731072819504 1.403536613766366
3.240156891758136 1.142351947217234 1.091361459624961
3.669203641316559 1.057406738242982 0.8913125073125876
2.517510820144476 3.329943275001947 1.287571176229958
2.511631327176814 3.487063107253848 1.528534356119287
2.897392512848699 3.599924626952583 2.835798332126055
2.93019193763766 3.72814143590342 2.75339518817287
3.020678619558985 3.708867503358467 2.891111461037505
2.350476003534269 0.874008991494431 0.6469485353894309
3.804269357087503 4.20850984393088 1.71250564039313
2.575274735787752 3.047003294724739 0.6917512566618262
5.275306278159283 3.825153798563766 1.36578105838163
4.346016491935379 3.435874455372424 1.431992804195019
5.024253621502992 3.510660649970213 1.92005450365998
3.749801701663186 3.008211695150374 3.465928996253002
3.493324927594722 2.818983370169183 3.445896953714889
3.6081131870646 2.914341348892119 3.663569812138465
7.022431182450221 3.563711154658769 1.204194705033025
7.018148766214126 2.718322545507435 1.135126840083352
8.808106835285836 3.009714032603595 4.390419023821998
4.67903539853422 3.778478256492845 2.616664106595391
3.675143237342729 3.96259721936819 1.408057301091445
3.486651740018012 3.813459019045696 1.831409934205509
2.059306623658581 4.164404644336243 2.319878843705428
2.814883342482774 3.103673018933103 2.431638118545124
3.158665081507221 1.746142521655142 2.111610598247275
3.162536324776119 1.739773106215436 2.243398173383957
3.165513151523214 2.201205050455908 2.795248640352051
7.609439172392077 3.882167189840923 1.114985064782026
2.364266620485082 2.438307889459214 2.166857356145047
2.319778246734514 2.274300159514251 2.529842510573172
2.798148294769653 2.512946124497726 1.579415321410598
3.340753296463301 2.647125841612961 1.175724462358702
7.950350082471905 1.949220036879649 3.396854967600615
2.704045243499873 3.495908567955858 1.588265272760851
3.626726053904521 3.68808727767432 2.015682919407924
3.377146187709092 3.594870675276975 1.942907712396322
3.393338471852953 3.507632909625653 2.103789904917614
2.828667514251471 3.044351173591392 4.081560518085779
4.027906653117672 3.332655096909483 1.906161228828688
3.941529376497893 3.406292647124392 1.554941290760544
4.290653017199283 1.955810982352107 2.77653734306808
4.719175476581245 1.630000279541699 3.425655332738405
3.263533470186878 1.512431340338748 3.665178393477349
3.120218974793076 1.461292366005609 3.732462755061152
3.608612916926861 3.9934998116544 4.47752588193347
1.445100517085997 1.880574117874889 2.264535767356044
2.810670088462097 2.931788217372924 1.886494326520996
3.21745961162426 2.947512075285232 2.799699962066339
3.268550759988311 4.308160819091318 3.624820900925008
2.989340692106786 4.304846954054226 3.446943125749386
3.01713493754694 2.604077047858787 1.208507742197176
3.069398404043501 2.908758157895302 1.09179388021395
3.072909862133482 4.610510526030559 2.545436540634403
2.75684477379166 4.057517439660983 2.967029283105503
2.717963395524932 3.844886536664232 3.036834796219145
2.411508932639759 3.200289764588072 3.132420906144728
2.651135883870218 2.771430345206539 3.500818836678922
2.877797051169866 2.615036590709654 3.564363316235649
2.916843426354121 2.702183695860436 3.638283992569631
3.460148893111232 1.033534910188612 3.377880021483787
3.568092718119063 0.6772784766443303 3.618389157145795
7.41690157382495 0.7020849300843816 2.092754696062429
3.822395057183269 1.194564295462443 3.4891837050192
3.729569628759227 0.9832524923757366 3.984422668196727
3.098772018828669 1.06162348617354 1.874454256708051
3.329641110083779 0.8804476187671242 1.856337078950041
3.096918744454421 0.7895886073193795 1.969250417291246
4.268130399582912 2.506324602191752 0.5489598526700004
4.14118157926527 3.080884804340597 0.5067033436734054
3.712778905545635 2.761825562919279 4.25
4.043674290516002 2.458146098418195 4.070766688753044
3.194500516600311 1.680154817476472 3.010707803426155
3.233512000464185 1.789653826062613 3.080301803370869
3.333467990753321 3.078084383640504 2.982575181787118
3.172784968406566 2.975432946058071 2.913682604792627
4.072170278217378 3.794435298458435 3.956156631838429
2.697340845246599 1.633855139098103 3.737944663878314
2.795945414990597 0.825094562833826 1.98758374155915
3.263897066870449 0.66952345800536 2.570316193456726
2.819340357264218 3.265107377551765 2.466512941785301
1.36571038322873 0.6131879964084376 2.91932571879632
2.738012403852902 1.646895805171992 1.87025944787274
2.843992692796711 3.077631762731719 2.631870584706124
2.672241927412662 2.531519689041889 2.378077066316915
2.634577571396665 2.760376920473718 2.334281354755518
2.65745051521039 2.572930383150867 2.167323986445029
2.519133649787789 2.605654260698225 2.279161453233184
3.544505126690688 4.307267927288487 3.463260838272134
2.899210482303391 3.586964904263825 2.005560466063559
2.85247586404222 3.55918910842094 2.122783744688364
2.805084061767703 3.465297468128705 2.051870583211518
1.944535564295267 2.73399714591546 0.7788942107878676
0.5324768714740606 2.882635025108726 3.291206657533244
2.298533227678181 2.489919223022853 2.731902873119256
2.257106978394582 1.848852740256691 2.325041438308091
3.15146055467657 1.446156359123655 2.762299456309304
3.154033933369412 2.193809271832205 3.18613198343711
3.201231633160617 1.973266534164633 2.003070222109156
2.76075419360748 3.573773161359905 2.225742078853656
2.759927706776647 3.404434200510926 2.382635405372667
5.644876306086673 4.389039455277294 3.783909877736115
4.992356566383716 1.425307408215608 0.6930564672938789
3.74839893460824 0.8896820772786522 2.11181277081532
8.020945763210136 4.257713009756539 1.965569438403547
3.735144861716604 1.430363917886992 1.146065662535435
3.669076169201398 1.534270171581658 0.8672579035053495
4.068620422936314 2.021876810052228 0.8432744450842742
2.475522044555116 2.7411358548313 3.306011767948429
3.388481485890737 2.994965850371154 2.54478362356731
5.162628258388205 1.998727649886335 4.187836001941704
3.107262346886901 2.69866497085715 1.414968846786415
3.470826000927643 2.437594806181762 3.997240590737011
3.226110540558363 3.070642184324708 1.004484714609053
2.830312743337601 3.443932777887888 2.769226087607652
2.702354268376572 1.412164566395692 2.86882435743059
2.666555408059831 1.570158069514627 2.798838425970442
2.828323007330113 1.417525719030027 2.687115704334586
2.679554441456673 1.510578237334852 2.655060800952317
3.216803276466025 1.903441563164681 1.644567896937609
3.487982996335303 1.869721184495624 1.723478992726297
3.789177738641261 2.2074322332336 3.982502495001156
3.377507627410373 2.272771633012686 3.636145944614102
2.048682684606081 2.009717596569377 2.507117073013559
2.010145099097991 2.317691365804777 2.645597609148652
2.406595852967849 1.002330158607353 2.197538753141698
3.733293165449971 2.96269850531863 0.8120786112010389
2.823966154017726 2.459730238391997 2.581153492788396
4.994403738204229 2.266939804108551 1.510336277116796
2.832117720480949 2.354802000945358 3.421393634498654
3.151528723434464 2.784495535191585 1.897310062371883
3.524227252858195 1.859330948172966 2.35214337413962
3.631605529879964 2.011981521704522 2.482460735277594
3.511594550239689 2.011988054774145 2.195281605364737
3.40476847559948 0.8332744501345797 4.080673064056144
4.088694036493525 4.403793737070068 1.085321285576101
2.827608491045347 2.435295325934929 1.729498413172928
1.601078452411017 1.931196740023897 1.164872671956412
4.214088199520213 0.712949969767899 1.989137343491745
4.154544529301816 1.148360170089737 2.000055883853674
3.331827246894822 3.541878291709139 4.46980214485861
2.88067200163135 3.559816599225681 3.4283886634472
3.011543481250245 3.741289187838958 3.504988356237589
3.286298696804077 2.874616755408805 3.388762762454756
3.324180634802675 2.949579685119688 3.246625619368723
3.275823395377215 2.742909866252037 3.290254107976719
1.597509998180993 3.825276759827698 1.146335952173839
2.640902602179554 2.708930189017403 1.911199523937034
3.161621030612004 3.033574512477775 3.215208214571368
2.554484459369887 3.599003930740384 2.59987018704653
3.056622507128219 3.085309482644524 1.157147452988905
2.861502510663899 1.360483600290992 2.96866019849875
4.363234865333905 3.331881172148399 2.258527934419203
8.299918025250388 3.68175772023917 3.82380679618917
2.499238216283901 1.725006662718061 1.651844029350175
2.214997810677693 1.558191334694336 1.616734237323864
2.344247406603072 1.81230522533094 1.454496330467989
2.500109570225363 1.544805187813618 1.546033147916972
7.047434633751736 3.644298906072559 4.350423671167114
3.187885321839614 1.905261541481579 3.294117535053206
3.17545503843494 1.909121693225358 3.108109564693618
3.238914951016349 2.00118445351411 3.192287916645734
6.050703289569817 1.345645450761707 2.158962392929255
4.907262828298535 1.174586623674932 3.769664412976407
2.51326317096604 2.248072849166503 2.927060159243997
2.62080298551991 0.8292790804260479 0.896637963769376
2.663173465353438 1.076841090827637 1.072297415260897
2.642200493834485 0.8064183613793079 1.416510836111619
2.21398396302896 3.409021767882033 2.833344449910735
3.606011996226335 1.381950166280796 3.525210725217748
3.481795379559337 1.09037734721451 3.674178725041106
2.592556980389398 2.063688372146702 2.261262020491955
3.442086017625068 2.404111295706104 2.996762467040657
3.296480860435725 2.682137771298085 2.989997017381054
3.311087641344586 2.514739013712085 3.052131931684595
3.470909194570383 2.545781639396135 3.216527592633511
2.863575633762796 1.912382002487967 3.508135560759683
2.612154882514441 1.486390139385501 1.959779819996657
2.390586195502074 1.609244728497535 1.842438543570103
2.433618819444948 1.419509359983045 2.082713398552574
2.87613223004535 1.931841909431978 0.5471517667050438
3.192719277566052 1.891288358474432 0.375
3.138740728164355 3.805097687492371 2.600234411001634
3.031671647145629 3.939779726429311 2.356597901085124
2.682076897388762 2.912711613022878 3.396063368340773
4.167837250612293 1.3278118274937 1.260532670052325
3.691238368405023 3.747002127178455 3.003898914999081
2.988619437280731 3.696699339530283 1.49759987392577
3.135363165655728 3.770990878804615 1.508932758253573
3.638260080846398 2.460871151411246 3.627955266194069
1.984386520522222 0.6155776449148616 3.862660319036053
2.708445722933655 1.736766825409 2.4875074982621
3.222262328494838 1.683154043650774 1.91249507344864
2.411654069515853 2.937967428935046 2.375536482976146
3.69914567509112 2.074731646030938 1.134638363180587
3.180483274488302 3.286804386779323 1.90182776668545
3.339163470058029 3.339314841657954 1.795460447165953
3.32192676527089 3.389444144975123 1.992693174494882
3.177282808922719 2.874134944389681 1.998519687108449
3.298447736373149 2.806417373190543 2.063119006625222
2.498220847580243 1.979219385077191 0.3735521113764396
2.785444644744477 1.637592489582873 0.6725560061097107
2.492052694863729 1.892361516824216 0.792098735960313
2.823169753358598 3.123621780159702 2.163937409710502
4.51690046549634 3.66370757041133 3.695213897066363
3.169441670560062 1.876865483786985 2.42205236757578
2.678744773875639 2.072255445401514 3.87245828817436
2.548075817045262 2.219043476166287 3.758948904793679
2.462600594965267 2.128479723919767 4.076057876930382
2.61593654730079 2.344910498545617 3.998037740853024
7.801614093986279 2.003354909190834 2.098624821707882
7.206484140843326 1.984117229647676 2.26484219167781
7.485945361621931 2.221225265953655 2.771843322957793
3.735691588773166 3.273993866313408 4.580640272687786
0.9401011953236394 1.257149879227873 1.961833477646302
3.177727952784442 3.150018145961606 1.449334661888804
3.521888827267952 1.943561213071922 1.925445711212653
2.979375882227922 1.444674789399944 1.306129002287433
2.833960311336957 1.277774280932037 1.112782715736801
2.78734459641381 1.495179650507524 1.353765907437562
2.940194463233521 1.51047166641865 1.128965469963564
3.53888171054049 2.474395824389587 3.42571846468116
3.765042623767074 2.724782894636852 3.387926988437617
3.172407124820276 2.105493855582036 2.067984259188435
3.191481398282621 2.235861663897067 2.033665316166268
4.313982192583378 3.089694353407163 1.914488359198212
2.005192540508462 2.739459098595623 1.689869540944567
2.242375277775573 2.350545253981452 1.906533366433066
2.261370666333743 2.659400355513112 2.02311409922492
2.925733926020631 2.294146193566153 3.829788816635599
2.940792265214298 3.942049093565887 2.920143834105159
2.790767390996438 3.469335970463325 2.508795574395445
3.033821758924851 3.634998304153476 1.602245316471943
2.644026446308349 4.561620870806061 2.541586326118141
1.497959245479325 1.513710930666953 2.557396957339674
3.696626445981309 3.171529457464432 2.574974733470713
5.887761975185202 4.282527458576136 4.338614796669496
2.808301673538854 1.209946492829383 1.613763337536799
7.686501830124548 4.076535018454381 2.545913393865944
7.14364225702086 3.686773540925725 0.5893449993722661
3.022895586458663 0.75 1.217623705219635
2.535399163874486 1.517059542929853 3.284387529486419
2.783571616961998 1.347311058512802 3.23830881934146
2.757067216403479 1.72893578084342 3.089935655641267
2.814824522320689 2.628144422026311 2.131231273344798
2.843046078705663 3.210875118800826 1.996280139117918
4.181908404695429 1.506648601234768 1.781206989343958
3.361372927804856 3.209915026252455 1.944880365885512
3.530986976532191 3.212519824380504 1.80296408295977
3.651369973907576 3.173678733276344 2.143406033089563
2.772223856039607 1.782387972569567 0.9647401091275234
3.078578756039333 1.913880410484383 0.8122211136289489
2.268964389291957 1.561599907005914 1.27286108781701
2.05416790438523 1.948205791152061 1.459721801770371
3.234126828822898 3.353634447092369 3.053947138946684
3.195287495362022 3.441025278497101 2.868473706479471
3.158611634530007 3.502776572398093 2.970898422669025
6.960281794840986 0.7918052101232675 1.692681737307385
5.343736150400106 1.713620938537795 2.145552767043907
2.557673562644306 4.309808456843001 1.617892335581735
2.534457272824974 3.9991604802051 1.527699823425712
2.710408511763724 3.55300445763511 1.765602538892256
2.899445434406863 3.730899597358528 1.694152497421907
2.706503384817164 3.64934646330477 1.640224317275358
3.463527198086024 1.559808600545941 3.708488437391674
3.608538624166516 1.729783468671118 3.833333423008329
3.401462833689703 1.730974302161355 3.588496936393028
2.899630290479855 0.909918159131327 2.671025827815861
3.291401548820258 1.41586231331333 3.147428459588214
3.15387689239559 1.428919871354713 3.131271603195727
3.133729529636339 1.24336696076617 3.110971651778738
3.156643648013349 1.346249635975298 3.242206650047755
3.187829944575221 1.92998468602612 2.538323391688203
3.436897896899964 1.994112191562413 2.567884421252955
2.429477059827395 3.957185235458028 3.315903712074876
2.304444259833799 4.216115663713875 3.069464791979248
3.173183051438042 2.479104892558797 3.149734954240947
2.624289581737662 1.851751722560072 4.204510498572255
3.406005525337904 1.884002860632883 3.278404652330931
3.341003332615223 0.9572777692599928 1.566970860812814
2.973025382226964 0.7852553868700802 1.574614063318765
2.846252297048711 3.064626609797688 1.792655612238349
2.719290224239717 3.118268200272317 1.875908082641837
3.578301284228008 1.135220227670798 1.396108664935527
2.687277639184997 3.081834212663292 2.308155807198952
2.859182474699534 3.121896226421552 1.685510689999678
2.849110722799266 4.205987485653473 1.918521998282054
2.648829321504556 3.61013225705486 2.039738847214479
2.566970034231163 3.587490675824922 2.300259017028183
4.366632530122231 2.476866165107269 3.355901765896532
3.838840978606581 2.205039511834632 3.609320805224716
3.231703656091272 2.220812753293721 2.221364937579343
3.208394348107473 3.686226605342057 3.471406291255752
3.190075844536525 1.993259701168264 3.555001311945553
3.373328431549977 1.56689963915048 3.530472134242593
3.742882656160513 1.638842945005415 3.472675496192297
3.277635403124264 1.685611549177999 2.600025932325196
3.409327377986169 2.382274341092863 1.263839384797721
3.082683524355148 0.8336036157340504 4.077215967533482
3.297938788051062 0.8700987723919491 3.760982826524829
3.050042513959951 0.9386909093940927 3.611130342718476
2.592523810923037 1.776203365705609 2.987283390337855
3.367135320631202 1.747512430044866 2.100354766881574
8.666309868042019 2.254233755012934 3.355284481450177
2.47253515724577 1.102256744344531 1.709594940768994
2.738004865008761 1.10592575111371 1.944831485646004
2.416406211180139 0.7862684611035131 1.772214877431685
2.931176985678718 1.34463699459573 3.2253956766534
2.795669873794081 3.838301916351299 1.999524850806803
3.321591318551743 1.922763580754312 2.061846622447587
2.758499484906984 3.29481661771371 2.745499125712976
4.539695112785056 2.914918928760758 3.309513951575769
4.131470219775758 2.872931509127327 3.0945665163152
3.170031762313413 2.647658956587808 2.669585309741407
3.200731783686465 1.643369954655668 3.632417931029725
4.414958036439121 1.622359417267943 0.8085704493733772
3.241642373870853 3.483681340430087 3.110126813331337
2.892596397571792 3.647060270107517 3.078681196672918
3.177599520620259 0.7930041435730937 3.408037836851578
6.137172234998992 1.128541697149603 2.8205990838558
2.58252151518174 1.550493687396051 1.29676968211507
2.585271002895787 1.172994476794059 1.458609497182438
2.655514241169465 1.399756059342565 1.537796679034185
3.398464117447104 1.577104678787775 0.9935239254022803
2.973190204424148 0.417567855378488 2.539416503415175
7.261610720776254 3.883104241716277 3.159829859120757
7.137838068348771 4.345078253350935 2.679403151240556
2.713523760015741 2.806725743566236 1.221354580949975
2.667931440932223 2.607982983572736 1.402038902170142
2.801803448107796 3.518885361737224 1.163695824680072
2.963962151084473 3.577312359317818 1.320120633030273
2.985990405623058 3.42537355326644 1.210178047811709
2.121202809792148 4.186965351940278 2.722781001122197
2.965570160172557 1.959849734052994 1.292911260011534
2.908442025642307 1.743915847483837 1.187465148572789
2.978388447044565 0.783228297255721 2.218739332756028
2.792039045068147 1.029821875477398 2.422335779788349
3.541735223618619 3.244647389242599 3.648256817214984
3.365307081379987 3.549718344427132 3.552932680195157
3.373245156919805 1.847376565345526 3.073472800134764
3.164192102707765 1.816772562919403 2.635067298353419
3.185034881542824 1.286563285683523 1.301896408837704
3.299145175356879 1.016514553486694 1.317151951324249
3.000267178673764 1.228144653120506 1.240508638190394
2.869369048805394 2.992095538761309 3.57550660668291
3.027329051751097 3.005393693329568 3.654233524040856
3.036340797427109 2.873604350386006 3.632484483052491
2.801646087133332 2.915511271744418 3.276806963757368
3.278084010148575 2.640614891863541 4.104244266185916
2.556895343785821 2.425436018095799 3.265008175845337
3.171665048687853 3.47706628599605 2.747329304295851
2.435822283106708 2.875694512785291 1.309686499296032
5.748633580716131 0.7909361120187083 1.685074371432848
4.916029298351331 1.342051914946535 2.713044098249183
2.278073833153445 3.706863396540963 1.981760048604163
2.483194680268394 3.805653694921945 2.130907880835614
3.205976376568311 2.186062705639881 1.59284469818673
3.139222764159038 1.628580821233376 2.550889082484093
3.17630293312157 2.795733780205821 2.842696874998496
3.585893152043526 3.110603711655678 3.952609144604944
3.209635641998775 1.405250962572185 2.950360213217292
3.335773683092706 1.217873769696099 3.109346229441602
3.312378193617953 1.614774452648368 1.454423537180042
3.457777125651705 1.72007592430326 1.427400232609736
3.517038860441055 1.610727048540836 1.244648579429688
3.974037192594383 3.01457513850321 1.743775527205338
4.06374667408453 2.711114709938445 1.463284990935673
2.834253485473655 3.321979329401615 2.081866364897291
2.529612863659155 0.4705503210530724 4.176854195649895
3.429789052870976 2.651789082995629 3.844782571493799
3.613255090266898 2.63850687508298 2.852124150166671
2.802630784213274 3.584116666668916 2.743722298387099
2.75848450147623 3.643796335276083 2.886335607880923
3.679725292870288 4.107534394056743 3.962938666355572
4.062349582112954 1.970005052306512 4.047835227264887
2.819371821678567 2.118631262072372 2.159669535107206
2.891132729212159 1.435450000161081 3.579780949859285
2.891788527175044 1.347858708610375 3.364211332809116
2.296167399496145 1.871818883928652 4.304259687991024
3.134888350379964 4.069660438164914 3.647029459261998
2.73128261290334 2.248790967401733 4.21519084651159
3.03884276596085 2.374136402350467 1.373292799413186
3.148842722172038 2.476394820981731 1.435224728585493
2.431834898445663 1.365574332958488 1.14489765231679
2.335639128884039 2.342371496368504 3.059505053512502
2.641740779637026 3.329049135135246 3.602735795971042
2.950794952547011 3.205712169601894 3.670944473719081
3.556805770240605 3.453601029921068 0.6782299387023311
3.505846155408023 3.025890737630617 1.040252066323518
3.708538056589143 2.863324334127143 1.594453273892276
3.647012474923176 2.600845112578731 1.688209590770855
3.524919986560165 2.912353012287757 3.138294061568362
3.402441202146466 1.427879708130783 1.550985265654901
3.099120911045848 3.714985941510357 3.234385097286222
2.771785208522025 3.094212794537965 2.009202971413201
3.260644937276268 3.33243744869071 2.771836637610742
3.527819670439179 3.791346279996455 4.066290753902168
2.965006895984891 3.604055402271823 2.969375998307549
3.102041263989874 3.615897983821068 2.96287867074927
3.495767215093263 1.484061603676521 1.879215861599334
3.297652638092698 1.368815954627681 1.787591317441516
3.291709089401755 1.5360907185284 1.856675702330198
2.507268971794256 1.905502539019917 3.110879262603427
2.280798535583469 1.888906197564163 3.022168097551788
3.153301930609698 1.493513493205193 1.935849015587663
2.859198975886465 2.165273869609918 1.650100158028689
2.857470044719465 2.28141006717957 1.554653560766721
2.54973391727863 3.894562651466779 1.868263080120266
2.512960364804941 4.166637904242533 1.974973112514107
3.527500821247255 2.3873146853915 2.113801469700124
5.354759233461971 2.141961018693822 2.810541807855631
8.703378568227453 2.423203643273832 2.296042025943665
9.067494950691181 2.959744246284371 2.795930874126051
2.073029482703562 1.242506808797729 1.688581121104532
3.364285789630858 3.135093693582793 2.747357930882276
3.207970968207398 3.183937615002035 2.75980755773957
3.235320819382675 3.084609518622333 2.86781028019713
2.862392559001432 2.798693953967724 3.442325132045168
2.835377562254007 2.792143523699185 3.313558893520412
2.778128289393755 3.355972711001273 1.274335028056796
2.754409970620791 3.161659456173952 1.406903513821607
2.799354152344798 3.163555503604104 1.263020230905822
3.316408326001045 2.375663458918241 1.637544813994486
3.492685196603222 2.459752998900448 1.463973094586538
2.437206123820497 1.399184728305527 2.942041926740313
2.574405663316755 1.571316185144711 2.946282572631626
3.379431977168276 2.141937674207889 2.170294247825911
1.982558077082705 4.105826040431697 1.935462689871872
3.136848992680214 2.710634662675112 3.565846331485611
1.428099919935395 1.72003044741438 0.5626184799079709
3.423213956372877 3.803312489306143 2.343279756394014
3.800399433278931 1.923787547673653 3.487429871940609
3.172987182782253 2.661592186630695 3.047380628278498
3.191801309482384 2.824040306510228 2.978346401117
6.360804079144636 2.494195244320626 1.692619053229761
3.279511128633374 2.070471086699739 2.453661176276007
3.214965578983487 1.543505490726312 3.463679467689615
3.196064825550577 2.222449202792241 3.441326954858349
3.561056717512693 2.186727228687595 1.35974694504841
3.791586215653698 1.968278202349903 1.4454607296082
3.272047826759798 1.483232540786697 4.026452437589412
3.450049841917854 1.740689292401516 4.051834064273415
2.810734971646916 3.187175043914941 0.9472096260217344
2.576253356806812 3.054896989034887 1.06485766212902
2.573687555723313 3.380724330354734 1.010954626566573
3.196841441963516 1.591080068826562 2.101794587602064
2.774888936367576 1.764302571082318 1.538277347981416
2.844979792166073 2.935859474864502 3.393033148573269
2.72078386236359 1.777037800698706 3.295935809123811
2.690687533053439 1.903176800926961 3.086416256054757
2.428908400739495 2.906978795312973 3.803818458637506
2.087931120856419 2.990427219152511 4.032736502303841
3.473092580131929 3.000636214196434 4.226851103380364
2.098691793064178 1.768172065114781 1.789008783418025
3.190710605563872 3.257642150054082 1.365336408960743
2.739042853508623 2.715907074888424 2.210860651897594
3.174516071639835 4.10457390253039 3.912598260625446
2.794236671887821 3.968087059613701 3.961787878185732
3.182211492491634 1.713179948843018 2.750890382222987
7.124048149359036 4.416344596243125 3.663995332558496
3.54947565422014 3.48030156379711 3.573744925304134
2.698363840176342 3.016886719326194 1.268846568601284
2.783782018675387 1.534376934364817 1.558068559726231
3.250150888986861 1.214371325159445 1.461280757284931
3.090855958609067 1.032186011282014 1.479187222858881
2.639191722022646 1.731059946120649 1.788870037883867
2.828442076369708 3.342119113934628 2.222088480625836
3.330625576310448 3.053047913149296 1.483194712067061
2.321767367388088 1.724375742668539 3.951120136133734
2.389176614330122 3.71904171153543 3.833076834599529
3.169769582571493 1.973581521076953 3.404956990023717
3.171787939540686 2.084194721577875 3.34215593689109
2.034088668637426 1.560245318944155 4.061776269937597
2.994534150750769 3.635797685713126 3.258210695780194
2.894938431349676 3.589260115736685 3.308867128380034
8.967004092521956 1.813028074627142 2.845643479234422
3.317138369825837 1.222229988814723 3.379490494049299
2.741055222447229 3.777471360615588 1.800316603397302
3.007083744765201 2.981466895269552 3.894252257732642
2.397696212227773 2.356941499706441 1.17068748159745
2.435752218157077 2.631288429555689 1.311272329697203
2.399426676632384 2.707527830493293 1.022887785978579
2.185867711500308 2.503800441718207 1.375614639030539
3.290093795033224 2.844731361150154 1.032035068804354
3.436590292871177 2.887661359548072 1.550659925994324
3.200186412969428 2.699060701662067 1.767113806427366
3.198710736797996 3.56845025780362 2.82754464841381
2.823385803129512 3.675423479795784 1.520939120218713
2.696535650379708 3.768329668743822 1.37375938218824
3.461782364310234 3.202553115852491 2.280052474044599
3.342768478913476 3.093698271407421 2.081834593697162
2.510510980338358 3.427155624403486 2.708980987810844
2.831090731255405 3.181064536829321 1.830897912804717
2.705301538056225 1.427471383491784 1.826715593845511
2.368595664680003 1.317314390567341 1.648665676278515
2.497434237357171 1.331335238613377 1.892450023898086
3.317983390056592 1.883148617507482 3.421918419053246
2.269538043959434 3.273862331035321 3.554203083594535
2.567976771996614 3.274074749105613 3.788511103636315
3.030294530404224 3.272666220960352 4.608937023906595
2.016334016328973 2.199367882241921 0.9674884127594587
3.167238327484229 2.453494433655705 3.293248386573845
8.302212416559088 1.910208347089718 2.613997391176907
4.465070820556294 2.336477534819276 2.943704584512644
2.823032312426966 2.175865285736829 3.532726636652066
2.367581807505727 3.401112738919155 3.757341724264162
3.170478525533951 2.006265796562486 2.173161649721393
2.777924988942635 1.878944671770807 3.605800285480464
2.780836095726017 1.716377626031674 3.56161889079808
3.233119519151052 3.830159125130317 3.267023074247913
3.240756418294449 3.95061478636934 3.434756925913124
2.029560630663469 3.7500768855372 2.631989336971214
2.963833290502293 1.204175219914998 0.9374733298384506
2.418825826571244 2.926664463970657 4.316033657316834
2.697878609172948 2.471437069255397 4.6129506553572
2.616377271594363 2.632599665151107 4.201975367797688
3.597609968623905 1.298424367374659 3.203055888893546
2.350521891370247 1.105606995592503 2.834636154937907
3.326876595238418 3.725432850866102 3.823372410362312
3.150730214244305 3.561024326534141 1.914911482822901
3.507401701194214 2.209934432856037 2.011181459509519
2.691284224256024 3.802639575792062 2.154673830599828
3.212341358209744 3.509479699092825 2.031118750613028
3.441392282915516 2.753248577453125 3.269534151584432
3.447044604408452 2.778640362721863 2.97424722450397
2.84024920316407 1.585669336428435 3.477997025044172
2.521195777605576 2.441671269657845 2.602806223646517
3.211181579664052 2.355243534594997 2.119725687456032
3.108680794726001 1.856923697785501 1.391268225875159
3.119219774526688 1.901777778385833 1.189081398793187
3.178389644407497 1.528312855415187 2.212029957544896
3.134274002031354 0.9238043992514477 2.451266701557898
3.642679611417063 3.048650719647175 1.285709602444087
3.691356395939663 2.769306760755331 1.30782786600311
2.324345236387981 1.604409930364084 0.9234299055638137
2.034306270388624 1.78831153429612 1.029305997094882
1.823333844409503 3.271634508024522 1.236939566911323
2.464623056527182 3.038505694872709 2.760228374090822
3.392687004628476 2.341773116079335 2.423229856175345
3.295284738821912 2.508316051692485 2.515740225354253
2.847279821656213 2.40130090347103 1.542112131689064
2.862976460407985 1.025738770449184 1.717163272583509
2.435594331343773 2.542365206833811 1.898992742931077
2.951557535418669 4.625 1.094962444605408
2.856548894967606 2.216754849259863 2.600903592357351
3.188155760146582 3.41003289977248 1.307634874610635
3.144441893019986 3.567628932328732 1.36051832411224
2.236919964811036 0.6469503734440321 1.4034481693542
2.816296594313192 1.519025356902084 1.819454533576985
2.86114637735501 1.209543891844804 1.409361197028651
4.224174920340658 3.930262617615287 1.210480382864515
2.502769674702428 4.019359721760627 2.2573830096392
2.902933675204631 4.21661866335139 2.523686747450664
2.978354482839181 4.21916807646053 2.219832134851568
3.57073472286834 3.481977013227766 2.299738893118709
2.516626430084303 3.040224337722734 2.171955175558431
2.349851801411647 1.104560384268255 1.454489455708183
3.244727763768829 1.458668174413397 3.280302228643619
3.171405784841799 2.517598941753747 0.7921750666072007
3.439539851889386 3.873094507320716 3.639498103702009
3.362246542464486 2.122233835722522 3.305508663543065
3.149053131912109 2.095341191100359 3.462386783601731
2.875946907609777 3.861581711074996 3.186142142543197
3.175132156460565 2.679125697817572 2.418640282380393
6.672422831838404 2.918005060141058 3.862875096644547
2.639077011267621 1.96505206581783 3.61517854047784
4.52762281105268 1.532647696488078 2.100249636397679
4.005451876906793 3.062349936350174 2.237023786686277
3.332630222316365 2.828390852351848 1.699304245277587
2.752935198995088 1.917969939481682 1.303105675546183
3.176062675232923 3.021548484391131 3.827320336355209
3.429923958307477 1.506218945822989 2.992268889451331
3.54499053120296 1.447151250737608 2.722251267895464
3.064023995938712 2.388093238609959 3.738914187374821
6.984748040578943 2.433137363616299 3.394014381749192
2.953819881494726 1.650226197797133 0.8936259972260102
3.689053308434303 3.134131210480077 1.535750069442595
1.868285684780447 2.917729431582574 2.159468686878218
2.795539626347653 3.243405413456857 3.843798148729685
3.30088005826991 3.575488937287406 1.470882879399677
2.73179405350252 4.213515235530236 2.751167736304588
3.240397068723447 1.397307484501581 1.928417015174662
2.770635697856791 1.9783208388873 3.714978920355899
3.977349626745163 2.534475712954066 2.774115206232625
4.197918582250331 3.018221851531527 2.616184116603719
2.579956586255888 2.402711899841227 3.610938232881797
2.778184630084415 1.330385250251051 3.940118136422297
2.852481804391054 1.501723358985459 3.713328511584268
2.934545717346677 1.465521193636707 3.944965897987501
3.010731270145342 3.776646419017052 3.120137161209563
3.916714055639042 3.669832023910159 1.149313986032126
1.813301529065114 2.387714822022262 1.591287248910732
2.591945906809488 3.458433081326541 2.480182404187983
3.230476691505697 3.056761014786444 1.600294686940153
3.374185586969054 3.088326745828507 1.679421254694125
2.264125066043071 3.900933788298739 1.665987691044326
8.213443065107672 2.514311620557424 1.906954790136727
7.625976189943128 2.964411132373146 2.261856558700843
2.253671545158224 0.8659647910568109 3.499124738417636
3.22456431945786 2.831576481715159 3.904083011217785
3.150571002818306 3.60666041233473 3.075446298517021
2.624459307855141 2.067122642930564 1.562360515647711
2.637593715536447 2.01419399893833 1.385027859973945
2.454950655814519 1.959691311419351 1.591734647114455
3.025861850592014 1.152339924912048 4.000760898734903
1.60188325868002 1.477379522489948 1.071120240535286
2.796023300112235 2.689948071351717 1.401297410209594
3.199756356715834 1.720037666218845 1.564446467643722
3.679680195671166 3.781016522504757 2.394502612438077
3.855856363316533 3.533778223358479 2.10174645806531
2.802608696960757 2.017603263311854 1.527277002292997
2.528274031967081 3.472200681477844 4.006383261518126
4.343843593346175 1.630747965642679 2.520254838268765
4.863449842218177 1.953923696458586 2.518879640442875
2.861167489342317 1.465030383196731 3.337602450307588
3.441257826050537 1.869425247786446 1.282906499378633
2.638910290357859 1.40526815095261 0.9705067193976289
2.539834096325149 2.969096025438469 1.97444393891423
3.254236730415001 1.377553229739351 3.58631734659851
3.417846991075803 1.725234581337713 3.376448729777138
2.845140490085638 3.655223168465711 1.342929620879675
3.298865560963335 2.579868179209623 3.1906421025147
3.266143971657241 2.373410686465944 3.121846865649956
3.527929681300551 2.228732506562127 2.275585379505217
2.569929771188985 2.037060085950035 1.737102432763392
2.799730626134168 3.418315114393557 0.7817597554094236
2.014448527214818 1.294023231074697 1.312082168698991
3.983477983545614 2.296650483715268 1.279355631580688
4.077209575916445 0.9584431395518459 0.8903370939018683
2.816576555347211 3.052098406344448 3.78241614905629
3.03638711337216 3.207706037059987 3.850687839434315
4.937711444724239 4.134892127899573 2.094392372784351
3.298686891256853 3.497590234415521 2.975401321670667
2.323883790675597 2.885103678125336 1.817900250065363
3.46668959022131 3.209136012866431 1.429432325340451
3.297105340781348 3.132985491718712 1.315979445775504
3.71795812040831 2.511855432795759 1.364884326478816
3.883048920859888 0.824362042125907 1.72236025632585
5.485389721870013 3.829327324902698 2.209397851600039
5.279497217155482 3.230220987221276 2.616623136535654
3.153895098338407 2.93476271437439 1.698087523392864
3.213258163043276 1.987337705753557 1.009355371489011
2.689594023517615 3.505587007629392 2.650959178548558
2.895073829745306 2.593217098120906 3.760703020608087
2.860669040634864 3.776459911068901 2.930515813209619
2.782937828369294 1.043076040310764 1.52481865115197
3.247638037826498 3.192489734911907 3.089318768178289
3.396171888960387 3.413811571343412 3.320343771588129
2.220096579871158 1.665963195898726 2.054193877771419
2.36846854257199 0.7824525806399145 2.406235093478192
2.622750501104543 4.207605612461083 3.148537914722066
3.809130660579418 3.655965979992207 3.715389081066461
3.092982853322455 3.597939722040653 1.482697078595232
3.176547323365269 3.054923838035045 2.024043751810444
2.686300755820159 2.580194888408106 3.712924138636299
2.735094261929643 1.803525571084359 3.445034404582601
3.357634917974356 3.626544106593222 3.071425937273675
3.497332269303088 3.781069553506195 3.197144593667166
3.497443144817407 3.45634995142034 3.051054444015501
3.262057839590106 1.066229530634858 3.496834883237077
2.453542541181108 2.662329924996322 3.571223347154621
2.752142188589881 1.38617056154571 2.549846333541773
3.258642953300825 1.359085345129954 1.618994811743744
2.949891315672689 3.532345743302042 3.66020314602859
3.006483003988557 3.774118474926135 3.887952549246592
3.789866571343889 4.006751966105904 1.019372654483112
3.961690130245747 3.156328043585126 1.331134069840235
2.861405958668382 1.381307794187999 2.834147666969749
3.269126926448819 3.032755462450448 1.79941683250532
2.775824313576746 3.286401525881838 4.278901404176091
3.293097914074152 3.277709146536928 2.346213827255767
2.499067844488389 2.152248354978461 1.258842908861717
2.859946335671845 2.426412195605398 1.418433999648382
2.769543800698661 3.75224812047381 2.531920438261248
2.782101719446751 3.597141308951921 2.555843565352335
2.732886042176626 3.641449538003906 2.403379480620313
2.668403719568709 1.62185455869993 3.42175840271272
2.475678763130204 2.24673349263429 2.141302082526611
2.522334245407 1.679013057326625 3.142363871057306
2.361926465990103 2.467449867510521 4.143778492248273
3.300936854811416 3.170008603597595 3.603832587592497
2.658989403198548 1.082520531129659 2.917595056174486
2.557119224878991 2.494537428735172 3.829996650533698
2.762445679212608 3.712976877647918 3.260712156893363
2.532063763558446 3.168862616244474 2.93339132671825
2.372685941325935 2.323483194605745 3.889699873435174
2.892106099937255 2.939638504876496 3.704259206791654
2.90434334476679 2.848619825822067 3.609089152706872
2.970641919171425 1.233158022625084 3.477494189370141
2.739625132253213 1.53581476123098 1.168441560496996
6.557911354370487 1.771816911367786 2.412205439197487
3.757991777417034 2.857895501812872 3.143905192174852
3.412324430431013 1.269843366386567 3.541889014707404
2.714743916986907 1.263478387988682 1.268653940737769
2.885919431323487 1.051287158187657 1.230109564622673
3.96415231457294 1.029944150508575 1.416651242934475
2.434156959242234 4.208686191481929 2.537398752238996
2.690560602499697 3.873818170419014 3.339020314536939
3.116597259158306 2.119451447154679 3.582687670819407
3.412320632185644 2.257194210362321 3.410266731244271
3.312104085327221 2.939437641263519 2.685481834001715
3.345716488230858 1.575124103053217 3.30093373498933
3.715723744475552 1.59326470580774 3.192964923529196
3.263944995109134 2.193348930550574 2.35227917513927
2.700691700088583 3.038773429737629 4.484873602651674
2.668096543349652 1.680807270158517 1.602670196012921
2.905815393897345 3.292132956009185 1.31992916284761
2.958888584800992 0.8549900930758245 0.8388327388068415
3.262881752452822 1.820180759368398 1.334423675441811
2.85248185046842 1.694546082486688 1.780514111318183
2.761128078730669 1.482778301982841 1.680839253154166
2.518779034315942 3.75274595264596 1.587874124376838
2.318858602427847 3.000370989950953 0.9327889470055091
3.424974188367414 1.161384049319296 1.665137775066679
3.540956955357339 2.662339448742095 1.466630964292671
3.430884493741178 3.026802047587683 1.942958651031279
8.130613234708974 2.523467769530088 3.12241317131178
2.142431770426982 2.236062804190602 1.5551932380774
3.190929976244838 3.785254855366758 3.656075536948627
3.420844044023013 3.769910813001974 3.411727199174334
3.435466337325229 1.450974551862633 3.39111693789616
3.195930236744397 3.29394890007819 2.207673184994
3.535699584413414 0.9175719039202905 1.167907777032509
3.548224317788099 2.765691384133164 1.093252345953732
2.756647794196867 3.623486459798093 3.491731112529709
8.432749668272589 3.006413695785497 2.843783631160347
3.178847582891838 2.981274432369089 1.910040933576525
3.171011307817704 2.647070944658623 2.801170304268024
3.556024984752036 1.748340424943961 3.078411578486101
2.6150576125962 3.302116349501966 2.79951255103942
2.417487410352832 3.132166280330629 3.949355669442745
3.245151283579609 2.90589613746699 2.558229006140212
3.488156559953112 1.423181034029777 2.085651068294041
2.638737784651623 3.04231858602552 3.910758260679301
3.239633376846525 1.637063598752949 3.809850135389112
3.178820829861212 3.195927365295542 1.216349746664851
2.408236581268775 3.175386406540503 1.974530171700069
2.177722214913208 2.795293815664259 1.302566991310455
2.510561435642483 3.567455290588458 1.762990609125596
2.567222285139642 3.309731445054627 1.944796078491612
2.684111335769811 2.353780580057033 3.355731931120734
2.084919723085445 3.988105240720579 3.255896904826809
3.497798946624327 3.592446597667913 3.314644181510041
3.00386058116318 3.674090154071535 2.025624607231356
3.194467902304384 3.637257729918186 1.568582589764795
3.221234956527333 3.454451638074198 1.473124453203313
2.851923343131141 3.693950987841596 1.875444641804491
3.437984044606072 3.334845615470292 2.147968460516011
3.401739698827574 1.256067995299192 1.285259935046213
3.421066960903374 3.201110895632399 1.178191516326777
3.144189502275718 3.068579417260378 1.735489810386455
2.858706176111454 2.972473536447285 1.348393597228918
2.38070134951907 3.423029579278229 1.89063912547362
2.736000570349711 3.012698225019721 1.470033056653816
2.782780570421731 1.425082714442283 3.489471896590794
2.794303030523551 1.367885541802071 1.60341676056916
3.218964301811466 1.482328410360586 1.489121110830844
2.97796646622423 1.401349503200539 3.723974388683234
3.056841222627469 1.37601945302486 1.065522929582631
3.499575663526919 1.081996990394605 2.001227208444261
3.573257913498914 1.435016645936953 1.423478799508252
2.605567627888808 1.913776076596033 1.093682331686683
3.128299338959031 3.358512091923342 1.419216208353281
$EndNodes
$Elements
13 22990 1 22990
2 7 2 684
1 521 542 546 
2 424 521 546 
3 482 515 553 
4 515 277 553 
5 273 420 421 
6 285 425 518 
7 273 421 552 
8 295 431 510 
9 406 519 523 
10 425 285 549 
11 282 429 468 
12 541 514 545 
13 295 510 554 
14 545 514 567 
15 406 523 551 
16 528 422 553 
17 274 418 536 
18 429 282 555 
19 290 426 429 
20 525 281 532 
21 518 425 546 
22 50 512 558 
23 421 422 528 
24 512 50 556 
25 277 528 553 
26 461 537 539 
27 415 283 568 
28 519 406 548 
29 496 279 538 
30 537 291 539 
31 525 532 565 
32 426 290 510 
33 441 533 535 
34 283 415 577 
35 515 482 549 
36 418 274 572 
37 472 275 566 
38 533 280 535 
39 542 296 546 
40 279 496 575 
41 430 431 520 
42 489 71 550 
43 431 295 540 
44 71 489 576 
45 420 273 548 
46 430 287 513 
47 543 293 545 
48 432 529 530 
49 297 298 513 
50 441 440 531 
51 433 327 450 
52 428 433 450 
53 300 327 433 
54 434 327 443 
55 301 299 432 
56 327 434 450 
57 327 302 443 
58 435 391 438 
59 328 305 435 
60 405 408 450 
61 328 435 436 
62 305 303 435 
63 434 405 450 
64 408 428 450 
65 443 321 505 
66 328 436 437 
67 436 435 438 
68 434 443 505 
69 304 321 443 
70 309 307 446 
71 436 438 439 
72 317 309 446 
73 307 328 446 
74 328 437 446 
75 503 404 505 
76 437 506 507 
77 446 437 507 
78 502 470 504 
79 310 313 445 
80 384 444 504 
81 439 438 440 
82 442 308 445 
83 444 503 505 
84 308 310 445 
85 306 308 442 
86 444 384 503 
87 445 313 502 
88 445 502 504 
89 444 442 504 
90 439 440 441 
91 404 434 505 
92 470 384 504 
93 414 465 495 
94 465 359 495 
95 399 490 501 
96 451 499 500 
97 372 447 490 
98 490 447 501 
99 447 372 499 
100 373 449 452 
101 499 372 500 
102 451 449 499 
103 465 399 501 
104 449 448 452 
105 359 465 501 
106 449 373 499 
107 315 312 448 
108 315 448 449 
109 312 311 448 
110 451 401 459 
111 315 449 451 
112 315 451 459 
113 401 451 500 
114 373 447 499 
115 331 337 452 
116 337 373 452 
117 329 331 452 
118 350 401 500 
119 314 315 459 
120 454 398 456 
121 398 454 487 
122 454 453 487 
123 357 336 453 
124 459 401 483 
125 357 453 454 
126 336 332 453 
127 318 459 483 
128 462 358 466 
129 357 454 455 
130 471 463 472 
131 335 346 487 
132 469 323 484 
133 357 455 494 
134 358 462 471 
135 462 463 471 
136 346 368 487 
137 455 458 494 
138 323 469 470 
139 359 494 495 
140 365 366 460 
141 416 466 476 
142 416 462 466 
143 403 402 468 
144 388 471 472 
145 324 338 486 
146 407 403 468 
147 348 325 483 
148 371 482 491 
149 393 416 476 
150 419 473 480 
151 358 471 493 
152 369 400 412 
153 377 420 467 
154 338 385 486 
155 368 398 487 
156 380 384 470 
157 409 386 488 
158 388 472 488 
159 343 336 357 
160 475 371 491 
161 455 454 456 
162 351 353 466 
163 385 485 486 
164 400 399 465 
165 413 400 414 
166 322 326 333 
167 347 341 361 
168 401 348 483 
169 385 387 485 
170 494 458 495 
171 478 477 479 
172 387 480 485 
173 365 345 366 
174 393 415 416 
175 387 419 480 
176 373 344 447 
177 396 365 460 
178 368 395 397 
179 471 388 493 
180 409 488 489 
181 320 318 483 
182 338 325 339 
183 340 347 475 
184 351 352 353 
185 353 354 355 
186 355 356 360 
187 399 356 490 
188 363 360 370 
189 360 369 492 
190 392 370 394 
191 376 375 377 
192 405 403 407 
193 408 407 426 
194 325 320 483 
195 339 325 348 
196 340 341 347 
197 342 340 475 
198 375 342 474 
199 474 342 475 
200 349 358 493 
201 351 350 352 
202 353 352 354 
203 355 354 356 
204 360 356 369 
205 370 360 492 
206 363 392 393 
207 364 389 390 
208 369 399 400 
209 394 370 410 
210 374 375 376 
211 469 380 470 
212 383 403 404 
213 385 386 387 
214 387 409 419 
215 473 389 480 
216 412 400 413 
217 408 427 428 
218 410 492 496 
219 333 374 484 
220 374 376 469 
221 413 414 418 
222 323 319 484 
223 347 364 371 
224 347 371 475 
225 354 352 372 
226 364 361 389 
227 376 377 378 
228 380 378 381 
229 421 379 422 
230 406 382 467 
231 383 402 403 
232 339 348 349 
233 374 342 375 
234 374 469 484 
235 376 380 469 
236 377 379 420 
237 414 400 465 
238 404 403 405 
239 335 334 345 
240 355 360 363 
241 367 365 396 
242 368 397 398 
243 344 343 359 
244 466 353 476 
245 335 345 346 
246 346 365 367 
247 368 367 395 
248 453 335 487 
249 364 390 481 
250 367 396 477 
251 386 388 488 
252 423 389 473 
253 390 425 481 
254 395 477 478 
255 430 427 431 
256 322 333 484 
257 379 375 474 
258 455 456 457 
259 416 415 417 
260 462 417 463 
261 324 320 325 
262 341 326 486 
263 333 340 342 
264 338 362 385 
265 347 361 364 
266 349 350 351 
267 355 363 476 
268 480 361 485 
269 388 362 493 
270 371 364 481 
271 371 481 482 
272 378 377 467 
273 383 382 402 
274 390 389 423 
275 390 423 424 
276 393 411 415 
277 405 407 408 
278 429 407 468 
279 492 412 496 
280 455 457 458 
281 339 349 493 
282 359 343 494 
283 356 354 490 
284 369 356 399 
285 363 370 392 
286 395 367 477 
287 381 378 382 
288 422 379 474 
289 387 386 409 
290 396 460 461 
291 408 426 427 
292 337 336 343 
293 343 357 494 
294 363 393 476 
295 428 427 430 
296 390 424 425 
297 346 345 365 
298 463 417 464 
299 389 361 480 
300 393 392 411 
301 381 382 383 
302 319 318 320 
303 322 320 324 
304 324 325 338 
305 340 326 341 
306 332 335 453 
307 333 342 374 
308 338 339 362 
309 350 348 401 
310 349 351 358 
311 353 355 476 
312 385 362 386 
313 369 412 492 
314 410 370 492 
315 319 320 322 
316 322 324 326 
317 333 326 340 
318 485 341 486 
319 349 348 350 
320 358 351 466 
321 354 372 490 
322 377 375 379 
323 376 378 380 
324 382 378 467 
325 420 379 421 
326 380 381 384 
327 402 382 406 
328 404 405 434 
329 426 407 429 
330 422 474 491 
331 474 475 491 
332 362 339 493 
333 361 341 485 
334 331 336 337 
335 337 343 344 
336 346 367 368 
337 332 334 335 
338 319 322 484 
339 386 362 388 
340 326 324 486 
341 416 417 462 
342 337 344 373 
343 316 319 323 
344 497 394 498 
345 411 392 497 
346 392 394 497 
347 331 332 336 
348 318 314 459 
349 316 318 319 
350 332 330 334 
351 316 314 318 
352 331 330 332 
353 314 312 315 
354 313 314 316 
355 448 329 452 
356 329 330 331 
357 352 350 500 
358 329 317 330 
359 311 329 448 
360 313 312 314 
361 372 352 500 
362 310 312 313 
363 311 317 329 
364 311 309 317 
365 310 311 312 
366 344 359 501 
367 310 309 311 
368 447 344 501 
369 308 309 310 
370 321 442 444 
371 308 307 309 
372 313 316 502 
373 323 470 502 
374 307 305 328 
375 306 307 308 
376 321 306 442 
377 316 323 502 
378 383 404 503 
379 384 381 503 
380 306 305 307 
381 304 306 321 
382 442 445 504 
383 381 383 503 
384 366 345 506 
385 321 444 505 
386 317 446 507 
387 304 305 306 
388 330 317 507 
389 345 334 506 
390 506 334 507 
391 334 330 507 
392 391 301 432 
393 302 304 443 
394 304 303 305 
395 303 391 435 
396 437 436 508 
397 436 439 508 
398 366 506 508 
399 506 437 508 
400 302 303 304 
401 303 301 391 
402 460 366 509 
403 366 508 509 
404 508 439 509 
405 439 441 509 
406 300 302 327 
407 302 301 303 
408 300 301 302 
409 298 300 433 
410 300 299 301 
411 529 276 530 
412 517 457 524 
413 427 426 510 
414 298 299 300 
415 287 430 520 
416 298 433 513 
417 431 427 510 
418 394 410 511 
419 291 479 539 
420 428 430 513 
421 498 511 512 
422 287 297 513 
423 298 278 299 
424 498 394 511 
425 433 428 513 
426 280 461 535 
427 276 440 530 
428 74 547 581 
429 432 299 522 
430 275 472 573 
431 45 46 291 
432 47 48 293 
433 29 30 290 
434 78 77 289 
435 37 38 278 
436 54 53 279 
437 31 32 295 
438 21 22 277 
439 70 69 284 
440 17 18 296 
441 36 37 297 
442 52 51 288 
443 68 67 286 
444 63 62 514 
445 18 19 518 
446 67 66 521 
447 62 61 292 
448 19 20 285 
449 34 35 520 
450 35 36 287 
451 24 25 273 
452 27 28 282 
453 40 41 276 
454 43 44 280 
455 57 56 274 
456 60 59 281 
457 73 72 275 
458 76 75 283 
459 20 21 515 
460 58 57 517 
461 26 27 523 
462 80 79 294 
463 38 39 522 
464 69 68 516 
465 59 58 524 
466 25 26 519 
467 61 60 525 
468 77 76 526 
469 79 78 527 
470 441 531 533 
471 520 431 540 
472 391 432 530 
473 440 438 530 
474 479 543 545 
475 456 398 532 
476 297 278 298 
477 22 23 528 
478 39 40 529 
479 479 291 543 
480 62 292 514 
481 519 26 523 
482 296 18 518 
483 286 67 521 
484 21 277 515 
485 35 287 520 
486 37 278 297 
487 284 69 516 
488 285 20 515 
489 19 285 518 
490 68 286 516 
491 78 289 527 
492 278 38 522 
493 273 25 519 
494 57 274 517 
495 58 517 524 
496 60 281 525 
497 76 283 526 
498 287 36 297 
499 27 282 523 
500 292 61 525 
501 281 59 524 
502 289 77 526 
503 294 79 527 
504 299 278 522 
505 397 395 534 
506 461 460 535 
507 509 441 535 
508 495 458 536 
509 418 414 536 
510 432 522 529 
511 461 280 537 
512 277 22 528 
513 440 276 531 
514 40 276 529 
515 522 39 529 
516 438 391 530 
517 479 477 539 
518 396 461 539 
519 398 397 532 
520 547 464 581 
521 276 41 531 
522 282 468 551 
523 66 65 542 
524 33 34 540 
525 64 63 541 
526 41 42 531 
527 43 280 533 
528 290 429 555 
529 42 43 533 
530 280 44 537 
531 45 291 537 
532 279 53 538 
533 52 288 538 
534 395 478 534 
535 460 509 535 
536 414 495 536 
537 291 46 543 
538 47 293 543 
539 531 42 533 
540 54 279 544 
541 293 541 545 
542 556 294 578 
543 44 45 537 
544 74 73 547 
545 481 425 549 
546 413 418 544 
547 457 517 559 
548 477 396 539 
549 402 406 551 
550 53 52 538 
551 491 482 553 
552 532 397 565 
553 71 70 550 
554 285 515 549 
555 46 47 543 
556 55 54 544 
557 406 467 548 
558 34 520 540 
559 521 66 542 
560 63 514 541 
561 458 457 559 
562 511 410 564 
563 496 412 575 
564 463 464 573 
565 288 511 564 
566 409 489 570 
567 417 415 568 
568 488 472 566 
569 478 479 545 
570 521 424 569 
571 51 50 558 
572 24 273 552 
573 32 1 560 
574 2 17 562 
575 65 2 562 
576 1 33 560 
577 48 3 561 
578 3 64 561 
579 528 23 552 
580 49 4 563 
581 4 80 563 
582 510 290 554 
583 290 30 554 
584 31 295 554 
585 282 28 555 
586 29 290 555 
587 425 424 546 
588 283 75 581 
589 275 72 576 
590 274 56 572 
591 457 456 557 
592 421 528 552 
593 524 457 557 
594 578 527 579 
595 514 292 567 
596 512 511 558 
597 511 288 558 
598 294 527 578 
599 579 289 580 
600 467 420 548 
601 292 534 567 
602 523 282 551 
603 296 518 546 
604 544 279 575 
605 527 289 579 
606 464 547 573 
607 526 577 580 
608 568 283 581 
609 489 550 570 
610 544 418 572 
611 73 275 547 
612 289 526 580 
613 55 544 572 
614 478 545 567 
615 273 519 548 
616 512 556 578 
617 294 556 563 
618 566 275 576 
619 482 481 549 
620 526 283 577 
621 468 402 551 
622 413 544 575 
623 70 284 550 
624 23 24 552 
625 292 525 565 
626 456 532 557 
627 422 491 553 
628 536 458 559 
629 30 31 554 
630 28 29 555 
631 534 292 565 
632 50 49 556 
633 570 284 574 
634 516 571 574 
635 532 281 557 
636 542 65 562 
637 33 540 560 
638 64 541 561 
639 286 569 571 
640 538 288 564 
641 410 496 564 
642 397 534 565 
643 288 51 558 
644 489 488 566 
645 281 524 557 
646 80 294 563 
647 517 274 559 
648 293 48 561 
649 17 296 562 
650 295 32 560 
651 284 516 574 
652 464 417 568 
653 424 423 569 
654 569 423 571 
655 419 409 570 
656 423 473 571 
657 419 570 574 
658 571 473 574 
659 472 463 573 
660 473 419 574 
661 412 413 575 
662 415 411 577 
663 577 411 580 
664 497 498 579 
665 497 579 580 
666 411 497 580 
667 498 578 579 
668 498 512 578 
669 516 286 571 
670 274 536 559 
671 56 55 572 
672 286 521 569 
673 72 71 576 
674 75 74 581 
675 496 538 564 
676 541 293 561 
677 540 295 560 
678 296 542 562 
679 547 275 573 
680 534 478 567 
681 550 284 570 
682 464 568 581 
683 556 49 563 
684 489 566 576 
2 8 2 684
685 830 855 851 
686 733 855 830 
687 791 862 824 
688 824 862 586 
689 582 730 729 
690 594 827 734 
691 582 861 730 
692 604 819 740 
693 715 832 828 
694 734 858 594 
695 591 777 738 
696 850 854 823 
697 604 863 819 
698 854 876 823 
699 715 860 832 
700 837 862 731 
701 583 845 727 
702 738 864 591 
703 599 738 735 
704 834 841 590 
705 827 855 734 
706 114 867 821 
707 730 837 731 
708 821 865 114 
709 586 862 837 
710 770 848 846 
711 724 877 592 
712 828 857 715 
713 805 847 588 
714 846 848 600 
715 834 874 841 
716 735 819 599 
717 750 844 842 
718 592 886 724 
719 824 858 791 
720 727 881 583 
721 781 875 584 
722 842 844 589 
723 851 855 605 
724 588 884 805 
725 739 829 740 
726 798 859 135 
727 740 849 604 
728 135 885 798 
729 729 857 582 
730 739 822 596 
731 852 854 602 
732 741 839 838 
733 606 822 607 
734 750 840 749 
735 742 759 636 
736 737 759 742 
737 609 742 636 
738 743 752 636 
739 610 741 608 
740 636 759 743 
741 636 752 611 
742 744 747 700 
743 637 744 614 
744 714 759 717 
745 637 745 744 
746 614 744 612 
747 743 759 714 
748 717 759 737 
749 752 814 630 
750 637 746 745 
751 745 747 744 
752 743 814 752 
753 613 752 630 
754 618 755 616 
755 745 748 747 
756 626 755 618 
757 616 755 637 
758 637 755 746 
759 812 814 713 
760 746 816 815 
761 755 816 746 
762 811 813 779 
763 619 754 622 
764 693 813 753 
765 748 749 747 
766 751 754 617 
767 753 814 812 
768 617 754 619 
769 615 751 617 
770 753 812 693 
771 754 811 622 
772 754 813 811 
773 753 813 751 
774 748 750 749 
775 713 814 743 
776 779 813 693 
777 723 804 774 
778 774 804 668 
779 708 810 799 
780 760 809 808 
781 681 799 756 
782 799 810 756 
783 756 808 681 
784 682 761 758 
785 808 809 681 
786 760 808 758 
787 774 810 708 
788 758 761 757 
789 668 810 774 
790 758 808 682 
791 624 757 621 
792 624 758 757 
793 621 757 620 
794 760 768 710 
795 624 760 758 
796 624 768 760 
797 710 809 760 
798 682 808 756 
799 640 761 646 
800 646 761 682 
801 638 761 640 
802 659 809 710 
803 623 768 624 
804 763 765 707 
805 707 796 763 
806 763 796 762 
807 666 762 645 
808 768 792 710 
809 666 763 762 
810 645 762 641 
811 627 792 768 
812 771 775 667 
813 666 764 763 
814 780 781 772 
815 644 796 655 
816 778 793 632 
817 666 803 764 
818 667 780 771 
819 771 780 772 
820 655 796 677 
821 764 803 767 
822 632 779 778 
823 668 804 803 
824 674 769 675 
825 725 785 775 
826 725 775 771 
827 712 777 711 
828 697 781 780 
829 633 795 647 
830 716 777 712 
831 657 792 634 
832 680 800 791 
833 702 785 725 
834 728 789 782 
835 667 802 780 
836 678 721 709 
837 686 776 729 
838 647 795 694 
839 677 796 707 
840 689 779 693 
841 718 797 695 
842 697 797 781 
843 652 666 645 
844 784 800 680 
845 764 765 763 
846 660 775 662 
847 694 795 794 
848 709 774 708 
849 722 723 709 
850 631 642 635 
851 656 670 650 
852 710 792 657 
853 694 794 696 
854 803 804 767 
855 787 788 786 
856 696 794 789 
857 674 675 654 
858 702 725 724 
859 696 789 728 
860 682 756 653 
861 705 769 674 
862 677 706 704 
863 780 802 697 
864 718 798 797 
865 629 792 627 
866 647 648 634 
867 649 784 656 
868 660 662 661 
869 662 664 663 
870 664 669 665 
871 708 799 665 
872 672 679 669 
873 669 801 678 
874 701 703 679 
875 685 686 684 
876 714 716 712 
877 717 735 716 
878 634 792 629 
879 648 657 634 
880 649 656 650 
881 651 784 649 
882 684 783 651 
883 783 784 651 
884 658 802 667 
885 660 661 659 
886 662 663 661 
887 664 665 663 
888 669 678 665 
889 679 801 669 
890 672 702 701 
891 673 699 698 
892 678 709 708 
893 703 719 679 
894 683 685 684 
895 778 779 689 
896 692 713 712 
897 694 696 695 
898 696 728 718 
899 782 789 698 
900 721 722 709 
901 717 737 736 
902 719 805 801 
903 642 793 683 
904 683 778 685 
905 722 727 723 
906 632 793 628 
907 656 680 673 
908 656 784 680 
909 663 681 661 
910 673 698 670 
911 685 687 686 
912 689 690 687 
913 730 731 688 
914 715 776 691 
915 692 712 711 
916 648 658 657 
917 683 684 651 
918 683 793 778 
919 685 778 689 
920 686 729 688 
921 723 774 709 
922 713 714 712 
923 644 654 643 
924 664 672 669 
925 676 705 674 
926 677 707 706 
927 653 668 652 
928 775 785 662 
929 644 655 654 
930 655 676 674 
931 677 704 676 
932 762 796 644 
933 673 790 699 
934 676 786 705 
935 695 797 697 
936 732 782 698 
937 699 790 734 
938 704 787 786 
939 739 740 736 
940 631 793 642 
941 688 783 684 
942 764 766 765 
943 725 726 724 
944 771 772 726 
945 633 634 629 
946 650 795 635 
947 642 651 649 
948 647 694 671 
949 656 673 670 
950 658 660 659 
951 664 785 672 
952 789 794 670 
953 697 802 671 
954 680 790 673 
955 680 791 790 
956 687 776 686 
957 692 711 691 
958 699 732 698 
959 699 733 732 
960 702 724 720 
961 714 717 716 
962 738 777 716 
963 801 805 721 
964 764 767 766 
965 648 802 658 
966 668 803 652 
967 665 799 663 
968 678 708 665 
969 672 701 679 
970 704 786 676 
971 690 691 687 
972 731 783 688 
973 696 718 695 
974 705 770 769 
975 717 736 735 
976 646 652 645 
977 652 803 666 
978 672 785 702 
979 737 739 736 
980 699 734 733 
981 655 674 654 
982 772 773 726 
983 698 789 670 
984 702 720 701 
985 690 692 691 
986 628 629 627 
987 631 633 629 
988 633 647 634 
989 649 650 635 
990 641 762 644 
991 642 683 651 
992 647 671 648 
993 659 710 657 
994 658 667 660 
995 662 785 664 
996 694 695 671 
997 678 801 721 
998 719 801 679 
999 628 631 629 
1000 631 635 633 
1001 642 649 635 
1002 794 795 650 
1003 658 659 657 
1004 667 775 660 
1005 663 799 681 
1006 686 688 684 
1007 685 689 687 
1008 691 776 687 
1009 729 730 688 
1010 689 693 690 
1011 711 715 691 
1012 713 743 714 
1013 735 738 716 
1014 731 800 783 
1015 783 800 784 
1016 671 802 648 
1017 670 794 650 
1018 640 646 645 
1019 646 653 652 
1020 655 677 676 
1021 641 644 643 
1022 628 793 631 
1023 695 697 671 
1024 635 795 633 
1025 725 771 726 
1026 646 682 653 
1027 625 632 628 
1028 806 807 703 
1029 720 806 701 
1030 701 806 703 
1031 640 645 641 
1032 627 768 623 
1033 625 628 627 
1034 641 643 639 
1035 625 627 623 
1036 640 641 639 
1037 623 624 621 
1038 622 625 623 
1039 757 761 638 
1040 638 640 639 
1041 661 809 659 
1042 638 639 626 
1043 620 757 638 
1044 622 623 621 
1045 681 809 661 
1046 619 622 621 
1047 620 638 626 
1048 620 626 618 
1049 619 621 620 
1050 653 810 668 
1051 619 620 618 
1052 756 810 653 
1053 617 619 618 
1054 630 753 751 
1055 617 618 616 
1056 622 811 625 
1057 632 811 779 
1058 616 637 614 
1059 615 617 616 
1060 630 751 615 
1061 625 811 632 
1062 692 812 713 
1063 693 812 690 
1064 615 616 614 
1065 613 630 615 
1066 751 813 754 
1067 690 812 692 
1068 675 815 654 
1069 630 814 753 
1070 626 816 755 
1071 613 615 614 
1072 639 816 626 
1073 654 815 643 
1074 815 816 643 
1075 643 816 639 
1076 700 741 610 
1077 611 752 613 
1078 613 614 612 
1079 612 744 700 
1080 746 817 745 
1081 745 817 748 
1082 675 817 815 
1083 815 817 746 
1084 611 613 612 
1085 612 700 610 
1086 769 818 675 
1087 675 818 817 
1088 817 818 748 
1089 748 818 750 
1090 609 636 611 
1091 611 612 610 
1092 609 611 610 
1093 607 742 609 
1094 609 610 608 
1095 838 839 585 
1096 826 833 766 
1097 736 819 735 
1098 607 609 608 
1099 596 829 739 
1100 607 822 742 
1101 740 819 736 
1102 703 820 719 
1103 600 848 788 
1104 737 822 739 
1105 807 821 820 
1106 596 822 606 
1107 607 608 587 
1108 807 820 703 
1109 742 822 737 
1110 589 844 770 
1111 585 839 749 
1112 138 890 856 
1113 741 831 608 
1114 584 882 781 
1115 109 600 110 
1116 111 602 112 
1117 93 599 94 
1118 142 598 141 
1119 101 587 102 
1120 118 588 117 
1121 95 604 96 
1122 85 586 86 
1123 134 593 133 
1124 81 605 82 
1125 100 606 101 
1126 116 597 115 
1127 132 595 131 
1128 127 823 126 
1129 82 827 83 
1130 131 830 130 
1131 126 601 125 
1132 83 594 84 
1133 98 829 99 
1134 99 596 100 
1135 88 582 89 
1136 91 591 92 
1137 104 585 105 
1138 107 589 108 
1139 121 583 120 
1140 124 590 123 
1141 137 584 136 
1142 140 592 139 
1143 84 824 85 
1144 122 826 121 
1145 90 832 91 
1146 144 603 143 
1147 102 831 103 
1148 133 825 132 
1149 123 833 122 
1150 89 828 90 
1151 125 834 124 
1152 141 835 140 
1153 143 836 142 
1154 750 842 840 
1155 829 849 740 
1156 700 839 741 
1157 749 839 747 
1158 788 854 852 
1159 765 841 707 
1160 606 607 587 
1161 86 837 87 
1162 103 838 104 
1163 788 852 600 
1164 126 823 601 
1165 828 832 90 
1166 605 827 82 
1167 595 830 131 
1168 85 824 586 
1169 99 829 596 
1170 101 606 587 
1171 593 825 133 
1172 594 824 84 
1173 83 827 594 
1174 132 825 595 
1175 142 836 598 
1176 587 831 102 
1177 582 828 89 
1178 121 826 583 
1179 122 833 826 
1180 124 834 590 
1181 140 835 592 
1182 596 606 100 
1183 91 832 591 
1184 601 834 125 
1185 590 833 123 
1186 598 835 141 
1187 603 836 143 
1188 608 831 587 
1189 706 843 704 
1190 770 844 769 
1191 818 844 750 
1192 804 845 767 
1193 727 845 723 
1194 741 838 831 
1195 770 846 589 
1196 586 837 86 
1197 749 840 585 
1198 104 838 585 
1199 831 838 103 
1200 747 839 700 
1201 788 848 786 
1202 705 848 770 
1203 707 841 706 
1204 856 890 773 
1205 585 840 105 
1206 591 860 777 
1207 130 851 129 
1208 97 849 98 
1209 128 850 127 
1210 105 840 106 
1211 107 842 589 
1212 599 864 738 
1213 106 842 107 
1214 589 846 108 
1215 109 846 600 
1216 588 847 117 
1217 116 847 597 
1218 704 843 787 
1219 769 844 818 
1220 723 845 804 
1221 600 852 110 
1222 111 852 602 
1223 840 842 106 
1224 118 853 588 
1225 602 854 850 
1226 865 887 603 
1227 108 846 109 
1228 138 856 137 
1229 790 858 734 
1230 722 853 727 
1231 766 868 826 
1232 786 848 705 
1233 711 860 715 
1234 117 847 116 
1235 800 862 791 
1236 841 874 706 
1237 135 859 134 
1238 594 858 824 
1239 110 852 111 
1240 119 853 118 
1241 715 857 776 
1242 98 849 829 
1243 830 851 130 
1244 127 850 823 
1245 767 868 766 
1246 820 873 719 
1247 805 884 721 
1248 772 882 773 
1249 597 873 820 
1250 718 879 798 
1251 726 877 724 
1252 797 875 781 
1253 787 854 788 
1254 830 878 733 
1255 115 867 114 
1256 88 861 582 
1257 96 869 5 
1258 6 871 81 
1259 129 871 6 
1260 5 869 97 
1261 112 870 7 
1262 7 870 128 
1263 837 861 87 
1264 113 872 8 
1265 8 872 144 
1266 819 863 599 
1267 599 863 94 
1268 95 863 604 
1269 591 864 92 
1270 93 864 599 
1271 734 855 733 
1272 592 890 139 
1273 584 885 136 
1274 583 881 120 
1275 766 866 765 
1276 730 861 837 
1277 833 866 766 
1278 887 888 836 
1279 823 876 601 
1280 821 867 820 
1281 820 867 597 
1282 603 887 836 
1283 888 889 598 
1284 776 857 729 
1285 601 876 843 
1286 832 860 591 
1287 605 855 827 
1288 853 884 588 
1289 836 888 598 
1290 773 882 856 
1291 835 889 886 
1292 877 890 592 
1293 798 879 859 
1294 853 881 727 
1295 137 856 584 
1296 598 889 835 
1297 119 881 853 
1298 787 876 854 
1299 582 857 828 
1300 821 887 865 
1301 603 872 865 
1302 875 885 584 
1303 791 858 790 
1304 835 886 592 
1305 777 860 711 
1306 722 884 853 
1307 134 859 593 
1308 87 861 88 
1309 601 874 834 
1310 765 866 841 
1311 731 862 800 
1312 845 868 767 
1313 94 863 95 
1314 92 864 93 
1315 843 874 601 
1316 114 865 113 
1317 879 883 593 
1318 825 883 880 
1319 841 866 590 
1320 851 871 129 
1321 97 869 849 
1322 128 870 850 
1323 595 880 878 
1324 847 873 597 
1325 719 873 805 
1326 706 874 843 
1327 597 867 115 
1328 798 875 797 
1329 590 866 833 
1330 144 872 603 
1331 826 868 583 
1332 602 870 112 
1333 81 871 605 
1334 604 869 96 
1335 593 883 825 
1336 773 877 726 
1337 733 878 732 
1338 878 880 732 
1339 728 879 718 
1340 732 880 782 
1341 728 883 879 
1342 880 883 782 
1343 781 882 772 
1344 782 883 728 
1345 721 884 722 
1346 724 886 720 
1347 886 889 720 
1348 806 888 807 
1349 806 889 888 
1350 720 889 806 
1351 807 888 887 
1352 807 887 821 
1353 825 880 595 
1354 583 868 845 
1355 120 881 119 
1356 595 878 830 
1357 136 885 135 
1358 139 890 138 
1359 805 873 847 
1360 850 870 602 
1361 849 869 604 
1362 605 871 851 
1363 856 882 584 
1364 843 876 787 
1365 859 879 593 
1366 773 890 877 
1367 865 872 113 
1368 798 885 875 
2 9 2 68
1369 1 32 891 
1370 96 5 891 
1371 22 21 893 
1372 23 22 894 
1373 24 23 895 
1374 26 25 896 
1375 84 85 892 
1376 85 86 893 
1377 86 87 894 
1378 87 88 895 
1379 93 94 897 
1380 17 2 899 
1381 6 81 899 
1382 18 17 900 
1383 19 18 901 
1384 20 19 902 
1385 81 82 900 
1386 82 83 901 
1387 83 84 902 
1388 95 96 898 
1389 21 20 892 
1390 30 29 897 
1391 89 90 896 
1392 25 24 903 
1393 27 26 904 
1394 28 27 905 
1395 29 28 906 
1396 88 89 903 
1397 90 91 904 
1398 91 92 905 
1399 92 93 906 
1400 32 31 898 
1401 31 30 907 
1402 94 95 907 
1403 94 30 897 
1404 5 1 891 
1405 21 85 893 
1406 24 88 903 
1407 28 92 906 
1408 30 94 907 
1409 96 32 898 
1410 2 6 899 
1411 81 17 899 
1412 17 81 900 
1413 82 18 900 
1414 18 82 901 
1415 83 19 901 
1416 19 83 902 
1417 84 20 902 
1418 85 21 892 
1419 22 86 894 
1420 87 23 894 
1421 23 87 895 
1422 88 24 895 
1423 90 26 896 
1424 26 90 904 
1425 20 84 892 
1426 86 22 893 
1427 25 89 896 
1428 91 27 904 
1429 27 91 905 
1430 92 28 905 
1431 31 95 898 
1432 32 96 891 
1433 89 25 903 
1434 93 29 906 
1435 29 93 897 
1436 95 31 907 
2 10 2 68
1437 3 908 64 
1438 128 908 7 
1439 54 910 53 
1440 55 911 54 
1441 56 912 55 
1442 58 913 57 
1443 116 909 117 
1444 117 910 118 
1445 118 911 119 
1446 119 912 120 
1447 125 914 126 
1448 49 916 4 
1449 8 916 113 
1450 50 917 49 
1451 51 918 50 
1452 52 919 51 
1453 113 917 114 
1454 114 918 115 
1455 115 919 116 
1456 127 915 128 
1457 53 909 52 
1458 62 914 61 
1459 121 913 122 
1460 57 920 56 
1461 59 921 58 
1462 60 922 59 
1463 61 923 60 
1464 120 920 121 
1465 122 921 123 
1466 123 922 124 
1467 124 923 125 
1468 64 915 63 
1469 63 924 62 
1470 126 924 127 
1471 126 914 62 
1472 7 908 3 
1473 53 910 117 
1474 56 920 120 
1475 60 923 124 
1476 62 924 126 
1477 128 915 64 
1478 4 916 8 
1479 113 916 49 
1480 49 917 113 
1481 114 917 50 
1482 50 918 114 
1483 115 918 51 
1484 51 919 115 
1485 116 919 52 
1486 117 909 53 
1487 54 911 118 
1488 119 911 55 
1489 55 912 119 
1490 120 912 56 
1491 122 913 58 
1492 58 921 122 
1493 52 909 116 
1494 118 910 54 
1495 57 913 121 
1496 123 921 59 
1497 59 922 123 
1498 124 922 60 
1499 63 915 127 
1500 64 908 128 
1501 121 920 57 
1502 125 923 61 
1503 61 914 125 
1504 127 924 63 
2 11 2 68
1505 80 4 925 
1506 8 144 925 
1507 68 69 926 
1508 69 70 927 
1509 70 71 928 
1510 71 72 929 
1511 77 78 931 
1512 79 80 932 
1513 134 133 927 
1514 135 134 928 
1515 136 135 929 
1516 138 137 930 
1517 2 65 933 
1518 129 6 933 
1519 65 66 934 
1520 66 67 935 
1521 67 68 936 
1522 130 129 934 
1523 131 130 935 
1524 132 131 936 
1525 73 74 930 
1526 133 132 926 
1527 142 141 931 
1528 144 143 932 
1529 72 73 937 
1530 74 75 938 
1531 75 76 939 
1532 76 77 940 
1533 137 136 937 
1534 139 138 938 
1535 140 139 939 
1536 141 140 940 
1537 78 79 941 
1538 143 142 941 
1539 78 142 931 
1540 142 78 941 
1541 133 69 927 
1542 136 72 937 
1543 140 76 940 
1544 80 144 932 
1545 6 2 933 
1546 4 8 925 
1547 65 129 933 
1548 129 65 934 
1549 66 130 934 
1550 130 66 935 
1551 131 67 936 
1552 68 132 936 
1553 69 133 926 
1554 134 70 928 
1555 71 135 928 
1556 135 71 929 
1557 72 136 929 
1558 74 138 930 
1559 138 74 938 
1560 144 80 925 
1561 67 131 935 
1562 132 68 926 
1563 70 134 927 
1564 137 73 930 
1565 75 139 938 
1566 139 75 939 
1567 76 140 939 
1568 143 79 932 
1569 73 137 937 
1570 77 141 940 
1571 141 77 931 
1572 79 143 941 
2 12 2 68
1573 48 942 3 
1574 7 942 112 
1575 36 943 37 
1576 37 944 38 
1577 38 945 39 
1578 39 946 40 
1579 45 948 46 
1580 47 949 48 
1581 102 944 101 
1582 103 945 102 
1583 104 946 103 
1584 106 947 105 
1585 1 950 33 
1586 97 950 5 
1587 33 951 34 
1588 34 952 35 
1589 35 953 36 
1590 98 951 97 
1591 99 952 98 
1592 100 953 99 
1593 41 947 42 
1594 101 943 100 
1595 110 948 109 
1596 112 949 111 
1597 40 954 41 
1598 42 955 43 
1599 43 956 44 
1600 44 957 45 
1601 105 954 104 
1602 107 955 106 
1603 108 956 107 
1604 109 957 108 
1605 46 958 47 
1606 111 958 110 
1607 46 948 110 
1608 110 958 46 
1609 101 944 37 
1610 104 954 40 
1611 108 957 44 
1612 48 949 112 
1613 5 950 1 
1614 3 942 7 
1615 33 950 97 
1616 97 951 33 
1617 34 951 98 
1618 98 952 34 
1619 35 952 99 
1620 99 953 35 
1621 36 953 100 
1622 37 943 101 
1623 102 945 38 
1624 39 945 103 
1625 103 946 39 
1626 40 946 104 
1627 42 947 106 
1628 106 955 42 
1629 112 942 48 
1630 100 943 36 
1631 38 944 102 
1632 105 947 41 
1633 43 955 107 
1634 107 956 43 
1635 44 956 108 
1636 111 949 47 
1637 41 954 105 
1638 45 957 109 
1639 109 948 45 
1640 47 958 111 
2 13 2 182
1641 987 961 1007 
1642 961 987 1026 
1643 968 1010 1013 
1644 972 970 1014 
1645 991 964 992 
1646 967 1002 1017 
1647 1002 967 1018 
1648 1010 968 1025 
1649 964 991 995 
1650 994 963 998 
1651 992 962 993 
1652 970 972 1027 
1653 1009 986 1025 
1654 996 1012 1015 
1655 993 962 994 
1656 1016 1005 1019 
1657 1012 969 1015 
1658 959 1016 1019 
1659 998 963 999 
1660 986 1009 1026 
1661 1005 965 1010 
1662 985 1005 1010 
1663 969 995 1015 
1664 971 972 1014 
1665 993 994 997 
1666 968 1009 1025 
1667 1002 959 1019 
1668 997 982 1004 
1669 982 997 1000 
1670 999 967 1017 
1671 993 997 1004 
1672 1010 1006 1013 
1673 982 1000 1001 
1674 973 1008 1011 
1675 984 981 1001 
1676 981 982 1001 
1677 997 994 998 
1678 992 964 1023 
1679 1001 1000 1002 
1680 963 994 1028 
1681 997 998 1000 
1682 995 991 1015 
1683 978 983 1003 
1684 983 986 1003 
1685 976 978 1003 
1686 977 975 988 
1687 980 990 1004 
1688 990 993 1004 
1689 979 980 1004 
1690 990 992 993 
1691 990 991 992 
1692 990 989 991 
1693 983 985 986 
1694 983 984 985 
1695 980 989 990 
1696 989 988 996 
1697 980 988 989 
1698 983 981 984 
1699 982 979 1004 
1700 980 977 988 
1701 981 979 982 
1702 978 981 983 
1703 978 979 981 
1704 979 977 980 
1705 978 977 979 
1706 987 976 1003 
1707 976 977 978 
1708 976 975 977 
1709 974 976 987 
1710 974 975 976 
1711 974 973 975 
1712 967 999 1020 
1713 972 973 974 
1714 960 996 1011 
1715 972 966 973 
1716 1008 960 1011 
1717 985 984 1005 
1718 987 1007 1027 
1719 975 973 1011 
1720 996 988 1011 
1721 995 969 1021 
1722 959 1002 1018 
1723 962 992 1023 
1724 147 148 1008 
1725 172 171 1007 
1726 146 147 966 
1727 163 162 965 
1728 171 170 970 
1729 165 164 959 
1730 154 155 964 
1731 167 166 967 
1732 173 172 961 
1733 145 146 971 
1734 162 161 1006 
1735 156 157 962 
1736 148 149 960 
1737 158 159 963 
1738 150 151 969 
1739 174 173 1009 
1740 175 174 968 
1741 989 996 1015 
1742 1002 1000 1017 
1743 1001 1002 1019 
1744 971 966 972 
1745 988 975 1011 
1746 1009 961 1026 
1747 987 1003 1026 
1748 972 974 1027 
1749 1005 984 1019 
1750 996 960 1012 
1751 973 966 1008 
1752 998 999 1017 
1753 171 970 1007 
1754 966 147 1008 
1755 965 162 1006 
1756 146 966 971 
1757 148 960 1008 
1758 961 172 1007 
1759 968 174 1009 
1760 173 961 1009 
1761 964 995 1022 
1762 149 150 1012 
1763 965 1006 1010 
1764 170 169 1014 
1765 176 175 1013 
1766 991 989 1015 
1767 960 149 1012 
1768 150 969 1012 
1769 970 170 1014 
1770 175 968 1013 
1771 994 962 1028 
1772 1000 998 1017 
1773 999 963 1024 
1774 984 1001 1019 
1775 163 965 1016 
1776 959 164 1016 
1777 169 10 1029 
1778 10 145 1029 
1779 12 176 1030 
1780 161 12 1030 
1781 967 166 1018 
1782 165 959 1018 
1783 11 168 1031 
1784 160 11 1031 
1785 9 153 1032 
1786 152 9 1032 
1787 965 1005 1016 
1788 164 163 1016 
1789 167 967 1020 
1790 969 151 1021 
1791 166 165 1018 
1792 154 964 1022 
1793 156 962 1023 
1794 964 155 1023 
1795 963 159 1024 
1796 158 963 1028 
1797 962 157 1028 
1798 168 167 1020 
1799 1007 970 1027 
1800 151 152 1021 
1801 1020 999 1024 
1802 986 985 1025 
1803 995 1021 1022 
1804 1003 986 1026 
1805 974 987 1027 
1806 153 154 1022 
1807 155 156 1023 
1808 159 160 1024 
1809 1020 1024 1031 
1810 1022 1021 1032 
1811 985 1010 1025 
1812 157 158 1028 
1813 145 971 1029 
1814 1006 161 1030 
1815 1014 169 1029 
1816 176 1013 1030 
1817 971 1014 1029 
1818 1013 1006 1030 
1819 168 1020 1031 
1820 1021 152 1032 
1821 153 1022 1032 
1822 1024 160 1031 
2 14 2 382
1823 1107 1126 1132 
1824 1104 1037 1106 
1825 1143 1046 1160 
1826 1126 1081 1132 
1827 1117 1111 1167 
1828 1106 1037 1110 
1829 1069 1117 1167 
1830 1046 1143 1157 
1831 1158 1047 1163 
1832 1035 1131 1144 
1833 1138 1135 1159 
1834 1112 1114 1121 
1835 1050 1143 1160 
1836 1088 1127 1128 
1837 1132 1075 1196 
1838 1033 1148 1150 
1839 1043 1123 1176 
1840 1044 1138 1159 
1841 1047 1158 1180 
1842 1054 1112 1121 
1843 1150 1148 1184 
1844 1052 1116 1141 
1845 1131 1098 1181 
1846 1123 1043 1178 
1847 1081 1075 1132 
1848 1038 1053 1054 
1849 1098 1131 1179 
1850 1175 1118 1182 
1851 1138 1166 1169 
1852 1131 1130 1144 
1853 1055 1054 1056 
1854 1108 1106 1110 
1855 1035 1172 1179 
1856 1118 1117 1182 
1857 1036 208 1111 
1858 207 1109 1111 
1859 1166 1039 1169 
1860 1038 1054 1055 
1861 1172 1102 1179 
1862 207 206 1109 
1863 1092 1174 1175 
1864 1054 1053 1112 
1865 1108 1110 1124 
1866 1116 1113 1141 
1867 208 207 1111 
1868 1112 1113 1114 
1869 1036 1111 1117 
1870 1135 1136 1159 
1871 1053 1042 1112 
1872 181 1037 1103 
1873 1038 205 1053 
1874 1119 1041 1147 
1875 1102 1043 1176 
1876 1131 1035 1179 
1877 181 182 1037 
1878 206 205 1038 
1879 1037 182 1110 
1880 1121 1114 1154 
1881 204 1042 1053 
1882 1041 180 1103 
1883 1056 1054 1121 
1884 1088 1128 1129 
1885 1127 1088 1195 
1886 1051 1158 1163 
1887 1174 1118 1175 
1888 1058 1056 1060 
1889 1043 1102 1172 
1890 1067 1071 1074 
1891 1120 1045 1152 
1892 1113 1042 1141 
1893 1067 1074 1125 
1894 1063 1067 1125 
1895 1116 1052 1193 
1896 1136 1143 1159 
1897 1153 1046 1157 
1898 180 181 1103 
1899 205 204 1053 
1900 1057 1056 1058 
1901 1060 1056 1121 
1902 182 183 1110 
1903 1065 1063 1125 
1904 1058 1060 1061 
1905 1036 1117 1118 
1906 1055 1056 1057 
1907 1074 1105 1125 
1908 1111 1109 1167 
1909 1112 1042 1113 
1910 1061 1060 1062 
1911 1129 1128 1130 
1912 1061 1062 1063 
1913 1143 1136 1157 
1914 1110 183 1124 
1915 1129 1130 1131 
1916 1108 1124 1156 
1917 1084 1093 1133 
1918 1082 1084 1133 
1919 1098 1089 1134 
1920 1089 1085 1134 
1921 1087 1090 1139 
1922 1090 1099 1139 
1923 1135 1091 1136 
1924 1091 1087 1139 
1925 1086 1091 1135 
1926 1136 1091 1137 
1927 1137 1091 1139 
1928 1122 1097 1123 
1929 1099 1097 1122 
1930 1090 1097 1099 
1931 1096 1098 1102 
1932 1090 1096 1097 
1933 1096 1089 1098 
1934 1090 1089 1096 
1935 1093 1135 1138 
1936 1087 1089 1090 
1937 1086 1087 1091 
1938 1093 1086 1135 
1939 1087 1085 1089 
1940 1084 1086 1093 
1941 1086 1085 1087 
1942 1085 1083 1134 
1943 1084 1085 1086 
1944 1084 1083 1085 
1945 1082 1083 1084 
1946 1092 1082 1133 
1947 1082 1080 1083 
1948 1079 1082 1092 
1949 1079 1080 1082 
1950 1080 1078 1088 
1951 1079 1078 1080 
1952 1074 1104 1105 
1953 1041 1119 1155 
1954 1077 1078 1079 
1955 1051 1155 1158 
1956 1074 1071 1094 
1957 1092 1133 1140 
1958 1153 1157 1185 
1959 206 1038 1109 
1960 1074 1094 1104 
1961 183 184 1124 
1962 1077 1076 1078 
1963 1063 1064 1067 
1964 1061 1063 1065 
1965 215 214 1142 
1966 216 215 1050 
1967 202 201 1052 
1968 184 185 1040 
1969 189 190 1043 
1970 203 202 1141 
1971 177 178 1051 
1972 179 180 1041 
1973 204 203 1042 
1974 214 213 1044 
1975 212 211 1039 
1976 191 192 1049 
1977 209 208 1036 
1978 187 188 1035 
1979 1137 1139 1148 
1980 186 187 1144 
1981 1124 1040 1156 
1982 184 1040 1124 
1983 1155 1119 1158 
1984 1050 1142 1143 
1985 1081 1126 1127 
1986 210 209 1146 
1987 1100 1073 1101 
1988 1063 1062 1064 
1989 1067 1068 1071 
1990 1062 1060 1154 
1991 1076 1075 1081 
1992 1060 1121 1154 
1993 1042 203 1141 
1994 202 1052 1141 
1995 214 1044 1142 
1996 1050 215 1142 
1997 1036 1118 1146 
1998 187 1035 1144 
1999 1139 1099 1148 
2000 209 1036 1146 
2001 1120 1152 1165 
2002 1115 1116 1120 
2003 1070 1076 1077 
2004 1040 185 1149 
2005 185 186 1149 
2006 186 1144 1149 
2007 1070 1059 1075 
2008 1075 1059 1145 
2009 1138 1044 1166 
2010 1051 178 1155 
2011 179 1041 1155 
2012 1058 1061 1145 
2013 1088 1129 1168 
2014 178 179 1155 
2015 1061 1065 1145 
2016 1037 1104 1186 
2017 1067 1064 1068 
2018 148 147 1151 
2019 147 146 1047 
2020 194 195 1048 
2021 149 148 1034 
2022 196 197 1033 
2023 198 199 1046 
2024 150 149 1152 
2025 151 150 1045 
2026 195 196 1150 
2027 197 198 1153 
2028 1132 1065 1183 
2029 1143 1142 1159 
2030 1170 1146 1174 
2031 1144 1130 1149 
2032 1114 1113 1115 
2033 1105 1104 1106 
2034 1049 1123 1178 
2035 1070 1075 1076 
2036 1080 1088 1168 
2037 1134 1083 1168 
2038 1072 1095 1119 
2039 1038 1055 1109 
2040 1093 1138 1169 
2041 1064 1062 1066 
2042 1140 1133 1169 
2043 1039 1140 1169 
2044 1057 1058 1059 
2045 1095 1073 1100 
2046 1094 1071 1147 
2047 1101 1073 1164 
2048 212 1039 1166 
2049 1044 213 1166 
2050 1066 1062 1154 
2051 1151 1100 1197 
2052 1100 1151 1180 
2053 1136 1137 1157 
2054 1066 1154 1173 
2055 1105 1106 1107 
2056 1117 1069 1182 
2057 1115 1113 1116 
2058 1154 1114 1173 
2059 1079 1092 1175 
2060 1096 1102 1176 
2061 1123 1097 1176 
2062 1071 1068 1072 
2063 1072 1119 1147 
2064 1098 1134 1181 
2065 1059 1058 1145 
2066 1088 1078 1195 
2067 1140 1039 1170 
2068 1039 211 1170 
2069 1142 1044 1159 
2070 1065 1125 1183 
2071 210 1146 1170 
2072 1126 1108 1156 
2073 1035 188 1172 
2074 189 1043 1172 
2075 199 200 1160 
2076 193 194 1161 
2077 146 145 1163 
2078 152 151 1162 
2079 1071 1072 1147 
2080 147 1047 1151 
2081 1034 148 1151 
2082 1045 150 1152 
2083 149 1034 1152 
2084 1048 195 1150 
2085 198 1046 1153 
2086 196 1033 1150 
2087 1033 197 1153 
2088 191 1049 1178 
2089 1043 190 1178 
2090 1081 1127 1195 
2091 1119 1095 1158 
2092 213 212 1166 
2093 1072 1073 1095 
2094 1107 1132 1183 
2095 1152 1034 1165 
2096 1148 1099 1184 
2097 1122 1048 1184 
2098 1057 1059 1069 
2099 1130 1128 1171 
2100 1045 1120 1193 
2101 1107 1108 1126 
2102 1140 1170 1174 
2103 1065 1132 1196 
2104 1069 1059 1070 
2105 1147 1041 1198 
2106 1076 1081 1195 
2107 1107 1106 1108 
2108 194 1048 1161 
2109 1046 199 1160 
2110 1047 146 1163 
2111 151 1045 1162 
2112 1072 1068 1073 
2113 1048 1122 1188 
2114 1157 1137 1185 
2115 1083 1080 1168 
2116 1123 1049 1188 
2117 1133 1093 1169 
2118 14 216 1190 
2119 10 177 1191 
2120 192 13 1189 
2121 201 9 1192 
2122 1055 1057 1167 
2123 1041 1103 1198 
2124 1105 1107 1183 
2125 145 10 1191 
2126 200 14 1190 
2127 9 152 1192 
2128 13 193 1189 
2129 1109 1055 1167 
2130 1158 1095 1180 
2131 1120 1165 1177 
2132 1149 1130 1171 
2133 1120 1116 1193 
2134 1115 1120 1177 
2135 1064 1066 1164 
2136 1068 1064 1164 
2137 1103 1037 1186 
2138 1156 1040 1171 
2139 211 210 1170 
2140 1069 1070 1182 
2141 1134 1168 1181 
2142 1040 1149 1171 
2143 1048 1150 1184 
2144 188 189 1172 
2145 1100 1101 1197 
2146 1034 1151 1197 
2147 1057 1069 1167 
2148 1073 1068 1164 
2149 1092 1140 1174 
2150 1161 1048 1188 
2151 1127 1126 1194 
2152 1102 1098 1179 
2153 1097 1096 1176 
2154 1077 1079 1175 
2155 1077 1175 1182 
2156 1128 1127 1194 
2157 1122 1123 1188 
2158 1146 1118 1174 
2159 1151 1047 1180 
2160 1114 1115 1173 
2161 1052 1162 1193 
2162 190 191 1178 
2163 1129 1131 1181 
2164 1126 1156 1194 
2165 1101 1165 1197 
2166 1165 1101 1177 
2167 1070 1077 1182 
2168 1125 1105 1183 
2169 1148 1033 1185 
2170 1101 1164 1187 
2171 1095 1100 1180 
2172 1099 1122 1184 
2173 1137 1148 1185 
2174 1156 1171 1194 
2175 1075 1145 1196 
2176 1052 201 1192 
2177 177 1051 1191 
2178 216 1050 1190 
2179 1049 192 1189 
2180 1168 1129 1181 
2181 1078 1076 1195 
2182 1104 1094 1186 
2183 1033 1153 1185 
2184 1171 1128 1194 
2185 1165 1034 1197 
2186 1186 1094 1198 
2187 1145 1065 1196 
2188 1094 1147 1198 
2189 1162 1045 1193 
2190 1161 1049 1189 
2191 1162 1052 1192 
2192 1051 1163 1191 
2193 1050 1160 1190 
2194 1163 145 1191 
2195 1160 200 1190 
2196 152 1162 1192 
2197 193 1161 1189 
2198 1173 1115 1177 
2199 1049 1161 1188 
2200 1164 1066 1187 
2201 1103 1186 1198 
2202 1066 1173 1187 
2203 1173 1177 1187 
2204 1177 1101 1187 
2 15 2 378
2205 1292 1349 1240 
2206 1322 1334 1303 
2207 1285 1292 1240 
2208 1302 1353 1280 
2209 1286 1302 1280 
2210 1286 1323 1217 
2211 1213 1323 1286 
2212 1306 1344 1336 
2213 1270 1347 1345 
2214 1272 1334 1322 
2215 1217 1302 1286 
2216 1299 1324 1320 
2217 1332 1346 1239 
2218 1320 1324 1215 
2219 1306 1336 1216 
2220 1207 1353 1302 
2221 1288 1347 1270 
2222 1291 1346 1332 
2223 1218 1322 1303 
2224 1200 1312 1289 
2225 1244 1343 1287 
2226 1284 1315 1241 
2227 1336 1344 1282 
2228 222 1360 1338 
2229 1287 1349 1244 
2230 1278 1311 1199 
2231 222 1338 1204 
2232 1284 1316 1315 
2233 1289 1350 1200 
2234 1199 1354 1278 
2235 1240 1349 1287 
2236 1203 1220 1219 
2237 1221 1222 1220 
2238 1202 1291 208 
2239 207 1291 1290 
2240 1325 1327 1297 
2241 1203 1221 1220 
2242 1209 1327 1325 
2243 1286 1340 1213 
2244 207 1290 206 
2245 1312 1340 1289 
2246 1239 1346 1276 
2247 1299 1320 1279 
2248 1280 1284 1241 
2249 1265 1309 1269 
2250 208 1291 207 
2251 1269 1309 1305 
2252 1316 1348 1220 
2253 1326 1328 1269 
2254 1205 1328 1326 
2255 1317 1330 1249 
2256 1203 1219 205 
2257 1345 1347 1206 
2258 206 1203 205 
2259 204 1219 1207 
2260 1224 1226 1222 
2261 1339 1341 1201 
2262 1294 1341 1339 
2263 1242 1247 1233 
2264 1222 1316 1220 
2265 205 1219 204 
2266 1284 1348 1316 
2267 1308 1331 1204 
2268 1247 1310 1233 
2269 1223 1224 1222 
2270 1224 1227 1226 
2271 1219 1348 1207 
2272 1221 1223 1222 
2273 1291 1332 1290 
2274 1227 1228 1226 
2275 1299 1327 1209 
2276 1208 1330 1317 
2277 1227 1229 1228 
2278 1250 1292 1253 
2279 1233 1310 1229 
2280 1262 1295 1294 
2281 1262 1294 1293 
2282 1257 1293 1254 
2283 1295 1300 1283 
2284 1262 1300 1295 
2285 1262 1293 1257 
2286 1254 1293 1252 
2287 1258 1296 1266 
2288 1296 1297 1266 
2289 1256 1296 1258 
2290 1259 1300 1262 
2291 1263 1298 1279 
2292 1298 1299 1279 
2293 1260 1298 1263 
2294 1283 1300 1275 
2295 1275 1300 1261 
2296 1282 1283 1275 
2297 1281 1282 1275 
2298 1274 1281 1275 
2299 1263 1279 1278 
2300 1274 1275 1261 
2301 1263 1278 1274 
2302 1263 1274 1261 
2303 1266 1298 1260 
2304 1261 1300 1259 
2305 1260 1263 1261 
2306 1258 1266 1260 
2307 1260 1261 1259 
2308 1258 1260 1259 
2309 1259 1262 1257 
2310 1258 1259 1257 
2311 1265 1269 1264 
2312 1264 1296 1256 
2313 1256 1258 1257 
2314 1255 1265 1264 
2315 1255 1264 1256 
2316 1256 1257 1254 
2317 1255 1256 1254 
2318 1293 1294 1267 
2319 1253 1255 1254 
2320 1252 1293 1267 
2321 1253 1254 1252 
2322 1267 1273 1251 
2323 1252 1267 1251 
2324 1250 1253 1252 
2325 1250 1252 1251 
2326 222 1204 223 
2327 1288 1360 1347 
2328 1250 1251 1249 
2329 1246 1292 1250 
2330 1231 1233 1229 
2331 206 1290 1203 
2332 1242 1248 1247 
2333 1209 1324 1299 
2334 1246 1250 1249 
2335 1227 1231 1229 
2336 216 1215 215 
2337 229 1210 230 
2338 217 1218 218 
2339 202 1217 201 
2340 218 1303 219 
2341 219 1206 220 
2342 203 1302 202 
2343 223 1301 224 
2344 204 1207 203 
2345 212 1205 211 
2346 228 1304 229 
2347 214 1209 213 
2348 209 1202 208 
2349 224 1208 225 
2350 210 1305 209 
2351 227 1201 228 
2352 231 1216 232 
2353 230 1306 231 
2354 1234 1242 1233 
2355 1204 1301 223 
2356 1347 1360 221 
2357 1248 1270 1247 
2358 1230 1310 1237 
2359 1297 1328 1205 
2360 1229 1230 1228 
2361 1313 1350 1277 
2362 1229 1310 1230 
2363 1247 1329 1310 
2364 1270 1345 1329 
2365 224 1301 1208 
2366 219 1303 1206 
2367 202 1302 1217 
2368 1218 1303 218 
2369 1207 1302 203 
2370 229 1304 1210 
2371 1210 1306 230 
2372 1201 1304 228 
2373 231 1306 1216 
2374 209 1305 1202 
2375 1352 1361 1265 
2376 1242 1308 1248 
2377 1226 1316 1222 
2378 1243 1331 1308 
2379 1305 1309 1202 
2380 1228 1315 1226 
2381 1237 1329 1271 
2382 1230 1237 1235 
2383 1276 1285 1240 
2384 1251 1317 1249 
2385 1268 1280 1241 
2386 1231 1234 1233 
2387 1241 1315 1232 
2388 1329 1345 1271 
2389 1205 1325 1297 
2390 1297 1327 1266 
2391 1298 1327 1299 
2392 1296 1328 1297 
2393 1269 1328 1264 
2394 1240 1287 1225 
2395 1236 1241 1232 
2396 1237 1271 1238 
2397 1287 1307 1225 
2398 1246 1249 1245 
2399 1224 1307 1227 
2400 1315 1316 1226 
2401 1268 1286 1280 
2402 1227 1307 1231 
2403 155 1312 156 
2404 154 1213 155 
2405 235 1214 234 
2406 237 1199 236 
2407 239 1212 238 
2408 156 1200 157 
2409 157 1313 158 
2410 158 1211 159 
2411 236 1311 235 
2412 238 1314 237 
2413 1342 1344 1210 
2414 1203 1290 1221 
2415 1230 1232 1228 
2416 1272 1277 1238 
2417 1276 1346 1309 
2418 1245 1331 1243 
2419 1223 1225 1224 
2420 1341 1342 1304 
2421 214 1324 1209 
2422 1215 1324 215 
2423 1294 1339 1267 
2424 212 1325 1205 
2425 1209 1325 213 
2426 210 1326 1305 
2427 1205 1326 211 
2428 1236 1289 1268 
2429 1234 1243 1242 
2430 1271 1334 1272 
2431 1305 1326 1269 
2432 1248 1288 1270 
2433 1243 1308 1242 
2434 1204 1331 1301 
2435 220 1347 221 
2436 1210 1344 1306 
2437 1277 1355 1313 
2438 1285 1352 1292 
2439 1208 1333 225 
2440 1271 1272 1238 
2441 1304 1342 1210 
2442 1273 1317 1251 
2443 1236 1268 1241 
2444 1270 1329 1247 
2445 1232 1315 1228 
2446 227 1337 1201 
2447 1348 1353 1207 
2448 1239 1276 1240 
2449 1292 1352 1253 
2450 1201 1341 1304 
2451 1225 1307 1224 
2452 1266 1327 1298 
2453 1310 1329 1237 
2454 1244 1349 1246 
2455 1264 1328 1296 
2456 215 1324 214 
2457 1244 1246 1245 
2458 213 1325 212 
2459 211 1326 210 
2460 1255 1352 1265 
2461 1278 1354 1274 
2462 1249 1330 1245 
2463 1285 1361 1352 
2464 1230 1235 1232 
2465 240 1318 239 
2466 234 1319 233 
2467 159 1321 160 
2468 153 1323 154 
2469 1204 1338 1308 
2470 1213 1312 155 
2471 156 1312 1200 
2472 158 1313 1211 
2473 1200 1313 157 
2474 235 1311 1214 
2475 237 1314 1199 
2476 1199 1311 236 
2477 1212 1314 238 
2478 1237 1238 1235 
2479 1337 1339 1201 
2480 1309 1346 1202 
2481 1234 1244 1243 
2482 1214 1320 1319 
2483 1273 1337 1333 
2484 1223 1239 1225 
2485 1319 1320 1215 
2486 1301 1330 1208 
2487 1289 1340 1268 
2488 1317 1333 1208 
2489 1239 1240 1225 
2490 154 1323 1213 
2491 1211 1321 159 
2492 1214 1319 234 
2493 239 1318 1212 
2494 1321 1322 1218 
2495 1244 1245 1243 
2496 1235 1236 1232 
2497 1211 1322 1321 
2498 225 1333 226 
2499 1200 1350 1313 
2500 1202 1346 1291 
2501 1220 1348 1219 
2502 1308 1338 1248 
2503 14 1356 216 
2504 232 1357 15 
2505 201 1358 9 
2506 11 1359 217 
2507 1221 1332 1223 
2508 1273 1333 1317 
2509 226 1337 227 
2510 1267 1339 1273 
2511 233 1356 14 
2512 15 1357 240 
2513 9 1358 153 
2514 160 1359 11 
2515 1290 1332 1221 
2516 1333 1337 226 
2517 1236 1335 1289 
2518 1248 1338 1288 
2519 1295 1341 1294 
2520 1277 1335 1238 
2521 1307 1343 1231 
2522 1216 1336 1318 
2523 1295 1342 1341 
2524 1283 1342 1295 
2525 1268 1340 1286 
2526 1283 1344 1342 
2527 1281 1354 1314 
2528 1282 1344 1283 
2529 1303 1334 1206 
2530 1273 1339 1337 
2531 1330 1331 1245 
2532 1231 1343 1234 
2533 1280 1353 1284 
2534 1309 1361 1276 
2535 1314 1362 1281 
2536 1234 1343 1244 
2537 1318 1336 1212 
2538 1223 1332 1239 
2539 1287 1343 1307 
2540 1314 1354 1199 
2541 1301 1331 1330 
2542 1313 1355 1211 
2543 1213 1340 1312 
2544 1238 1335 1235 
2545 1212 1362 1314 
2546 1334 1345 1206 
2547 1235 1335 1236 
2548 221 1360 222 
2549 1206 1347 220 
2550 1278 1351 1311 
2551 1272 1355 1277 
2552 1246 1349 1292 
2553 1279 1351 1278 
2554 1281 1362 1282 
2555 1271 1345 1334 
2556 1253 1352 1255 
2557 1214 1351 1320 
2558 1320 1351 1279 
2559 1274 1354 1281 
2560 1335 1350 1289 
2561 217 1359 1218 
2562 1217 1358 201 
2563 1216 1357 232 
2564 216 1356 1215 
2565 1265 1361 1309 
2566 1311 1351 1214 
2567 1277 1350 1335 
2568 1322 1355 1272 
2569 1276 1361 1285 
2570 1211 1355 1322 
2571 1323 1358 1217 
2572 1218 1359 1321 
2573 1318 1357 1216 
2574 1215 1356 1319 
2575 1282 1362 1336 
2576 240 1357 1318 
2577 153 1358 1323 
2578 1319 1356 233 
2579 1321 1359 160 
2580 1338 1360 1288 
2581 1336 1362 1212 
2582 1284 1353 1348 
2 16 2 378
2583 1487 1496 1466 
2584 1453 1513 1404 
2585 1439 1453 1404 
2586 1467 1517 1441 
2587 1443 1467 1441 
2588 1443 1485 1382 
2589 1375 1485 1443 
2590 1465 1507 1499 
2591 1436 1496 1487 
2592 1434 1511 1508 
2593 1382 1467 1443 
2594 1451 1488 1483 
2595 1495 1510 1403 
2596 1483 1488 1380 
2597 1465 1499 1379 
2598 1372 1517 1467 
2599 1445 1511 1434 
2600 1450 1510 1495 
2601 1381 1487 1466 
2602 1364 1477 1448 
2603 1408 1506 1444 
2604 1442 1479 1405 
2605 1499 1507 1461 
2606 246 1525 1502 
2607 1444 1513 1408 
2608 1446 1478 1363 
2609 246 1502 1368 
2610 1470 1491 1471 
2611 1442 1481 1479 
2612 1363 1518 1446 
2613 1448 1514 1364 
2614 1404 1513 1444 
2615 1367 1384 1383 
2616 1385 1386 1384 
2617 1366 1450 224 
2618 223 1450 1449 
2619 1489 1490 1452 
2620 1367 1385 1384 
2621 1373 1490 1489 
2622 1443 1503 1375 
2623 223 1449 222 
2624 1403 1510 1433 
2625 1477 1503 1448 
2626 1451 1483 1437 
2627 1441 1442 1405 
2628 224 1450 223 
2629 1481 1512 1384 
2630 1471 1491 1456 
2631 1433 1509 1440 
2632 1367 1383 221 
2633 1433 1510 1509 
2634 1508 1511 1371 
2635 222 1367 221 
2636 220 1383 1372 
2637 1388 1390 1386 
2638 1459 1505 1504 
2639 1440 1516 1439 
2640 1440 1520 1516 
2641 1504 1505 1370 
2642 1406 1411 1397 
2643 1386 1481 1384 
2644 221 1383 220 
2645 1442 1512 1481 
2646 1473 1494 1368 
2647 1411 1474 1397 
2648 1387 1388 1386 
2649 1388 1391 1390 
2650 1383 1512 1372 
2651 1385 1387 1386 
2652 1450 1495 1449 
2653 1391 1392 1390 
2654 1451 1490 1373 
2655 1391 1393 1392 
2656 1414 1453 1417 
2657 1397 1474 1393 
2658 1365 1491 1470 
2659 1427 1454 1419 
2660 1419 1454 1416 
2661 1421 1456 1455 
2662 1420 1455 1425 
2663 1425 1455 1431 
2664 1418 1455 1420 
2665 1455 1456 1431 
2666 1457 1459 1427 
2667 1447 1462 1460 
2668 1422 1457 1427 
2669 1460 1463 1447 
2670 1430 1463 1426 
2671 1447 1463 1430 
2672 1426 1463 1423 
2673 1424 1463 1460 
2674 1446 1447 1430 
2675 1429 1451 1437 
2676 1437 1446 1430 
2677 1429 1437 1430 
2678 1460 1462 1461 
2679 1429 1430 1426 
2680 1431 1452 1428 
2681 1460 1461 1458 
2682 1425 1431 1428 
2683 1424 1460 1458 
2684 1428 1429 1426 
2685 1425 1428 1426 
2686 1424 1458 1457 
2687 1425 1426 1423 
2688 1424 1457 1422 
2689 1423 1463 1424 
2690 1420 1425 1423 
2691 1423 1424 1422 
2692 1422 1427 1419 
2693 1420 1423 1422 
2694 1420 1422 1419 
2695 1418 1420 1419 
2696 1421 1455 1418 
2697 1418 1419 1416 
2698 1417 1421 1418 
2699 1417 1418 1416 
2700 1416 1454 1415 
2701 1414 1417 1416 
2702 1414 1416 1415 
2703 246 1368 247 
2704 1445 1525 1511 
2705 1410 1453 1414 
2706 1414 1415 1413 
2707 1395 1397 1393 
2708 222 1449 1367 
2709 1406 1412 1411 
2710 1373 1488 1451 
2711 1433 1440 1439 
2712 1410 1414 1413 
2713 1391 1395 1393 
2714 232 1380 231 
2715 218 1382 217 
2716 247 1464 248 
2717 219 1467 218 
2718 248 1374 249 
2719 253 1370 254 
2720 241 1381 242 
2721 243 1371 244 
2722 220 1372 219 
2723 254 1465 255 
2724 242 1466 243 
2725 230 1373 229 
2726 228 1365 227 
2727 250 1369 251 
2728 225 1366 224 
2729 249 1469 250 
2730 255 1379 256 
2731 226 1468 225 
2732 227 1470 226 
2733 1398 1406 1397 
2734 1368 1464 247 
2735 1511 1525 245 
2736 1480 1500 1454 
2737 1412 1434 1411 
2738 1394 1474 1401 
2739 1470 1471 1468 
2740 1452 1491 1365 
2741 1393 1394 1392 
2742 1476 1514 1438 
2743 1393 1474 1394 
2744 1434 1508 1492 
2745 1411 1492 1474 
2746 248 1464 1374 
2747 1372 1467 219 
2748 218 1467 1382 
2749 250 1469 1369 
2750 1381 1466 242 
2751 243 1466 1371 
2752 255 1465 1379 
2753 226 1470 1468 
2754 1370 1465 254 
2755 1374 1469 249 
2756 225 1468 1366 
2757 1365 1470 227 
2758 1406 1473 1412 
2759 1390 1481 1386 
2760 1407 1494 1473 
2761 1427 1480 1454 
2762 1401 1492 1435 
2763 1392 1479 1390 
2764 1394 1401 1399 
2765 1433 1439 1404 
2766 1432 1441 1405 
2767 1405 1479 1396 
2768 1395 1398 1397 
2769 1492 1508 1435 
2770 1493 1497 1374 
2771 1365 1489 1452 
2772 1452 1490 1428 
2773 1429 1490 1451 
2774 1400 1405 1396 
2775 1401 1435 1402 
2776 1431 1491 1452 
2777 1404 1444 1389 
2778 1444 1472 1389 
2779 1410 1413 1409 
2780 1388 1472 1391 
2781 1479 1481 1390 
2782 1432 1443 1441 
2783 1391 1472 1395 
2784 1369 1500 1480 
2785 164 1476 163 
2786 163 1377 162 
2787 258 1378 259 
2788 165 1364 164 
2789 260 1363 261 
2790 262 1376 263 
2791 166 1477 165 
2792 167 1375 166 
2793 259 1475 260 
2794 261 1478 262 
2795 1505 1507 1370 
2796 1367 1449 1385 
2797 1394 1396 1392 
2798 1436 1438 1402 
2799 1409 1494 1407 
2800 1387 1389 1388 
2801 230 1488 1373 
2802 1380 1488 231 
2803 228 1489 1365 
2804 1373 1489 229 
2805 1413 1497 1493 
2806 1400 1448 1432 
2807 1398 1407 1406 
2808 1435 1496 1436 
2809 1440 1509 1471 
2810 1457 1505 1459 
2811 1412 1445 1434 
2812 1407 1473 1406 
2813 1368 1494 1464 
2814 1459 1480 1427 
2815 244 1511 245 
2816 1370 1507 1465 
2817 1438 1519 1476 
2818 1497 1500 1469 
2819 1439 1516 1453 
2820 1435 1436 1402 
2821 1400 1432 1405 
2822 1396 1479 1392 
2823 1434 1492 1411 
2824 1512 1517 1372 
2825 1403 1433 1404 
2826 1453 1516 1417 
2827 1369 1501 251 
2828 1389 1472 1388 
2829 1428 1490 1429 
2830 1474 1492 1401 
2831 1408 1513 1410 
2832 253 1504 1370 
2833 1456 1491 1431 
2834 231 1488 230 
2835 1408 1410 1409 
2836 229 1489 228 
2837 1446 1518 1447 
2838 1413 1493 1409 
2839 1469 1500 1369 
2840 1394 1399 1396 
2841 1471 1509 1468 
2842 1374 1497 1469 
2843 263 1482 264 
2844 257 1484 258 
2845 162 1486 161 
2846 168 1485 167 
2847 1368 1502 1473 
2848 1401 1402 1399 
2849 163 1476 1377 
2850 1364 1476 164 
2851 1375 1477 166 
2852 165 1477 1364 
2853 1378 1475 259 
2854 262 1478 1376 
2855 260 1475 1363 
2856 1363 1478 261 
2857 1459 1504 1501 
2858 1398 1408 1407 
2859 1376 1483 1482 
2860 1387 1403 1389 
2861 1482 1483 1380 
2862 1464 1493 1374 
2863 1448 1503 1432 
2864 1480 1501 1369 
2865 1403 1404 1389 
2866 258 1484 1378 
2867 1376 1482 263 
2868 1377 1486 162 
2869 167 1485 1375 
2870 1459 1501 1480 
2871 1486 1487 1381 
2872 1415 1497 1413 
2873 1399 1400 1396 
2874 1408 1409 1407 
2875 1377 1487 1486 
2876 1364 1514 1476 
2877 1415 1500 1497 
2878 1366 1510 1450 
2879 1384 1512 1383 
2880 1473 1502 1412 
2881 15 1522 232 
2882 12 1523 241 
2883 256 1521 16 
2884 217 1524 11 
2885 1454 1500 1415 
2886 1385 1495 1387 
2887 161 1523 12 
2888 264 1522 15 
2889 11 1524 168 
2890 16 1521 257 
2891 1471 1520 1440 
2892 1449 1495 1385 
2893 251 1501 252 
2894 1400 1498 1448 
2895 1412 1502 1445 
2896 1438 1498 1402 
2897 1472 1506 1395 
2898 1379 1499 1484 
2899 252 1504 253 
2900 1458 1505 1457 
2901 1501 1504 252 
2902 1432 1503 1443 
2903 1458 1507 1505 
2904 1462 1518 1475 
2905 1461 1507 1458 
2906 1466 1496 1371 
2907 1493 1494 1409 
2908 1395 1506 1398 
2909 1456 1520 1471 
2910 1441 1517 1442 
2911 1475 1526 1462 
2912 1398 1506 1408 
2913 1484 1499 1378 
2914 1387 1495 1403 
2915 1444 1506 1472 
2916 1475 1518 1363 
2917 1464 1494 1493 
2918 1476 1519 1377 
2919 1375 1503 1477 
2920 1402 1498 1399 
2921 1378 1526 1475 
2922 1468 1509 1366 
2923 1496 1508 1371 
2924 1399 1498 1400 
2925 1509 1510 1366 
2926 245 1525 246 
2927 1371 1511 244 
2928 1446 1515 1478 
2929 1436 1519 1438 
2930 1410 1513 1453 
2931 1437 1515 1446 
2932 1462 1526 1461 
2933 1435 1508 1496 
2934 1417 1516 1421 
2935 1376 1515 1483 
2936 1483 1515 1437 
2937 1516 1520 1421 
2938 1447 1518 1462 
2939 1498 1514 1448 
2940 1421 1520 1456 
2941 1382 1524 217 
2942 241 1523 1381 
2943 232 1522 1380 
2944 1379 1521 256 
2945 1478 1515 1376 
2946 1438 1514 1498 
2947 1487 1519 1436 
2948 1377 1519 1487 
2949 1484 1521 1379 
2950 1485 1524 1382 
2951 1381 1523 1486 
2952 1380 1522 1482 
2953 1461 1526 1499 
2954 1486 1523 161 
2955 1482 1522 264 
2956 168 1524 1485 
2957 257 1521 1484 
2958 1502 1525 1445 
2959 1499 1526 1378 
2960 1442 1517 1512 
2 17 2 374
2961 1595 1632 1655 
2962 1546 1598 1652 
2963 1598 1539 1652 
2964 1541 1594 1655 
2965 1632 1595 1667 
2966 1540 1635 1650 
2967 1594 1541 1639 
2968 1601 1602 1659 
2969 1621 1620 1660 
2970 1658 1621 1660 
2971 1615 1559 1672 
2972 1602 1564 1659 
2973 1598 1546 1629 
2974 1596 1648 1680 
2975 1632 1545 1655 
2976 1635 1540 1654 
2977 1658 1534 1662 
2978 1621 1658 1662 
2979 1588 1563 1641 
2980 1610 1573 1612 
2981 1599 1529 1663 
2982 1529 1599 1666 
2983 1631 1537 1669 
2984 1646 1615 1672 
2985 1563 1585 1641 
2986 1537 1631 1671 
2987 1624 1627 1657 
2988 1594 1595 1655 
2989 1527 1638 1644 
2990 1614 1536 1667 
2991 1635 1544 1650 
2992 1643 1609 1656 
2993 1596 1614 1667 
2994 1644 1638 1682 
2995 1604 1536 1614 
2996 1566 1597 1645 
2997 1596 1586 1648 
2998 1529 1620 1663 
2999 1547 1532 1548 
3000 1620 1529 1660 
3001 1612 1573 1616 
3002 1645 1597 1647 
3003 1531 1604 1605 
3004 1627 1538 1657 
3005 1661 1627 1665 
3006 1573 1610 1646 
3007 1548 1549 1550 
3008 1606 1605 1607 
3009 1548 1532 1549 
3010 1603 1674 1677 
3011 248 1530 1601 
3012 1600 247 1601 
3013 1609 1611 1656 
3014 1531 1605 1606 
3015 1533 1661 1665 
3016 1539 1598 1664 
3017 1673 1584 1674 
3018 246 247 1600 
3019 1602 1603 1677 
3020 245 1532 1547 
3021 1566 1593 1597 
3022 247 248 1601 
3023 1608 1615 1646 
3024 1601 1530 1602 
3025 1607 1605 1613 
3026 1595 1586 1596 
3027 1548 1647 1675 
3028 1605 1604 1614 
3029 1531 181 1604 
3030 1537 1599 1669 
3031 1603 1673 1674 
3032 1611 1534 1656 
3033 182 181 1531 
3034 245 246 1532 
3035 180 1536 1604 
3036 244 245 1547 
3037 1550 1552 1554 
3038 1599 1537 1666 
3039 1625 1624 1657 
3040 1531 1606 1643 
3041 1535 244 1547 
3042 1548 1550 1647 
3043 181 180 1604 
3044 1613 1614 1680 
3045 1550 1551 1552 
3046 1554 1552 1555 
3047 1593 1629 1679 
3048 1602 1530 1603 
3049 1606 1607 1608 
3050 1550 1549 1551 
3051 1568 1570 1616 
3052 1533 1665 1668 
3053 1594 1639 1670 
3054 1608 1607 1615 
3055 1647 1597 1675 
3056 1554 1555 1556 
3057 1535 1547 1675 
3058 1570 1580 1616 
3059 1600 1601 1659 
3060 1556 1555 1557 
3061 1588 1641 1664 
3062 1591 1619 1623 
3063 1577 1581 1623 
3064 1581 1591 1623 
3065 1619 1617 1623 
3066 1575 1577 1623 
3067 1617 1575 1623 
3068 1572 1575 1617 
3069 1587 1576 1622 
3070 1576 1574 1622 
3071 1624 1587 1627 
3072 1578 1587 1624 
3073 1592 1582 1628 
3074 1582 1579 1628 
3075 1583 1626 1628 
3076 1591 1589 1599 
3077 1590 1582 1592 
3078 1581 1589 1591 
3079 1589 1582 1590 
3080 1583 1625 1626 
3081 1581 1582 1589 
3082 1583 1624 1625 
3083 1583 1578 1624 
3084 1579 1583 1628 
3085 1581 1579 1582 
3086 1577 1579 1581 
3087 1579 1578 1583 
3088 1577 1578 1579 
3089 1578 1576 1587 
3090 1618 1620 1621 
3091 1618 1619 1620 
3092 1577 1576 1578 
3093 1575 1576 1577 
3094 1618 1617 1619 
3095 1575 1574 1576 
3096 1574 1584 1622 
3097 1580 1617 1618 
3098 1574 1571 1584 
3099 1572 1574 1575 
3100 1580 1572 1617 
3101 1570 1572 1580 
3102 1572 1571 1574 
3103 1570 1571 1572 
3104 1534 1611 1662 
3105 183 1643 1656 
3106 1570 1569 1571 
3107 1613 1562 1676 
3108 1532 246 1600 
3109 1590 1630 1631 
3110 1606 1609 1643 
3111 1590 1592 1630 
3112 1633 1533 1668 
3113 1573 1568 1616 
3114 1568 1569 1570 
3115 1558 1557 1562 
3116 1557 1555 1559 
3117 192 191 1543 
3118 253 254 1538 
3119 241 242 1546 
3120 178 177 1545 
3121 243 244 1535 
3122 179 178 1632 
3123 180 179 1536 
3124 188 187 1529 
3125 190 189 1537 
3126 185 184 1534 
3127 248 249 1530 
3128 251 252 1533 
3129 255 256 1544 
3130 254 255 1634 
3131 250 251 1633 
3132 1540 1642 1654 
3133 1567 1573 1672 
3134 1610 1608 1646 
3135 1635 1625 1657 
3136 1625 1635 1654 
3137 1634 1544 1635 
3138 1594 1586 1595 
3139 1593 1598 1629 
3140 249 250 1637 
3141 1556 1557 1558 
3142 1628 1626 1644 
3143 1567 1568 1573 
3144 1613 1605 1614 
3145 178 1545 1632 
3146 1536 179 1632 
3147 1538 254 1634 
3148 255 1544 1634 
3149 251 1533 1633 
3150 1573 1646 1672 
3151 1603 1530 1637 
3152 250 1633 1637 
3153 1530 249 1637 
3154 1607 1613 1676 
3155 1550 1554 1647 
3156 1568 1565 1569 
3157 1554 1556 1645 
3158 1614 1596 1680 
3159 1629 1535 1679 
3160 1618 1621 1649 
3161 1566 1588 1593 
3162 1654 1642 1681 
3163 1560 1566 1645 
3164 183 182 1643 
3165 1560 1563 1566 
3166 1562 1613 1680 
3167 1553 1565 1567 
3168 1612 1616 1649 
3169 1616 1580 1649 
3170 1553 1567 1636 
3171 182 1531 1643 
3172 1592 1628 1644 
3173 1555 1552 1636 
3174 1585 1561 1586 
3175 1629 1546 1688 
3176 1631 1543 1671 
3177 1554 1645 1647 
3178 1585 1586 1594 
3179 1593 1588 1598 
3180 171 172 1639 
3181 170 171 1541 
3182 267 266 1542 
3183 269 268 1527 
3184 271 270 1540 
3185 172 173 1528 
3186 173 174 1640 
3187 174 175 1539 
3188 268 267 1638 
3189 270 269 1642 
3190 1559 1555 1636 
3191 1567 1565 1568 
3192 1549 1532 1600 
3193 1556 1558 1560 
3194 1535 1675 1679 
3195 1620 1619 1663 
3196 1626 1625 1654 
3197 1591 1599 1663 
3198 1552 1551 1553 
3199 1634 1635 1657 
3200 1627 1587 1665 
3201 1611 1610 1612 
3202 1534 184 1656 
3203 185 1534 1658 
3204 1649 1621 1662 
3205 1538 1627 1661 
3206 1528 1640 1641 
3207 1558 1562 1648 
3208 1599 1589 1669 
3209 1590 1631 1669 
3210 1529 187 1660 
3211 1533 252 1661 
3212 253 1538 1661 
3213 1556 1560 1645 
3214 1562 1557 1687 
3215 1586 1561 1648 
3216 1580 1618 1649 
3217 1584 1571 1674 
3218 1566 1563 1588 
3219 1564 1602 1677 
3220 1552 1553 1636 
3221 1606 1608 1609 
3222 188 1529 1666 
3223 1537 189 1666 
3224 1560 1558 1561 
3225 184 183 1656 
3226 272 271 1650 
3227 266 265 1651 
3228 175 176 1652 
3229 169 170 1653 
3230 1541 171 1639 
3231 172 1528 1639 
3232 174 1539 1640 
3233 1528 173 1640 
3234 267 1542 1638 
3235 269 1527 1642 
3236 1527 268 1638 
3237 1540 270 1642 
3238 1543 191 1671 
3239 190 1537 1671 
3240 186 185 1658 
3241 1609 1608 1610 
3242 1609 1610 1611 
3243 1538 1634 1657 
3244 1563 1561 1585 
3245 1612 1649 1662 
3246 1641 1585 1670 
3247 1553 1551 1564 
3248 243 1535 1688 
3249 1546 242 1688 
3250 1542 1630 1682 
3251 1553 1564 1565 
3252 1535 1629 1688 
3253 1547 1548 1675 
3254 170 1541 1653 
3255 1539 175 1652 
3256 1542 266 1651 
3257 271 1540 1650 
3258 1592 1644 1682 
3259 187 186 1660 
3260 1560 1561 1563 
3261 186 1658 1660 
3262 252 253 1661 
3263 1545 1653 1655 
3264 13 192 1683 
3265 256 16 1684 
3266 177 10 1685 
3267 12 241 1686 
3268 1561 1558 1648 
3269 1551 1549 1659 
3270 1630 1542 1678 
3271 1648 1562 1680 
3272 1653 1541 1655 
3273 1619 1591 1663 
3274 1543 1631 1678 
3275 265 13 1683 
3276 16 272 1684 
3277 10 169 1685 
3278 176 12 1686 
3279 1595 1596 1667 
3280 1549 1600 1659 
3281 1641 1640 1664 
3282 1587 1622 1665 
3283 1676 1562 1687 
3284 1611 1612 1662 
3285 1626 1654 1681 
3286 1665 1622 1668 
3287 1637 1633 1673 
3288 1638 1542 1682 
3289 189 188 1666 
3290 1565 1564 1677 
3291 1598 1588 1664 
3292 1622 1584 1668 
3293 1589 1590 1669 
3294 1597 1593 1679 
3295 1639 1528 1670 
3296 1542 1651 1678 
3297 1564 1551 1659 
3298 1615 1607 1676 
3299 1640 1539 1664 
3300 1528 1641 1670 
3301 191 190 1671 
3302 1536 1632 1667 
3303 1674 1569 1677 
3304 1571 1569 1674 
3305 1603 1637 1673 
3306 1585 1594 1670 
3307 1559 1636 1672 
3308 1631 1630 1678 
3309 1559 1615 1687 
3310 1569 1565 1677 
3311 1636 1567 1672 
3312 1527 1644 1681 
3313 1633 1668 1673 
3314 1644 1626 1681 
3315 241 1546 1686 
3316 1545 177 1685 
3317 1544 256 1684 
3318 192 1543 1683 
3319 1630 1592 1682 
3320 242 243 1688 
3321 1557 1559 1687 
3322 1642 1527 1681 
3323 1668 1584 1673 
3324 1653 1545 1685 
3325 1546 1652 1686 
3326 1650 1544 1684 
3327 1543 1651 1683 
3328 272 1650 1684 
3329 169 1653 1685 
3330 1651 265 1683 
3331 1652 176 1686 
3332 1651 1543 1678 
3333 1675 1597 1679 
3334 1615 1676 1687 
2 18 2 182
3335 1717 1737 1691 
3336 1691 1756 1717 
3337 1698 1743 1740 
3338 1702 1744 1700 
3339 1721 1722 1694 
3340 1697 1747 1732 
3341 1732 1748 1697 
3342 1740 1755 1698 
3343 1694 1725 1721 
3344 1724 1728 1693 
3345 1722 1723 1692 
3346 1700 1757 1702 
3347 1739 1755 1716 
3348 1726 1745 1742 
3349 1723 1724 1692 
3350 1746 1749 1735 
3351 1742 1745 1699 
3352 1689 1749 1746 
3353 1728 1729 1693 
3354 1716 1756 1739 
3355 1735 1740 1695 
3356 1715 1740 1735 
3357 1699 1745 1725 
3358 1701 1744 1702 
3359 1723 1727 1724 
3360 1698 1755 1739 
3361 1732 1749 1689 
3362 1727 1734 1712 
3363 1712 1730 1727 
3364 1729 1747 1697 
3365 1723 1734 1727 
3366 1740 1743 1736 
3367 1712 1731 1730 
3368 1703 1741 1738 
3369 1714 1731 1711 
3370 1711 1731 1712 
3371 1727 1728 1724 
3372 1722 1753 1694 
3373 1731 1732 1730 
3374 1693 1758 1724 
3375 1727 1730 1728 
3376 1725 1745 1721 
3377 1708 1733 1713 
3378 1713 1733 1716 
3379 1706 1733 1708 
3380 1707 1718 1705 
3381 1710 1734 1720 
3382 1720 1734 1723 
3383 1709 1734 1710 
3384 1720 1723 1722 
3385 1720 1722 1721 
3386 1720 1721 1719 
3387 1713 1716 1715 
3388 1713 1715 1714 
3389 1710 1720 1719 
3390 1719 1726 1718 
3391 1710 1719 1718 
3392 1713 1714 1711 
3393 1712 1734 1709 
3394 1710 1718 1707 
3395 1711 1712 1709 
3396 1708 1713 1711 
3397 1708 1711 1709 
3398 1709 1710 1707 
3399 1708 1709 1707 
3400 1717 1733 1706 
3401 1706 1708 1707 
3402 1706 1707 1705 
3403 1704 1717 1706 
3404 1704 1706 1705 
3405 1704 1705 1703 
3406 1697 1750 1729 
3407 1702 1704 1703 
3408 1690 1741 1726 
3409 1702 1703 1696 
3410 1738 1741 1690 
3411 1715 1735 1714 
3412 1717 1757 1737 
3413 1705 1741 1703 
3414 1726 1741 1718 
3415 1725 1751 1699 
3416 1689 1748 1732 
3417 1692 1753 1722 
3418 195 1738 196 
3419 268 1737 267 
3420 194 1696 195 
3421 259 1695 258 
3422 267 1700 266 
3423 261 1689 260 
3424 234 1694 235 
3425 263 1697 262 
3426 269 1691 268 
3427 193 1701 194 
3428 258 1736 257 
3429 236 1692 237 
3430 196 1690 197 
3431 238 1693 239 
3432 198 1699 199 
3433 270 1739 269 
3434 271 1698 270 
3435 1719 1745 1726 
3436 1732 1747 1730 
3437 1731 1749 1732 
3438 1701 1702 1696 
3439 1718 1741 1705 
3440 1739 1756 1691 
3441 1717 1756 1733 
3442 1702 1757 1704 
3443 1735 1749 1714 
3444 1726 1742 1690 
3445 1703 1738 1696 
3446 1728 1747 1729 
3447 267 1737 1700 
3448 1696 1738 195 
3449 1695 1736 258 
3450 194 1701 1696 
3451 196 1738 1690 
3452 1691 1737 268 
3453 1698 1739 270 
3454 269 1739 1691 
3455 1694 1752 1725 
3456 197 1742 198 
3457 1695 1740 1736 
3458 266 1744 265 
3459 272 1743 271 
3460 1721 1745 1719 
3461 1690 1742 197 
3462 198 1742 1699 
3463 1700 1744 266 
3464 271 1743 1698 
3465 1724 1758 1692 
3466 1730 1747 1728 
3467 1729 1754 1693 
3468 1714 1749 1731 
3469 259 1746 1695 
3470 1689 1746 260 
3471 265 1759 13 
3472 13 1759 193 
3473 16 1760 272 
3474 257 1760 16 
3475 1697 1748 262 
3476 261 1748 1689 
3477 15 1761 264 
3478 240 1761 15 
3479 14 1762 233 
3480 200 1762 14 
3481 1695 1746 1735 
3482 260 1746 259 
3483 263 1750 1697 
3484 1699 1751 199 
3485 262 1748 261 
3486 234 1752 1694 
3487 236 1753 1692 
3488 1694 1753 235 
3489 1693 1754 239 
3490 238 1758 1693 
3491 1692 1758 237 
3492 264 1750 263 
3493 1737 1757 1700 
3494 199 1751 200 
3495 1750 1754 1729 
3496 1716 1755 1715 
3497 1725 1752 1751 
3498 1733 1756 1716 
3499 1704 1757 1717 
3500 233 1752 234 
3501 235 1753 236 
3502 239 1754 240 
3503 1750 1761 1754 
3504 1752 1762 1751 
3505 1715 1755 1740 
3506 237 1758 238 
3507 193 1759 1701 
3508 1736 1760 257 
3509 1744 1759 265 
3510 272 1760 1743 
3511 1701 1759 1744 
3512 1743 1760 1736 
3513 264 1761 1750 
3514 1751 1762 200 
3515 233 1762 1752 
3516 1754 1761 240 
3 1 4 19474
3517 1763 1202 1309 1346 
3518 1764 1765 1766 1767 
3519 1768 767 803 764 
3520 1769 1770 1771 1772 
3521 1301 1366 224 1208 
3522 1773 1774 1775 1776 
3523 1777 1778 1779 1780 
3524 1781 1782 1783 1784 
3525 1785 310 311 309 
3526 1786 1787 375 376 
3527 441 1788 440 1789 
3528 1790 1372 1467 1206 
3529 1549 1791 1550 1792 
3530 1793 1794 1795 1796 
3531 1781 1797 1798 1799 
3532 1790 1800 1801 1802 
3533 1803 1804 1805 1806 
3534 1807 1808 1809 1810 
3535 1811 1812 1813 1814 
3536 1793 1794 1796 1815 
3537 1816 1817 1317 1249 
3538 1818 1819 1820 1821 
3539 1822 137 1823 584 
3540 1824 1825 1826 1827 
3541 1828 1829 1830 1831 
3542 1832 1833 1834 1835 
3543 1836 3 7 942 
3544 1837 1830 1838 1839 
3545 1840 440 438 439 
3546 1841 1842 1843 1844 
3547 1845 1503 1432 1448 
3548 1846 1847 1848 1849 
3549 1850 994 993 962 
3550 1851 73 137 930 
3551 1852 1853 1854 1855 
3552 1856 665 1857 1858 
3553 1859 1301 1204 1331 
3554 1860 1861 1862 1863 
3555 1864 1865 1866 66 
3556 1867 803 1768 1868 
3557 1127 1869 1088 1870 
3558 1871 1872 1873 1874 
3559 1875 1876 1877 1878 
3560 1879 83 902 84 
3561 1782 1880 1881 1882 
3562 1883 1884 1885 1886 
3563 1887 1888 1882 1889 
3564 1856 1857 1890 1858 
3565 1891 1892 1893 1894 
3566 1895 1896 1897 1420 
3567 1898 1899 1900 1901 
3568 1902 1903 1904 1905 
3569 1906 1907 1908 1909 
3570 1910 454 453 357 
3571 1856 1911 1912 799 
3572 1913 1914 1882 1915 
3573 1916 855 605 827 
3574 1917 1918 1919 1920 
3575 1921 1922 1832 1923 
3576 1924 1925 1926 1927 
3577 1928 1188 1929 1930 
3578 1926 1298 1260 1266 
3579 1931 1160 1046 1699 
3580 1932 1723 1933 1722 
3581 1934 1052 1192 1162 
3582 1935 1936 1937 1938 
3583 1939 1940 1941 1942 
3584 1943 1826 1944 1945 
3585 209 210 1146 1305 
3586 209 1305 1146 1202 
3587 1946 1947 1948 872 
3588 1851 1949 1950 1951 
3589 1856 1912 810 799 
3590 1952 797 875 798 
3591 1953 1120 1954 1152 
3592 1864 1874 1866 1865 
3593 1955 1956 1400 1396 
3594 1957 1958 1959 1960 
3595 1961 1962 1963 1964 
3596 1965 938 1966 1967 
3597 1968 500 1969 499 
3598 1970 1971 1972 466 
3599 1973 473 423 571 
3600 1974 427 1975 428 
3601 1976 1977 1978 1860 
3602 1979 1012 1954 1015 
3603 1980 1853 1981 1982 
3604 1983 1984 1985 1986 
3605 1987 1988 1989 1990 
3606 1991 1992 1993 1994 
3607 1995 1983 1996 1997 
3608 1998 1366 1301 1208 
3609 1999 627 628 625 
3610 2000 2001 2002 2003 
3611 2004 1110 1106 1037 
3612 2005 2006 2007 2008 
3613 2009 1103 1041 180 
3614 1934 1192 1358 1032 
3615 1954 1012 1045 969 
3616 2010 2011 2012 2013 
3617 1850 1200 1289 1350 
3618 2014 1453 2015 1439 
3619 2016 719 2017 679 
3620 1465 255 1544 1634 
3621 1465 1544 255 1379 
3622 254 253 1538 1370 
3623 2018 2019 2020 2021 
3624 2022 2023 2024 2025 
3625 2026 378 467 377 
3626 2027 2028 2029 2030 
3627 2031 2032 2033 2034 
3628 2035 534 567 478 
3629 2036 507 2037 334 
3630 2038 1365 1489 1452 
3631 1283 2039 1295 1342 
3632 2040 2041 2042 2039 
3633 1461 1499 1526 2043 
3634 2044 2045 2046 1728 
3635 1376 1697 262 263 
3636 2047 2048 2049 2050 
3637 2051 1478 1376 262 
3638 1376 1750 1697 263 
3639 1376 1482 1750 263 
3640 2041 2052 2053 1488 
3641 2054 1754 1729 1750 
3642 1856 810 1912 2055 
3643 2056 1518 1447 1446 
3644 2054 2051 1376 1697 
3645 2057 1349 1246 1244 
3646 2058 2059 2060 2061 
3647 2062 1603 2063 1674 
3648 1356 233 1752 1319 
3649 1751 1931 1160 2064 
3650 2065 2066 2067 979 
3651 2068 2069 2070 2071 
3652 2072 2073 2074 2075 
3653 2076 2077 2078 1776 
3654 2079 2080 2081 1945 
3655 1828 1915 2082 2083 
3656 1046 1699 198 1742 
3657 199 1699 1160 1751 
3658 199 1699 1046 1160 
3659 199 1046 1699 198 
3660 2084 2085 2086 2087 
3661 2088 1814 2089 2090 
3662 2091 891 96 32 
3663 2092 2093 2094 2095 
3664 2096 1284 1315 1241 
3665 2097 2098 1519 1436 
3666 2099 2100 2101 987 
3667 1856 2055 1912 2102 
3668 2103 2065 2104 978 
3669 1934 1358 1022 1032 
3670 1052 1954 1162 1934 
3671 2105 1066 1173 1187 
3672 1217 1052 202 201 
3673 188 1666 1172 189 
3674 2103 2106 2107 2108 
3675 243 2109 1466 1688 
3676 2109 2110 2111 1508 
3677 2112 2113 2114 2115 
3678 2116 402 2117 406 
3679 2118 2119 2120 2121 
3680 2122 2123 2124 1257 
3681 1850 1023 2125 1312 
3682 2126 1388 2127 1472 
3683 2128 2129 2130 2131 
3684 2132 2133 2134 2135 
3685 2136 2137 2138 2139 
3686 2140 555 2141 29 
3687 2142 2143 2117 467 
3688 227 1337 226 1470 
3689 2144 114 867 115 
3690 2145 2146 2147 1770 
3691 1912 810 799 756 
3692 2148 2149 2150 2151 
3693 1947 2152 2144 820 
3694 2153 2154 2155 2156 
3695 2157 1741 2158 1718 
3696 2159 1493 2160 1374 
3697 2161 697 1952 797 
3698 2162 1278 2163 1274 
3699 2164 2051 2045 1747 
3700 2165 2133 1801 2166 
3701 2167 2165 2168 2166 
3702 2169 1291 1111 1036 
3703 2170 2171 2172 2173 
3704 1875 1878 1877 2174 
3705 2169 1167 1117 1111 
3706 2175 29 30 897 
3707 2176 2177 2178 2179 
3708 2180 1075 1076 1070 
3709 2181 2182 2183 2184 
3710 2185 2186 2187 2188 
3711 1918 1920 2189 2190 
3712 2191 2192 2193 2194 
3713 2195 1581 2196 1591 
3714 2124 1259 1257 1258 
3715 2197 1370 1538 1504 
3716 1896 1416 1417 1418 
3717 1109 207 1290 206 
3718 2148 2198 2199 2200 
3719 1203 1038 206 205 
3720 2201 2202 2203 2204 
3721 2205 1054 2206 1121 
3722 2207 2208 2209 2210 
3723 2211 542 296 562 
3724 2212 2213 2214 285 
3725 2215 1596 1614 1667 
3726 2216 2217 2218 2219 
3727 2220 1767 2221 2222 
3728 2223 2224 2225 2226 
3729 2227 1223 2228 1224 
3730 2229 1057 1055 1056 
3731 2066 979 2065 978 
3732 2230 1974 2231 431 
3733 964 2232 2125 1213 
3734 2233 407 426 429 
3735 2234 2235 2236 2105 
3736 2237 2238 2239 2240 
3737 1939 2241 2113 1850 
3738 1934 1022 1021 1032 
3739 2242 551 2117 2243 
3740 2244 1923 2245 2246 
3741 2176 2247 2248 2249 
3742 2250 1582 1581 1579 
3743 2251 1720 1932 1721 
3744 2252 1325 1327 1297 
3745 2253 2254 2255 2256 
3746 2257 917 2258 50 
3747 2259 2014 1516 1421 
3748 1947 2260 2261 2262 
3749 2263 911 2264 119 
3750 2265 325 483 320 
3751 2266 2202 1053 1219 
3752 2267 2268 2269 2146 
3753 1050 1324 215 1215 
3754 1050 1142 215 1324 
3755 1050 215 216 1215 
3756 2064 1190 1356 1215 
3757 2270 1142 1209 1044 
3758 2271 2272 2273 2274 
3759 2275 2276 2196 2277 
3760 2278 1529 1620 1663 
3761 2279 1598 1664 1539 
3762 2280 2281 2282 2283 
3763 1261 2284 1300 2285 
3764 1817 1366 1468 1509 
3765 1868 803 668 652 
3766 2286 2287 2288 78 
3767 2289 2290 1460 1447 
3768 1897 1457 2291 1427 
3769 2292 2179 2293 2294 
3770 2111 1511 1434 1445 
3771 2015 1453 1410 1513 
3772 2295 2296 2297 2298 
3773 2299 465 2300 400 
3774 2301 1980 1982 1853 
3775 2302 2303 2304 2305 
3776 2306 2307 2308 2309 
3777 2310 2311 2312 2313 
3778 2029 2314 1973 2030 
3779 2085 2315 1844 2316 
3780 2128 2317 2129 2131 
3781 2241 2318 2319 1280 
3782 2320 2312 2321 2322 
3783 2319 1353 2202 1284 
3784 2323 599 863 819 
3785 2324 2325 2326 2327 
3786 2328 2329 2330 2331 
3787 2332 1998 2333 2334 
3788 1946 2335 1947 603 
3789 2336 1715 1713 1716 
3790 2337 2338 2339 1105 
3791 2340 2341 2342 2343 
3792 2344 2345 2337 1183 
3793 2148 2151 2346 2149 
3794 1956 1804 2347 1845 
3795 2145 881 2348 727 
3796 2263 2264 2349 119 
3797 2278 1035 1179 1131 
3798 2350 591 832 91 
3799 2351 850 823 854 
3800 1088 1869 1195 1078 
3801 1180 2352 2353 2354 
3802 2355 1787 2356 2357 
3803 2358 2359 2360 2361 
3804 2362 2363 2364 2365 
3805 2356 475 474 491 
3806 2366 2367 1840 391 
3807 2368 1500 1415 1454 
3808 2369 2370 2371 2372 
3809 2373 791 790 858 
3810 2374 2375 2376 2377 
3811 2266 1053 205 1219 
3812 2169 1111 1109 1167 
3813 2169 1111 1117 1036 
3814 2378 1238 1272 1277 
3815 2379 1321 1024 1211 
3816 2380 2381 2382 2131 
3817 1845 2383 2384 2379 
3818 2383 1020 2379 1485 
3819 2385 1803 2386 1804 
3820 2387 2097 2388 2389 
3821 2390 2391 1941 2066 
3822 1020 2383 999 967 
3823 2148 2200 2346 2151 
3824 2051 1732 1748 1697 
3825 2392 2393 2394 2395 
3826 2396 1292 1240 1285 
3827 1980 2253 2397 2398 
3828 2399 676 786 704 
3829 2362 798 885 135 
3830 2400 2227 2401 1221 
3831 2402 585 2403 105 
3832 2404 2405 2406 118 
3833 2407 1668 1633 1533 
3834 1661 1501 252 1533 
3835 1934 1192 1021 1162 
3836 969 1934 1021 1162 
3837 2353 147 1047 1151 
3838 1698 271 270 1540 
3839 1755 2408 1740 2409 
3840 2410 1521 1484 1760 
3841 1654 2274 1635 1625 
3842 2252 1325 2411 1166 
3843 1209 213 1325 1044 
3844 1209 214 213 1044 
3845 2412 2413 2414 2415 
3846 2416 1999 2417 2418 
3847 1841 2236 2419 2234 
3848 2420 1892 2421 2422 
3849 2423 2406 117 847 
3850 2424 2110 2425 2426 
3851 2220 2427 2428 2429 
3852 200 1751 1190 1762 
3853 2064 1050 1190 1215 
3854 2430 1278 2162 1351 
3855 1190 1215 1050 216 
3856 175 968 174 1539 
3857 175 1652 968 1539 
3858 175 968 1652 1013 
3859 2431 2432 2433 1096 
3860 2434 1739 2435 1642 
3861 2436 2437 1140 2438 
3862 2439 2440 2441 2442 
3863 1846 2443 2444 1848 
3864 1303 218 1467 1382 
3865 1303 1218 218 1382 
3866 2445 754 811 813 
3867 2287 527 289 78 
3868 2446 2447 90 828 
3869 2160 1530 1603 1602 
3870 2448 621 757 624 
3871 1024 1211 1321 159 
3872 2379 1211 1024 963 
3873 963 158 1211 159 
3874 963 1211 158 1028 
3875 1850 1289 1312 1340 
3876 2449 2006 2062 1569 
3877 2351 854 823 876 
3878 2450 814 713 743 
3879 2451 2452 2453 2454 
3880 2078 2455 2194 1839 
3881 2456 2457 2458 105 
3882 2459 2460 2461 696 
3883 2462 1907 2463 2464 
3884 2465 2466 2467 2468 
3885 2469 2470 2471 1897 
3886 2472 926 68 132 
3887 2473 2474 2475 2476 
3888 1953 1152 1034 1165 
3889 2354 1953 960 1034 
3890 1347 220 1372 1206 
3891 1347 1383 1372 220 
3892 1347 220 221 1383 
3893 2477 50 558 512 
3894 2478 2150 2151 2148 
3895 2101 2479 2353 972 
3896 2109 1466 1496 1371 
3897 2480 2481 2482 2360 
3898 176 1013 1652 1686 
3899 2483 2484 2396 2485 
3900 2486 2487 1928 2488 
3901 2489 1819 2490 2491 
3902 2492 2493 2159 1602 
3903 2494 1905 890 139 
3904 602 2495 2496 850 
3905 2497 1473 2498 1502 
3906 2499 1597 2500 2501 
3907 1823 1905 1904 2502 
3908 2503 1368 1601 1600 
3909 2504 745 637 744 
3910 2505 2506 2507 2402 
3911 2344 2508 1126 1156 
3912 2509 2496 2510 2495 
3913 2479 1029 971 1014 
3914 971 966 146 1047 
3915 1973 2030 2511 2512 
3916 2513 1539 1640 1009 
3917 239 238 1212 1693 
3918 253 1661 1504 252 
3919 1003 2103 2104 978 
3920 1801 1347 1270 1288 
3921 2514 2378 2131 2440 
3922 1850 962 992 1023 
3923 2515 541 2516 64 
3924 2439 2379 2514 1218 
3925 2306 2233 2243 407 
3926 2157 1741 2517 2158 
3927 2064 1356 1319 1215 
3928 146 147 1047 966 
3929 2514 1322 1211 1355 
3930 2518 2519 2520 1810 
3931 1955 1405 2347 2521 
3932 167 1020 1485 168 
3933 1189 1759 13 1683 
3934 1189 1759 193 13 
3935 2104 2065 983 978 
3936 2384 2440 2514 2381 
3937 2054 1216 1357 1522 
3938 240 15 1761 1357 
3939 227 228 1201 1365 
3940 227 1365 1201 1470 
3941 2522 2523 444 321 
3942 2524 2525 2523 2308 
3943 2526 2527 2528 2529 
3944 2530 2531 2532 2533 
3945 2534 2535 1972 355 
3946 2116 467 382 406 
3947 2536 1060 2537 1154 
3948 152 1032 9 1192 
3949 2174 1059 1069 1057 
3950 2538 2227 2539 2540 
3951 2541 1827 2542 2543 
3952 2544 33 2545 1 
3953 2546 902 1879 2547 
3954 2201 2266 1220 1219 
3955 2548 2549 2550 2551 
3956 2265 2552 2553 2554 
3957 2555 2556 2557 2558 
3958 2559 2560 2561 2562 
3959 1951 2563 2216 2217 
3960 2564 2565 2427 2566 
3961 2567 793 1999 631 
3962 2568 2569 2570 1894 
3963 2159 1601 1530 1602 
3964 2571 2572 2573 2574 
3965 2195 2575 2576 2577 
3966 2578 395 2579 368 
3967 2323 94 95 863 
3968 2445 751 2580 754 
3969 2581 2455 2194 2192 
3970 2148 2582 2583 2200 
3971 1888 1838 2584 2585 
3972 2586 1877 2587 2588 
3973 2224 2565 2588 2566 
3974 1930 1759 1651 1744 
3975 1929 1930 1049 1543 
3976 2433 189 1043 1172 
3977 2392 1669 1590 1631 
3978 2000 2589 2001 2590 
3979 2591 2592 2593 2594 
3980 2122 1295 1262 1300 
3981 2595 659 2596 658 
3982 2330 1413 1409 1410 
3983 2597 383 403 402 
3984 2390 2598 2599 1941 
3985 2600 495 536 458 
3986 1824 1827 1826 2601 
3987 1791 2602 2603 2604 
3988 2354 2352 1197 1100 
3989 960 1034 149 148 
3990 1064 2605 2606 1067 
3991 2605 2172 2607 2481 
3992 16 1521 1684 1760 
3993 16 1684 1521 256 
3994 1521 257 1484 1760 
3995 2410 1736 1378 1695 
3996 1684 272 1743 1650 
3997 2215 1595 1596 1667 
3998 2608 2609 2610 2611 
3999 2472 133 926 132 
4000 1887 1889 2612 2613 
4001 2614 96 869 604 
4002 2374 2592 2615 2616 
4003 2336 2435 1716 1733 
4004 2410 2409 2617 2434 
4005 2410 1743 1736 1740 
4006 2618 2619 2620 1990 
4007 2621 283 2622 2623 
4008 2624 2625 2626 2627 
4009 2148 2149 2583 2582 
4010 2628 1616 1570 1580 
4011 1524 217 11 1359 
4012 1524 11 1031 1359 
4013 2225 904 27 91 
4014 1875 2629 1182 1070 
4015 2630 2631 2632 2633 
4016 2634 777 2635 716 
4017 2610 2636 2637 2173 
4018 2638 2639 1785 2640 
4019 2587 1059 1877 1058 
4020 2641 1886 2642 2643 
4021 88 895 1764 1766 
4022 2452 2644 2645 2454 
4023 2646 309 2094 2095 
4024 2077 2446 2222 2429 
4025 2407 1668 1584 1673 
4026 2647 864 93 599 
4027 2648 2340 2649 2650 
4028 2651 1108 1110 1124 
4029 2090 1811 1814 1812 
4030 2652 2653 2654 1866 
4031 2655 2656 2657 1996 
4032 2324 2327 2145 583 
4033 2658 595 880 825 
4034 2659 2060 2660 2661 
4035 2486 1099 1097 1122 
4036 2449 2662 2663 2573 
4037 2043 1740 2410 1695 
4038 2176 2664 2665 2179 
4039 2576 2278 2666 2667 
4040 2290 2668 2408 2043 
4041 2500 2669 1645 2670 
4042 1003 2103 978 976 
4043 2279 2671 1598 1539 
4044 2513 2671 1025 985 
4045 2672 961 1026 1009 
4046 2673 1670 2672 1585 
4047 2674 2675 2676 2661 
4048 2310 2677 2678 2143 
4049 2010 2679 2011 2680 
4050 2681 2682 2683 57 
4051 2490 2301 2684 2491 
4052 2685 1394 2686 1401 
4053 2667 1621 1660 1658 
4054 2687 98 2688 829 
4055 1224 2689 2228 2227 
4056 2690 2396 2057 2485 
4057 2504 746 816 755 
4058 2691 2692 2107 2693 
4059 2449 2663 2662 2694 
4060 2695 2696 2475 2697 
4061 2109 1508 2111 1371 
4062 2698 1647 1550 1554 
4063 2109 1679 2699 1629 
4064 2700 2701 2702 2703 
4065 1958 564 410 511 
4066 1807 2132 2704 2134 
4067 1920 2705 2706 2707 
4068 2264 118 54 910 
4069 2259 2708 2709 2710 
4070 2564 2565 2566 1876 
4071 2031 1506 2127 2711 
4072 1790 1347 1372 1206 
4073 2712 2713 2213 2714 
4074 2715 2716 2717 2718 
4075 1790 2439 1467 1517 
4076 1954 1012 1152 1045 
4077 2449 2006 2719 2062 
4078 1939 2720 2721 1843 
4079 2381 1028 994 962 
4080 1936 2722 2723 2724 
4081 1845 1803 2384 2383 
4082 1509 2333 1817 1510 
4083 2725 2726 1706 1705 
4084 2336 1708 2727 1733 
4085 2728 1470 1201 1365 
4086 2726 1928 2729 1702 
4087 2604 1791 1549 1792 
4088 2730 2688 98 99 
4089 1111 1291 208 1036 
4090 1111 1291 207 208 
4091 2536 2731 2537 2586 
4092 2732 2733 2734 2735 
4093 2736 2737 2738 2739 
4094 1911 661 663 662 
4095 2328 2329 2740 2741 
4096 2742 809 2596 659 
4097 2743 1099 2487 1139 
4098 2252 2411 1325 1297 
4099 2744 1079 2629 1078 
4100 1195 2629 2180 1076 
4101 2196 1591 1589 1599 
4102 2576 2278 2667 1660 
4103 2745 1171 1870 2746 
4104 2432 1098 1096 1089 
4105 2122 2284 1300 1259 
4106 1875 2747 1876 1878 
4107 93 94 897 2175 
4108 1961 462 1971 466 
4109 2443 293 2748 545 
4110 2749 471 472 463 
4111 2726 1703 1928 1704 
4112 1178 1043 1537 190 
4113 2336 2408 2750 1713 
4114 2751 675 2752 2753 
4115 2754 2755 2756 2757 
4116 2545 33 97 950 
4117 2170 2528 2105 1154 
4118 2758 1944 2759 2525 
4119 1962 386 2626 2625 
4120 2760 941 143 79 
4121 2761 2762 2763 2764 
4122 1964 2765 1961 2749 
4123 2555 2558 2766 2767 
4124 2768 2769 2418 2770 
4125 2057 2771 1243 1245 
4126 2772 2409 2471 2271 
4127 2373 673 680 656 
4128 1836 2773 2774 2775 
4129 1429 2042 2041 1451 
4130 2776 683 685 778 
4131 2777 602 852 111 
4132 2778 2779 2780 2616 
4133 2781 2459 2782 789 
4134 2783 2784 2785 2786 
4135 2732 2787 2788 2502 
4136 2789 2027 2790 2791 
4137 2449 1570 2628 2006 
4138 2622 75 283 581 
4139 2099 1007 987 961 
4140 1850 992 2125 1023 
4141 1813 2792 2793 2794 
4142 2795 2796 2797 2798 
4143 2799 2800 1307 2801 
4144 2036 2802 366 345 
4145 2799 1307 1779 2801 
4146 2618 2620 2803 1990 
4147 2804 2805 2806 2496 
4148 2807 2808 2587 2345 
4149 1862 1863 1861 2809 
4150 2630 2644 2810 17 
4151 2487 1690 1033 1150 
4152 2811 1477 2383 1503 
4153 2812 2813 2810 2814 
4154 2815 2816 2817 2818 
4155 2351 2777 854 788 
4156 2323 2819 2820 2614 
4157 2821 2635 1831 1829 
4158 1914 812 692 713 
4159 2536 2528 1062 1154 
4160 2537 2822 2528 2823 
4161 490 2300 356 2824 
4162 2088 2825 2531 2089 
4163 2826 2827 2828 2829 
4164 2242 2117 551 523 
4165 2830 2831 298 433 
4166 2318 1286 1302 1280 
4167 2832 2210 2833 2142 
4168 1966 2834 2835 2735 
4169 2836 1394 1393 1474 
4170 1357 1754 1318 2054 
4171 2054 1728 2045 1747 
4172 2038 1365 1201 228 
4173 2449 2663 2628 1570 
4174 2220 2837 2221 2223 
4175 2838 333 342 340 
4176 2839 1723 1724 1692 
4177 2430 1752 1214 1319 
4178 2430 2162 2270 1279 
4179 219 1372 220 1206 
4180 2840 2841 2268 2842 
4181 2436 2843 2411 1169 
4182 1930 1759 1701 1161 
4183 2726 1704 1702 1757 
4184 1930 1702 1701 1744 
4185 1930 1700 1651 1542 
4186 2646 436 328 437 
4187 978 2844 2066 977 
4188 2845 2846 274 572 
4189 1954 1152 1120 1045 
4190 1152 149 960 1034 
4191 2354 1011 960 996 
4192 2847 1116 1954 1120 
4193 2266 1221 2201 1220 
4194 2407 1469 1369 1633 
4195 2043 2290 1461 2410 
4196 2574 2848 1575 1576 
4197 1461 2043 1462 2290 
4198 1764 2010 2849 2680 
4199 2850 96 2091 5 
4200 2445 1915 1914 693 
4201 2851 1256 2123 1254 
4202 2329 1506 2711 1444 
4203 2178 2438 1118 1174 
4204 2418 2852 2853 2854 
4205 1509 2333 1510 1433 
4206 2855 2292 2856 2857 
4207 2858 1994 2859 2334 
4208 2436 2843 2293 2411 
4209 2860 2861 2011 2862 
4210 2292 2437 2863 2436 
4211 1875 2808 2864 2180 
4212 2587 1877 2808 1876 
4213 2865 2866 111 112 
4214 2518 1810 2520 2867 
4215 2868 2869 2495 128 
4216 2560 2562 2870 2871 
4217 1701 193 194 1161 
4218 2433 1102 1176 1096 
4219 970 1014 170 1653 
4220 970 170 1541 1653 
4221 2100 1027 987 1007 
4222 2872 2066 977 980 
4223 2098 2873 1519 1487 
4224 1486 1377 162 1006 
4225 1486 162 161 1006 
4226 2874 1442 2875 2521 
4227 2439 2379 2384 2514 
4228 1939 1941 2876 2877 
4229 2379 1020 1024 1031 
4230 2479 1545 1685 1653 
4231 2873 1006 965 1377 
4232 2878 2879 2880 2501 
4233 2682 920 121 57 
4234 2068 2881 2069 2071 
4235 2882 2378 2883 1271 
4236 1793 1794 1815 2024 
4237 2545 97 5 950 
4238 1887 2082 1838 1830 
4239 2884 2885 2886 2598 
4240 2887 2888 2889 2890 
4241 2116 2117 467 406 
4242 1928 2729 1702 1930 
4243 1928 1696 1048 1161 
4244 192 1543 1189 1683 
4245 2726 1717 2729 2395 
4246 2776 2891 2892 778 
4247 2111 1511 1547 1535 
4248 2893 2894 2622 2895 
4249 1969 372 500 352 
4250 2896 2897 2368 1413 
4251 2058 2093 2646 2898 
4252 1956 1845 2347 1432 
4253 2899 871 851 129 
4254 2900 2901 2902 2391 
4255 2430 2064 1752 1319 
4256 1720 2903 1710 2251 
4257 1933 1314 1354 1199 
4258 1375 967 166 1018 
4259 2873 1519 1487 1377 
4260 1375 1018 166 1477 
4261 377 2142 467 2143 
4262 2381 1313 1028 962 
4263 1777 1780 2904 2794 
4264 2036 2881 2037 2071 
4265 2905 752 611 613 
4266 2579 395 367 368 
4267 2906 2907 2908 2909 
4268 2101 974 1027 972 
4269 2668 1518 1363 1475 
4270 2043 1695 259 1746 
4271 2910 2911 2912 2913 
4272 2914 2221 1766 25 
4273 2742 2853 2915 2770 
4274 2916 2917 2918 2767 
4275 2919 2920 2921 2922 
4276 2923 771 780 667 
4277 2423 873 805 847 
4278 2924 2741 2371 2925 
4279 2926 2927 2928 2929 
4280 2930 2648 1908 1608 
4281 2370 1992 1994 2931 
4282 2932 348 483 325 
4283 1785 311 317 309 
4284 2354 1034 960 148 
4285 2425 2933 2281 2426 
4286 2889 2934 2424 2935 
4287 2811 1016 1019 959 
4288 2775 2936 2937 1996 
4289 2164 1732 2668 2051 
4290 2531 39 945 38 
4291 1021 1032 152 1192 
4292 2324 722 1890 709 
4293 2938 919 52 51 
4294 1916 81 2939 82 
4295 2940 2694 2663 1580 
4296 2766 1791 1550 2698 
4297 2063 1603 2160 1530 
4298 1464 1368 247 1601 
4299 2941 2603 2397 2933 
4300 2161 2920 2921 2942 
4301 2241 1340 2125 1213 
4302 173 172 1528 961 
4303 1009 1528 961 173 
4304 2441 2347 2386 2439 
4305 2873 1005 2811 1016 
4306 2943 2873 2671 985 
4307 2811 1448 1364 1477 
4308 2944 2945 2946 2947 
4309 2948 2949 2555 2556 
4310 2136 80 2950 2951 
4311 2479 1051 1191 1545 
4312 2952 2953 2954 1794 
4313 2534 2955 2956 2535 
4314 2068 346 335 487 
4315 2704 1329 1270 1345 
4316 2957 2794 1780 2958 
4317 2959 1810 1809 2960 
4318 2749 388 472 471 
4319 2961 2911 2962 2963 
4320 2964 2965 2966 2967 
4321 2968 2969 2970 2093 
4322 2971 2458 2972 105 
4323 2456 2403 2973 2457 
4324 2974 1564 2557 1551 
4325 226 1333 1468 1337 
4326 226 1468 1333 225 
4327 1468 1208 1333 225 
4328 2975 2976 2977 2978 
4329 2979 2980 2981 2982 
4330 2671 1030 1013 1006 
4331 2387 2983 2984 2985 
4332 2986 1613 2987 1605 
4333 2988 2989 2990 2991 
4334 2479 971 972 1014 
4335 2479 1655 1545 1653 
4336 2992 2993 2994 1067 
4337 2728 2995 2996 2156 
4338 2051 1515 1483 1376 
4339 2040 2045 2997 2056 
4340 2111 1547 2998 1535 
4341 2999 922 59 123 
4342 3000 2752 676 655 
4343 2882 1271 2883 1329 
4344 3001 3002 1900 1901 
4345 1837 3003 2455 3004 
4346 2966 2964 2967 3005 
4347 2797 2613 3006 3007 
4348 3008 2750 2408 3009 
4349 2411 2438 1140 1170 
4350 2411 1326 2438 1170 
4351 2843 1093 1138 1169 
4352 2744 3010 1080 1168 
4353 2726 1702 2729 1757 
4354 2898 2061 3011 2367 
4355 3012 35 3013 953 
4356 2846 56 572 55 
4357 3014 1042 203 1141 
4358 255 1379 1544 256 
4359 2995 1455 1456 1431 
4360 2197 1370 1505 1507 
4361 1847 479 2748 291 
4362 2064 1762 1356 1190 
4363 2725 2726 3015 3016 
4364 3017 932 3018 144 
4365 2742 1912 3019 2102 
4366 3020 3021 3022 2780 
4367 3023 3024 3025 2473 
4368 1837 2455 2592 3004 
4369 3026 1555 1557 1556 
4370 1908 2463 1909 1907 
4371 1845 1804 1803 2811 
4372 3027 3028 2310 3029 
4373 3030 2400 1346 1239 
4374 2807 2861 2564 3031 
4375 3032 2279 2699 1588 
4376 2522 304 3033 321 
4377 3034 2969 444 442 
4378 2465 3035 2806 3036 
4379 3037 3038 3039 3040 
4380 2096 2241 1280 1268 
4381 2224 2588 2731 2566 
4382 3041 3042 3043 3044 
4383 3045 2332 3046 3047 
4384 2369 2925 2371 3048 
4385 1856 3049 1858 1890 
4386 1150 195 1738 196 
4387 1690 1153 197 1742 
4388 2436 2437 2438 2179 
4389 3050 857 776 729 
4390 2863 1082 1083 1084 
4391 2807 3051 3052 1876 
4392 3053 3054 2270 1143 
4393 1924 3055 3056 3054 
4394 2435 1717 1756 1733 
4395 2411 1205 1039 1166 
4396 1926 1298 3057 1260 
4397 1168 3010 1134 3058 
4398 3059 3060 3055 2855 
4399 2626 1963 339 362 
4400 1961 358 462 466 
4401 2217 2002 2001 2003 
4402 2974 3061 2492 2493 
4403 2354 1197 1953 1034 
4404 2600 3062 2700 2025 
4405 3063 2598 2885 3064 
4406 2972 3065 2467 2971 
4407 3066 2877 2542 3067 
4408 3068 3069 2234 2186 
4409 2431 1589 2433 1599 
4410 2486 2433 1178 1043 
4411 2289 1430 1447 1463 
4412 2906 2572 3070 2909 
4413 2393 3071 3072 2394 
4414 3073 41 3074 40 
4415 2136 79 2950 80 
4416 2320 502 323 316 
4417 2037 1910 335 1793 
4418 3075 3076 2311 2717 
4419 1524 217 1218 1382 
4420 2366 276 530 440 
4421 2378 2131 3077 1238 
4422 3078 931 3079 78 
4423 3080 3081 3082 2625 
4424 3083 3084 3085 3086 
4425 3087 3088 2201 2227 
4426 2883 1238 1237 1271 
4427 2231 540 3089 295 
4428 3090 577 411 415 
4429 467 2116 2026 2143 
4430 1939 2876 2113 2721 
4431 3091 3092 2945 2940 
4432 3093 3094 1893 2842 
4433 3095 1407 3096 1406 
4434 1963 325 339 348 
4435 2414 70 3097 3098 
4436 1963 2932 325 348 
4437 3099 3100 3101 3102 
4438 2216 1951 2217 2001 
4439 2479 970 1653 1014 
4440 2479 1685 1191 1029 
4441 2479 1029 1163 971 
4442 1973 3103 3104 569 
4443 2872 988 3105 996 
4444 2436 2411 2293 2438 
4445 3106 3107 2955 2954 
4446 3000 655 677 796 
4447 3108 2356 474 491 
4448 2104 986 983 985 
4449 2622 75 2623 283 
4450 2353 971 1047 966 
4451 2952 3109 452 1796 
4452 3110 3111 2075 2087 
4453 2230 2305 2141 30 
4454 2646 2094 3112 2093 
4455 965 162 1377 1006 
4456 965 1377 162 163 
4457 2387 2671 2097 2098 
4458 3113 1435 3114 1436 
4459 2873 1016 2811 1476 
4460 2873 1438 1519 1476 
4461 2787 1905 138 856 
4462 2595 657 634 792 
4463 3115 938 75 74 
4464 2220 2223 2221 3116 
4465 406 548 2833 2142 
4466 2668 2051 1732 1748 
4467 2041 2054 2051 1483 
4468 2434 1681 1654 1642 
4469 2821 2350 2635 1829 
4470 3053 1931 3054 1143 
4471 2401 1290 1332 1221 
4472 2375 2376 3117 3118 
4473 3119 1779 1231 1227 
4474 3013 36 100 953 
4475 3120 62 126 924 
4476 2514 2381 2378 1277 
4477 2332 2154 2709 2156 
4478 2751 2753 2505 818 
4479 3121 3122 2128 3123 
4480 1961 1963 1970 1964 
4481 3124 572 2845 544 
4482 2725 1706 2727 1708 
4483 3125 1611 2746 2651 
4484 3126 2339 2004 2343 
4485 3007 1887 2594 2612 
4486 3003 3004 2182 3051 
4487 2177 1361 1265 1352 
4488 249 250 1469 1637 
4489 249 1469 1374 1637 
4490 1501 251 252 1533 
4491 1501 1533 1369 251 
4492 1895 1480 1500 1454 
4493 3127 2836 3128 1411 
4494 2560 3129 3130 3131 
4495 3132 2033 1821 2034 
4496 1545 1155 1632 3133 
4497 2626 338 3134 385 
4498 1954 2236 2419 2847 
4499 2233 555 282 429 
4500 2116 2143 2117 3135 
4501 382 2026 2116 3136 
4502 2833 519 523 26 
4503 2128 2129 2317 3137 
4504 2691 2983 2985 3138 
4505 2291 1661 1665 1533 
4506 2291 1501 1661 1533 
4507 1828 3139 2634 2082 
4508 2306 2309 2243 2233 
4509 3140 3141 3012 3013 
4510 2443 541 293 545 
4511 2265 2552 3142 2553 
4512 2153 2708 3143 2909 
4513 2104 2513 986 985 
4514 2943 2104 2985 2065 
4515 3144 1401 1492 1435 
4516 2711 1444 1404 1513 
4517 2943 2065 2067 981 
4518 3145 2608 2018 2611 
4519 2185 2225 3146 2224 
4520 3147 2489 3148 2490 
4521 1961 463 462 471 
4522 3149 3150 3151 3152 
4523 3153 2786 3154 1981 
4524 3155 2261 1946 3156 
4525 2845 418 414 413 
4526 3071 3157 2276 2431 
4527 2040 2041 2045 2056 
4528 2617 1544 1465 1379 
4529 1955 2521 1479 1405 
4530 1875 2808 2180 1075 
4531 2353 972 2479 971 
4532 2353 972 971 966 
4533 2605 1073 2172 2481 
4534 2836 1395 1397 1393 
4535 3158 3159 2465 2467 
4536 1809 2657 3160 1807 
4537 3161 3162 2582 2149 
4538 3163 1889 2613 2612 
4539 3030 1346 1763 1276 
4540 3145 2526 3164 3165 
4541 204 1207 1042 203 
4542 2236 2419 2847 1843 
4543 3166 2148 3167 2516 
4544 2392 1669 2394 1590 
4545 2408 2043 2668 1749 
4546 2054 1728 2046 2045 
4547 2054 1761 1482 1522 
4548 2726 1704 1928 1702 
4549 1926 1256 2293 1296 
4550 2037 2024 2660 2071 
4551 3168 3169 3170 3118 
4552 3171 1855 3172 3173 
4553 3174 3084 3175 3085 
4554 3176 3177 3178 2422 
4555 2188 1833 2822 2731 
4556 3179 3180 3181 3152 
4557 2445 753 813 693 
4558 2031 1472 1395 1391 
4559 3182 3183 3184 3185 
4560 2434 1654 1635 1540 
4561 1739 1642 270 269 
4562 2434 1650 1698 1540 
4563 2712 2355 3108 2356 
4564 2380 2129 2382 2390 
4565 2138 3186 3187 512 
4566 2548 3188 2108 2551 
4567 2497 2604 3189 2603 
4568 1511 244 1547 1535 
4569 1511 1371 244 1535 
4570 3059 2855 3055 3190 
4571 3191 2223 2220 2427 
4572 1773 2077 3192 2447 
4573 3066 2115 3122 2876 
4574 1358 9 1192 201 
4575 1934 1217 2318 1286 
4576 1916 605 3193 81 
4577 2712 3194 2214 3108 
4578 1924 2843 3055 3195 
4579 3196 842 2507 107 
4580 2155 1267 2728 2156 
4581 2403 103 3197 2457 
4582 2482 1186 3198 1094 
4583 2712 3108 2713 2356 
4584 3199 277 3108 528 
4585 2995 2708 1896 2996 
4586 2712 3108 2214 2713 
4587 3200 375 374 376 
4588 2950 4 2951 80 
4589 2168 1384 1385 1386 
4590 3132 2034 3095 2031 
4591 2333 1440 1433 1509 
4592 2884 2676 2885 2598 
4593 53 54 910 2264 
4594 2659 2060 2661 3201 
4595 1850 1350 1313 1200 
4596 1023 962 156 1200 
4597 1023 156 1312 1200 
4598 1023 156 155 1312 
4599 2058 2036 2646 2095 
4600 3202 2777 2806 3203 
4601 3204 3205 1842 3067 
4602 1869 2180 1081 1195 
4603 2126 3152 3149 3206 
4604 2830 3207 2831 428 
4605 2712 2355 2790 3208 
4606 3209 3203 2805 2496 
4607 2824 2535 354 352 
4608 2671 1010 2873 1006 
4609 2067 2391 2390 2066 
4610 2174 3210 1878 3211 
4611 2421 3212 3178 3213 
4612 2312 3214 2320 2970 
4613 3215 2525 2968 3033 
4614 3216 2130 2128 2129 
4615 2094 308 2969 3214 
4616 2952 501 2824 2953 
4617 2555 2949 2557 2556 
4618 3217 23 3199 2832 
4619 3218 3140 1978 2991 
4620 3219 3220 1800 2875 
4621 2178 1118 1175 1174 
4622 2881 346 2069 365 
4623 2438 1305 1146 210 
4624 3221 1284 3222 1316 
4625 3088 2227 1223 1221 
4626 2937 2936 1983 1996 
4627 2652 66 130 935 
4628 3158 3159 2467 2458 
4629 2169 207 1111 1291 
4630 1763 1346 1291 1202 
4631 1499 2772 1507 2617 
4632 2712 3208 3194 2355 
4633 2872 2066 1940 1942 
4634 3223 483 401 459 
4635 1862 2989 2991 3224 
4636 3225 298 2831 300 
4637 2937 1983 2936 3226 
4638 1371 243 244 1535 
4639 3227 2679 2680 3228 
4640 1980 3229 3230 2256 
4641 3231 3232 2834 3233 
4642 2109 3114 2426 2110 
4643 2490 3234 3148 3147 
4644 1915 689 690 693 
4645 3235 2904 3119 3236 
4646 2266 1055 2401 1109 
4647 2640 1815 1796 1794 
4648 1777 1233 1229 1231 
4649 2531 2457 3197 103 
4650 1999 3237 3238 625 
4651 3085 3239 3019 2448 
4652 1934 1032 1021 1192 
4653 2374 3240 2377 2376 
4654 3241 3242 3243 2929 
4655 2648 2341 2340 2650 
4656 3196 842 844 750 
4657 595 3244 3245 132 
4658 3246 3247 3248 3249 
4659 3142 318 3250 314 
4660 1314 238 1758 1212 
4661 1314 1758 238 237 
4662 1692 1314 1199 237 
4663 2164 1731 3009 1749 
4664 1842 3251 3252 3253 
4665 3254 3221 3224 2203 
4666 2205 2266 1038 1055 
4667 1940 2125 1850 992 
4668 2617 1499 1465 1507 
4669 2393 1592 2392 2394 
4670 3227 3255 3256 3257 
4671 2979 2982 2981 2003 
4672 3258 50 2258 51 
4673 3113 1498 1956 1399 
4674 2278 1179 1035 1172 
4675 2666 2745 1144 1130 
4676 2745 1171 2746 1149 
4677 2251 1931 1932 3054 
4678 2278 1035 1529 1172 
4679 1928 1738 2487 1150 
4680 2329 3095 2034 1408 
4681 3259 2786 3172 3154 
4682 3260 3156 3261 3262 
4683 2394 2431 1589 1669 
4684 2064 1320 2270 1215 
4685 1869 3263 3264 1870 
4686 2217 2589 2001 2219 
4687 2339 1074 3198 1104 
4688 3227 3257 3256 2632 
4689 3202 2806 3100 3265 
4690 2333 1403 1433 1404 
4691 1790 1512 2874 1517 
4692 2177 1309 2438 1269 
4693 2181 2183 2182 2864 
4694 1763 1118 1146 1036 
4695 1754 240 1357 1318 
4696 2054 1376 1750 1697 
4697 1754 1357 240 1761 
4698 3227 2680 3266 3228 
4699 3267 3268 3269 707 
4700 3270 1883 3240 2928 
4701 782 2781 698 732 
4702 2306 407 405 408 
4703 1835 3271 2565 2224 
4704 2178 2629 2744 1079 
4705 3244 2658 3245 3272 
4706 2652 936 67 131 
4707 2651 1156 2508 1108 
4708 1531 1037 181 182 
4709 1531 182 1643 1037 
4710 2987 1613 1607 1605 
4711 2009 1198 1041 1103 
4712 2116 3135 2117 2309 
4713 2381 1850 1277 1350 
4714 3273 2101 2100 2479 
4715 2009 2482 1041 1198 
4716 3133 2480 1155 1632 
4717 1817 1317 1333 1208 
4718 1051 177 1545 178 
4719 2791 3274 3275 3276 
4720 3191 2220 2223 2225 
4721 1939 2113 2876 1850 
4722 2671 1030 1486 1686 
4723 241 1686 1546 1381 
4724 242 1546 1466 1381 
4725 1261 2284 2285 3277 
4726 260 1475 259 1746 
4727 261 1363 1689 1748 
4728 3278 543 2748 293 
4729 2584 3279 3280 3281 
4730 3086 3281 2854 3282 
4731 2777 111 852 110 
4732 3202 788 848 600 
4733 2663 1575 2848 1617 
4734 2283 2280 2783 2785 
4735 1786 1787 3200 375 
4736 1701 1759 193 1161 
4737 2487 1033 2517 1148 
4738 2487 1690 2517 1033 
4739 3283 850 127 823 
4740 3217 3284 3199 3285 
4741 2126 3286 3206 3287 
4742 2058 1815 2093 2659 
4743 2066 979 978 977 
4744 2651 1643 1609 1656 
4745 2368 1413 1415 1497 
4746 2449 2663 1570 1571 
4747 3244 593 2364 133 
4748 2950 3288 3289 2951 
4749 3290 2343 2340 3291 
4750 3098 134 928 70 
4751 1947 1948 872 113 
4752 2890 3289 3292 3293 
4753 2878 3032 1593 1566 
4754 3034 504 444 384 
4755 3294 3295 3296 2999 
4756 1846 2150 2151 2444 
4757 3273 3297 2215 2360 
4758 3264 2746 2745 1870 
4759 2330 1407 3298 1408 
4760 2732 2734 2733 1903 
4761 1530 2063 1374 2160 
4762 2097 1514 1438 1476 
4763 2555 3233 2918 3299 
4764 3300 2896 3301 3302 
4765 3303 3036 3304 3305 
4766 3095 3096 3128 1406 
4767 1933 1314 1758 2046 
4768 3306 2908 3307 2273 
4769 3308 2839 2046 1933 
4770 3047 3045 3309 3046 
4771 3310 2301 3311 3229 
4772 3312 3249 3247 1806 
4773 2109 2998 2111 2426 
4774 2299 3313 2300 465 
4775 2604 2503 1600 1368 
4776 2104 2693 2985 2107 
4777 169 10 1685 1029 
4778 3314 800 3315 3040 
4779 1934 1217 1192 1052 
4780 2266 2202 2201 2204 
4781 1358 9 153 1032 
4782 2537 1060 2586 1056 
4783 2587 2566 2731 2588 
4784 1914 3316 753 814 
4785 2432 1098 1102 1096 
4786 2056 1515 2051 1446 
4787 2291 1457 3317 2197 
4788 2746 2651 1534 1040 
4789 2746 1534 1662 1658 
4790 2449 1571 1570 1569 
4791 3318 2717 3075 3319 
4792 3225 301 2367 391 
4793 73 2894 3320 275 
4794 2732 1903 3321 2735 
4795 3308 2285 1275 1282 
4796 2408 2668 3009 1749 
4797 1924 1927 3322 1925 
4798 2038 1304 1201 1341 
4799 2742 2852 2853 2770 
4800 2033 2032 3286 3213 
4801 1998 1450 1301 1366 
4802 3289 3288 3323 2951 
4803 3324 3325 3326 1772 
4804 2587 1145 1059 1058 
4805 1780 3327 1997 1995 
4806 2896 2330 1413 2160 
4807 2732 1967 1902 2733 
4808 2608 2021 2610 2173 
4809 2547 82 900 18 
4810 2859 3045 2333 1403 
4811 2671 1381 1486 1487 
4812 1906 2913 3002 1909 
4813 3328 2328 3329 2331 
4814 3007 2181 3330 3331 
4815 2031 2033 3286 3287 
4816 3196 844 2751 750 
4817 3332 2545 2244 3333 
4818 1875 1070 1059 1075 
4819 2771 1985 1308 3334 
4820 3277 3057 1927 2162 
4821 1929 1631 1678 1543 
4822 2289 2056 2997 3009 
4823 2056 1515 1446 1437 
4824 2844 2103 3335 2551 
4825 1303 1467 219 1206 
4826 2534 1972 2956 3336 
4827 1020 1375 2383 967 
4828 2384 2379 2380 2381 
4829 1867 3337 762 645 
4830 2536 2528 2529 1062 
4831 2516 63 64 541 
4832 3220 3338 3339 1386 
4833 3340 3341 2563 2834 
4834 2126 1391 2031 3342 
4835 1910 2024 2037 2881 
4836 3343 3044 3344 2967 
4837 3095 3128 3096 3229 
4838 3217 3266 2914 3285 
4839 1846 3345 2070 2661 
4840 3346 1937 1936 2722 
4841 1790 1467 1303 1206 
4842 1790 1206 1303 1334 
4843 2041 2051 2045 2056 
4844 2054 2046 1728 1729 
4845 1022 1358 1323 153 
4846 3347 42 3348 947 
4847 2084 2822 2085 2087 
4848 2586 2588 2587 2731 
4849 3349 2588 1877 3350 
4850 1898 1907 1909 2463 
4851 3059 2743 3351 3157 
4852 1930 1700 1702 1744 
4853 1928 1184 1122 1048 
4854 3352 3353 3211 2705 
4855 2850 898 96 95 
4856 3354 3355 2861 3356 
4857 3221 3222 2203 1316 
4858 3357 2949 3358 1636 
4859 1914 692 3139 713 
4860 2799 1779 3359 3360 
4861 3361 735 3362 716 
4862 3363 3000 3364 2752 
4863 2874 1512 1442 1517 
4864 2771 1859 1816 3365 
4865 2496 2777 602 854 
4866 2035 2579 2578 395 
4867 2635 591 2350 864 
4868 2952 3109 1796 1794 
4869 1978 3366 2544 3218 
4870 2116 2309 2117 2243 
4871 2035 534 2578 3162 
4872 2992 2994 2993 3367 
4873 2058 2898 1788 2061 
4874 3142 2552 320 319 
4875 941 3079 142 78 
4876 2344 1107 1106 1108 
4877 2564 2566 3368 1876 
4878 2700 2703 2702 3369 
4879 1979 3370 2419 1954 
4880 2243 407 468 403 
4881 2215 1596 2359 1614 
4882 2899 81 871 6 
4883 1640 2279 1664 1539 
4884 2712 3194 3208 3371 
4885 3217 2914 3284 3285 
4886 3125 1611 2651 1609 
4887 595 3244 132 825 
4888 1950 3115 2893 73 
4889 1910 2025 3372 2703 
4890 3373 3374 3375 3376 
4891 3150 3338 3377 1386 
4892 2114 1235 1335 1236 
4893 3378 53 3379 3380 
4894 3381 3032 2669 1563 
4895 979 3382 2067 982 
4896 2598 3383 2659 2599 
4897 3225 298 299 278 
4898 2610 3027 2020 3384 
4899 2080 297 298 278 
4900 832 3385 2350 91 
4901 2438 1269 1326 1328 
4902 3191 3271 2224 2427 
4903 3386 2905 2450 611 
4904 2929 3387 3241 2460 
4905 3217 3285 3257 3266 
4906 2639 2092 1785 2640 
4907 1846 2150 2444 2443 
4908 3124 3388 2870 3389 
4909 2404 2405 1770 1772 
4910 3149 3339 3219 3151 
4911 2399 787 843 704 
4912 3390 1440 1509 1471 
4913 2356 474 1787 379 
4914 3217 3257 3255 3266 
4915 3125 3391 1611 1612 
4916 2781 2782 782 789 
4917 3003 3392 3004 3051 
4918 1897 3317 3393 2471 
4919 3394 3395 1906 3396 
4920 2060 3201 3397 2661 
4921 2634 2635 3361 716 
4922 1930 1744 1651 1700 
4923 3059 2743 3055 3060 
4924 3053 2158 3190 3056 
4925 2055 3019 2102 3398 
4926 2177 3399 1361 1352 
4927 3217 3285 3199 3257 
4928 3346 1937 1935 1936 
4929 3400 2788 2787 1851 
4930 2499 1791 2698 1647 
4931 1813 2904 1814 3401 
4932 3402 3341 2918 2556 
4933 3103 546 2211 542 
4934 2312 2969 3214 2970 
4935 3391 1649 2667 1662 
4936 2029 481 364 371 
4937 3294 3403 59 60 
4938 2645 2547 1879 2454 
4939 3404 3405 3406 3407 
4940 1825 1827 3204 2542 
4941 1764 3255 2010 2680 
4942 3243 3182 3408 3409 
4943 2209 3029 2020 2678 
4944 2517 1033 1153 1185 
4945 2430 1722 1933 1753 
4946 2251 1932 3056 3054 
4947 1160 1931 1143 2064 
4948 2817 2090 3410 3411 
4949 2900 2975 3412 3413 
4950 2689 2801 3236 1307 
4951 3414 2611 3145 2018 
4952 2742 2852 2596 2102 
4953 2587 1061 3368 1065 
4954 3357 2007 3358 3415 
4955 2600 359 3313 495 
4956 2639 3416 1785 2092 
4957 188 1172 1529 1035 
4958 1529 187 1035 1660 
4959 2433 1102 2432 1172 
4960 188 1666 1529 1172 
4961 2662 2945 2944 3417 
4962 2036 507 506 437 
4963 1737 267 1700 1542 
4964 1737 1638 267 1542 
4965 1737 267 1638 268 
4966 1737 1638 1691 268 
4967 2410 1650 2434 1635 
4968 2392 2433 2431 1669 
4969 2394 2196 2250 1582 
4970 2729 1527 1691 1638 
4971 202 1141 1302 203 
4972 33 1977 2545 97 
4973 1787 375 376 377 
4974 2533 40 3418 2827 
4975 3419 702 725 785 
4976 1219 1348 1220 2201 
4977 2403 104 838 103 
4978 3420 3421 2581 3422 
4979 1043 1537 190 189 
4980 2433 1671 1929 1178 
4981 3091 3092 2940 2576 
4982 1929 1049 1930 1188 
4983 2401 3423 2174 1055 
4984 2400 1221 1332 1223 
4985 1828 2635 2446 1829 
4986 1686 2671 1546 1381 
4987 2513 1025 986 985 
4988 2671 1486 1381 1686 
4989 2352 1095 2481 1073 
4990 3424 1494 2159 1368 
4991 3126 1103 2009 181 
4992 3425 386 2625 488 
4993 2548 2101 2106 3426 
4994 2042 229 1489 1304 
4995 3420 1839 3192 2194 
4996 1363 1746 260 1689 
4997 2290 2408 2471 2409 
4998 1869 3263 3427 3428 
4999 184 1534 1040 185 
5000 3126 1037 1103 181 
5001 2772 1461 2410 1499 
5002 1484 257 1736 1760 
5003 3429 1308 1248 1242 
5004 3430 2120 3431 2869 
5005 1763 1309 1361 1276 
5006 3432 2751 3433 3434 
5007 1761 1522 1357 15 
5008 1761 264 1522 15 
5009 232 15 1357 1522 
5010 2279 2699 2671 3435 
5011 2476 3436 1972 2956 
5012 1803 2386 2129 2385 
5013 3231 3233 2217 2003 
5014 3202 3433 3437 3203 
5015 3420 2581 2192 3422 
5016 2618 1990 1987 2619 
5017 3273 3297 2480 2215 
5018 2552 322 326 324 
5019 2329 1410 1408 1513 
5020 2573 1574 1584 1622 
5021 2031 1395 3342 1391 
5022 1818 2836 3095 3128 
5023 3005 2200 2966 3438 
5024 3402 3341 3439 2918 
5025 3440 29 906 28 
5026 1875 2174 1877 1059 
5027 3357 2464 2007 3415 
5028 3441 2328 2924 2741 
5029 3267 590 866 841 
5030 2981 3381 2670 1560 
5031 2756 838 741 831 
5032 2031 1506 2711 2034 
5033 2404 1769 3326 1772 
5034 2820 740 819 604 
5035 2479 1685 1029 1653 
5036 169 1014 1029 1653 
5037 2273 1624 2274 1583 
5038 1930 1543 1189 1049 
5039 1928 1122 1188 1048 
5040 2165 1338 1360 1288 
5041 2290 2043 1462 1518 
5042 2051 1478 262 1748 
5043 2054 1761 1754 1750 
5044 2726 1717 2395 1733 
5045 2051 1515 1376 1478 
5046 230 1210 229 1373 
5047 2054 1376 1483 1482 
5048 2054 2046 1729 1693 
5049 2047 2997 2048 3442 
5050 1877 1059 2174 1057 
5051 2524 405 434 450 
5052 2164 1732 2051 1747 
5053 2387 2098 2389 3435 
5054 3443 3444 3445 3446 
5055 1939 1979 1942 2720 
5056 2038 1489 2042 1452 
5057 2038 1491 1365 1452 
5058 1817 1208 1998 1330 
5059 227 1470 1201 1337 
5060 2285 1283 1295 1300 
5061 3447 2284 2285 1295 
5062 3448 3449 3450 3362 
5063 3451 3264 2945 3092 
5064 1931 1725 1745 1721 
5065 2176 3399 3452 2177 
5066 1420 1422 1897 1895 
5067 2293 2411 2252 1297 
5068 2824 2955 2534 2535 
5069 2845 572 274 418 
5070 3345 2674 2661 3123 
5071 3433 2751 2753 3434 
5072 1845 2386 2384 1803 
5073 1790 1303 2439 1334 
5074 3027 3453 2543 2307 
5075 3454 3455 2361 3456 
5076 2009 3297 2480 2482 
5077 3014 203 1302 1141 
5078 3420 2192 2581 2194 
5079 2300 2824 490 501 
5080 2401 1167 2174 2169 
5081 2847 2318 1934 1052 
5082 3420 2581 1839 2194 
5083 3246 3457 3063 3064 
5084 2751 2752 675 769 
5085 3458 3459 3352 2705 
5086 3460 2838 3200 2357 
5087 2489 2491 2254 2255 
5088 245 1525 1511 1547 
5089 1915 2891 689 693 
5090 1970 358 466 351 
5091 3461 3462 3463 3464 
5092 34 3465 35 520 
5093 3466 3467 3468 3208 
5094 2105 1154 1173 1066 
5095 3469 2649 2987 3470 
5096 2349 3471 3212 3472 
5097 1358 1192 9 1032 
5098 2105 2636 2171 2173 
5099 3420 1839 2581 3421 
5100 2076 1765 1767 1776 
5101 2202 1353 1348 1284 
5102 204 1219 205 1053 
5103 204 1053 1042 1207 
5104 211 210 1326 1170 
5105 2536 2587 2566 2731 
5106 3397 1848 3473 1849 
5107 2844 2065 2103 978 
5108 2811 959 1002 1018 
5109 2778 3394 3396 3474 
5110 3475 1992 2370 2931 
5111 1950 1851 73 72 
5112 2314 480 473 419 
5113 2139 3323 3186 2136 
5114 3476 3477 2398 2255 
5115 2556 2948 2002 2555 
5116 245 1547 1511 244 
5117 1998 2332 1817 2485 
5118 2744 1080 1088 1168 
5119 2807 2587 2808 1876 
5120 3159 2795 3478 3305 
5121 1931 1725 1751 1699 
5122 1696 1161 1701 194 
5123 3071 2488 3157 2431 
5124 2485 1816 1817 1998 
5125 1939 2877 2720 1942 
5126 265 1683 1759 1651 
5127 3105 1942 1979 2720 
5128 3479 1113 1114 1112 
5129 1524 11 168 1031 
5130 1790 1372 1512 1517 
5131 166 1018 165 1477 
5132 1649 1580 2628 2694 
5133 2503 1368 2159 1601 
5134 2209 3480 2355 2678 
5135 2076 2429 2077 2222 
5136 3242 3182 3481 3243 
5137 2310 2312 3136 2313 
5138 2250 1582 2196 1581 
5139 1875 2174 3210 1878 
5140 2701 2884 3482 1794 
5141 3382 993 1940 994 
5142 2043 1695 1746 1735 
5143 1684 1544 1379 256 
5144 2043 1735 1740 1695 
5145 1743 271 1650 272 
5146 2410 2617 1544 1635 
5147 2778 3396 1906 3483 
5148 2555 2500 2698 1554 
5149 2555 2767 2500 2918 
5150 3484 3485 2144 3486 
5151 2126 3150 3149 3152 
5152 2477 556 3258 50 
5153 2367 303 435 391 
5154 3127 1474 2686 2836 
5155 1858 3487 3170 3488 
5156 3150 1386 3377 1387 
5157 961 1007 172 1639 
5158 3489 2359 3490 3491 
5159 3492 369 356 2534 
5160 1984 2771 1986 3365 
5161 1816 3493 2334 1998 
5162 2057 1245 1244 1246 
5163 1643 182 1110 1037 
5164 3469 2649 3490 2987 
5165 1895 1419 1422 1427 
5166 3494 3038 3037 783 
5167 2480 1119 1041 1147 
5168 2333 1403 1998 1510 
5169 3495 3496 3497 3498 
5170 3499 2907 3500 3501 
5171 3059 2276 3351 2857 
5172 2487 1741 2517 1690 
5173 2923 2920 2769 802 
5174 3502 1233 1778 1234 
5175 3032 1593 1566 1588 
5176 3503 2352 2549 2551 
5177 3318 1964 3107 3376 
5178 2523 505 444 321 
5179 1971 3090 2476 3336 
5180 968 174 1539 1009 
5181 2410 1544 1650 1635 
5182 2410 1684 1521 1760 
5183 2733 3504 3079 141 
5184 3242 3409 3505 1884 
5185 3506 3507 3508 3509 
5186 1981 3189 2603 3230 
5187 1783 1782 2905 2450 
5188 2298 2296 2372 2805 
5189 3370 1101 1177 1165 
5190 1910 335 2068 2881 
5191 2296 2297 1984 1986 
5192 3478 3510 3511 3006 
5193 2330 3298 2329 1408 
5194 1822 890 773 877 
5195 3450 636 1881 2450 
5196 3512 3513 2460 795 
5197 2400 3211 2401 3353 
5198 3020 2008 3022 3514 
5199 2169 1291 1036 1202 
5200 1875 1877 2808 1059 
5201 3025 3515 3516 3517 
5202 2400 2707 3353 2227 
5203 2530 2531 3518 2532 
5204 3101 109 3265 108 
5205 2297 2485 2396 2484 
5206 3179 3519 3295 3176 
5207 3389 3520 3369 274 
5208 3134 338 2265 324 
5209 2257 3476 3521 4 
5210 3242 3182 3243 3409 
5211 565 292 2582 3162 
5212 2157 1718 2251 1719 
5213 1214 1752 1694 234 
5214 2743 2486 1099 1090 
5215 2897 1414 2014 1417 
5216 3149 3522 1955 1392 
5217 2900 3523 3335 3412 
5218 2873 1006 1010 965 
5219 3133 1095 2353 1180 
5220 1891 1893 2420 3524 
5221 2728 1491 2995 3525 
5222 2858 1389 3377 1387 
5223 2630 3526 2631 2633 
5224 2041 2051 2054 2045 
5225 1761 1482 264 1750 
5226 2092 2093 2095 1815 
5227 1795 1796 452 331 
5228 3300 2063 2062 2160 
5229 2165 1248 1338 1288 
5230 2400 2227 1221 1223 
5231 1461 2043 1526 1462 
5232 2574 2848 1576 1577 
5233 3527 1463 1423 1426 
5234 3528 2291 1661 1665 
5235 172 1639 1007 171 
5236 2295 2297 2796 2484 
5237 3456 2482 3529 3198 
5238 2824 2535 2534 354 
5239 3530 2304 2303 3531 
5240 1975 3532 2306 407 
5241 2122 2048 3447 2284 
5242 3023 3276 3516 3275 
5243 3533 1963 3375 1964 
5244 2480 179 1632 1536 
5245 2968 3011 1944 2367 
5246 3534 564 496 410 
5247 1916 3193 2939 81 
5248 3263 3535 2779 3474 
5249 3120 914 125 126 
5250 1818 3298 1820 3229 
5251 3536 3537 3261 3538 
5252 2802 366 345 365 
5253 3091 2857 2276 3500 
5254 2392 1678 1929 1631 
5255 2486 1176 2433 1043 
5256 3091 2666 2576 2577 
5257 1869 3428 3427 2864 
5258 3243 732 733 699 
5259 2172 3370 2352 1101 
5260 2352 1095 1100 1180 
5261 2986 3489 1613 1680 
5262 3469 3539 3490 3540 
5263 3541 3445 3542 2550 
5264 3427 2345 2808 3392 
5265 2628 1570 2663 1580 
5266 3270 1885 1883 1884 
5267 2544 951 33 34 
5268 3269 3543 3544 3545 
5269 2394 2431 2196 1589 
5270 3546 1181 2432 1098 
5271 2486 1188 1928 1122 
5272 192 1049 1189 1543 
5273 1976 2544 1977 2545 
5274 2944 3417 2945 3547 
5275 1530 2063 1637 1374 
5276 2289 2040 2470 2997 
5277 2941 3548 2110 3549 
5278 3528 3317 2273 2274 
5279 1691 268 1638 1527 
5280 2486 1123 1929 1188 
5281 1691 268 1527 269 
5282 2486 1097 1099 1090 
5283 3550 3551 3258 3552 
5284 2497 3230 2603 3189 
5285 3010 1085 1083 1134 
5286 1469 1369 1633 250 
5287 2099 986 2513 1026 
5288 1970 349 1963 358 
5289 3553 3554 3555 2815 
5290 3556 2566 2427 2224 
5291 2152 703 820 807 
5292 3053 1139 2517 1137 
5293 3557 3558 3559 3560 
5294 1523 1030 161 12 
5295 1030 1486 161 1006 
5296 1523 1686 1030 12 
5297 2671 1652 1598 1539 
5298 2573 1584 2063 2407 
5299 2668 1746 1689 1749 
5300 2434 2435 1681 1642 
5301 2729 1691 2395 1717 
5302 2729 1691 1737 1638 
5303 1518 2056 2290 2668 
5304 2538 3459 2539 2705 
5305 2293 2843 2252 2411 
5306 2439 2379 1845 2384 
5307 1998 1450 1204 1301 
5308 2994 1064 2606 1067 
5309 2352 2549 2481 2353 
5310 2236 3370 1120 1954 
5311 3561 3039 3562 2083 
5312 2352 2353 2481 1095 
5313 1064 2605 1067 1068 
5314 2037 1796 2095 1815 
5315 1786 376 3200 469 
5316 2742 710 2915 760 
5317 2524 2523 2306 2308 
5318 3196 3437 3202 3433 
5319 3080 2239 2240 3081 
5320 2170 3370 2172 1187 
5321 2094 308 309 307 
5322 2230 3089 554 295 
5323 1649 1580 1616 2628 
5324 2181 3007 3330 2612 
5325 2688 98 99 829 
5326 2228 2707 3030 2400 
5327 3034 3136 2597 2308 
5328 2966 3563 2967 3564 
5329 1801 1270 1347 1345 
5330 3565 2504 1797 744 
5331 3235 3566 1862 3224 
5332 978 2844 2065 2066 
5333 2859 3045 1403 2334 
5334 1916 3183 3193 855 
5335 2375 2593 3022 3281 
5336 1847 2579 2069 1849 
5337 3448 3450 3567 3362 
5338 3565 747 748 745 
5339 1998 1510 1450 1366 
5340 160 11 1359 1031 
5341 2379 1218 1524 1359 
5342 2479 972 2100 970 
5343 2130 2876 2542 3122 
5344 3095 1398 1506 1408 
5345 2860 2679 3367 3228 
5346 3568 2338 3355 3569 
5347 3270 3185 1884 3409 
5348 3570 3336 3090 393 
5349 3076 3029 2717 3384 
5350 3460 2322 2552 2554 
5351 2578 534 397 565 
5352 2138 2139 2137 3571 
5353 2642 2643 1886 3572 
5354 2651 1110 1643 1656 
5355 3057 3195 3054 2270 
5356 2299 2702 2871 3573 
5357 3069 2075 1844 2087 
5358 3574 2138 498 579 
5359 2065 979 981 978 
5360 1007 171 1639 1541 
5361 978 976 2103 2844 
5362 2354 1151 1180 1100 
5363 3153 2786 2785 2784 
5364 3127 2836 2686 3575 
5365 2998 1547 1675 1535 
5366 3120 126 62 914 
5367 1842 3111 3253 1844 
5368 2776 683 684 685 
5369 214 1324 215 1142 
5370 964 1213 155 154 
5371 1021 1192 152 1162 
5372 964 1213 154 1323 
5373 2241 1286 2318 1280 
5374 1934 964 1022 1323 
5375 2559 2870 3576 3577 
5376 2523 443 505 321 
5377 391 3225 432 2366 
5378 2027 3275 2791 3274 
5379 3578 3579 2797 3007 
5380 2799 2801 1779 3360 
5381 2567 1999 3580 631 
5382 2509 2869 2495 3581 
5383 2459 789 696 728 
5384 3088 1222 2689 1226 
5385 2730 3012 3141 3582 
5386 2436 2437 2863 1133 
5387 1817 1468 1366 1208 
5388 3583 3584 3553 3458 
5389 1773 2447 3192 3585 
5390 2483 2396 2154 2485 
5391 2125 1340 1312 1213 
5392 2995 1520 1456 1421 
5393 3580 1999 629 631 
5394 2438 1146 1763 1118 
5395 3090 411 577 580 
5396 2374 3022 3020 2008 
5397 2727 2395 2435 1733 
5398 2252 1325 1209 1327 
5399 3136 384 381 380 
5400 2365 2502 3586 2788 
5401 2524 3033 2831 327 
5402 2538 3587 3588 3423 
5403 2073 3589 1922 2822 
5404 2142 467 2117 406 
5405 1856 774 708 810 
5406 2651 1534 1040 1124 
5407 3191 2427 2220 2429 
5408 3079 142 143 941 
5409 1836 2773 2775 2656 
5410 1896 1419 1418 1420 
5411 2197 1661 1538 1627 
5412 2438 210 1326 1305 
5413 2436 2293 2179 2438 
5414 3590 2309 3405 2677 
5415 2617 1538 2197 1370 
5416 2471 2336 2271 2409 
5417 3242 3505 3591 2192 
5418 2505 2507 2506 3434 
5419 2252 1209 1325 1044 
5420 2044 3592 2903 2163 
5421 3453 2659 2093 2970 
5422 1963 362 388 493 
5423 1786 2357 2838 1787 
5424 1846 2724 1847 2748 
5425 3336 1972 476 355 
5426 3113 1402 1401 1435 
5427 207 1291 2401 1290 
5428 1291 208 1036 1202 
5429 3593 3594 3414 3595 
5430 2235 1173 1114 1115 
5431 1953 960 1152 1012 
5432 2976 2877 3067 2978 
5433 95 3596 907 2175 
5434 2029 364 389 361 
5435 3597 3147 2254 3148 
5436 1972 353 476 355 
5437 3200 2838 333 342 
5438 3242 3591 3505 3598 
5439 2832 2142 2833 273 
5440 2752 675 769 674 
5441 2667 1621 1620 1660 
5442 2667 1660 1149 1658 
5443 2272 2434 1681 1654 
5444 2392 1678 1630 1542 
5445 3306 2571 2572 2291 
5446 2023 3599 557 456 
5447 2524 450 1975 408 
5448 2295 3600 3578 3601 
5449 3158 2456 3159 2458 
5450 3602 757 638 761 
5451 2465 3305 3036 2468 
5452 1977 98 3603 97 
5453 2318 1141 1116 1113 
5454 3393 2470 1897 2471 
5455 2148 3167 2516 3162 
5456 2010 2012 1879 2013 
5457 2462 2463 1907 2218 
5458 2648 2649 3395 1908 
5459 1040 1149 185 1658 
5460 2930 3396 3604 1646 
5461 3242 2373 3481 3591 
5462 3605 3283 126 601 
5463 2460 694 2161 695 
5464 2486 1123 1188 1122 
5465 2995 1456 1455 1421 
5466 3140 3518 2825 2532 
5467 2646 3112 2094 307 
5468 3167 61 3606 62 
5469 3373 2639 2638 2640 
5470 2445 753 1914 3316 
5471 2537 2586 2731 3607 
5472 2687 98 829 849 
5473 2655 2657 3160 1996 
5474 1861 2090 3236 2801 
5475 3451 3608 2665 2664 
5476 3609 3610 3611 3446 
5477 3612 1906 1908 1909 
5478 2140 555 29 28 
5479 2581 3535 1884 2616 
5480 3613 1065 2993 2345 
5481 1356 233 14 1762 
5482 2064 1160 1190 1050 
5483 1928 1184 2487 1122 
5484 3528 1661 2197 1627 
5485 2291 1501 2407 1480 
5486 3614 3615 2040 3527 
5487 2434 1698 1743 1740 
5488 2046 1724 1728 1693 
5489 3616 2696 2475 3617 
5490 3288 3618 3619 3620 
5491 3095 1398 1407 1406 
5492 249 1530 1374 248 
5493 3142 314 2320 316 
5494 2503 1600 1659 1549 
5495 2595 710 2770 659 
5496 3312 1804 3621 1956 
5497 1864 3622 2652 3623 
5498 2994 3624 3625 2529 
5499 2099 2106 2101 2100 
5500 2111 1508 1511 1371 
5501 164 959 1364 165 
5502 3626 2804 2773 3627 
5503 2379 1485 1524 1382 
5504 207 1291 2169 2401 
5505 3242 3243 3481 2373 
5506 2586 3350 1877 2588 
5507 2634 3628 3362 1831 
5508 2944 2945 2947 3547 
5509 1788 438 436 439 
5510 3263 3427 1126 1081 
5511 3629 3139 691 711 
5512 2181 1918 3007 2612 
5513 1793 453 332 336 
5514 2746 1149 1040 1658 
5515 3630 3631 3632 3290 
5516 3633 3634 3635 44 
5517 1869 3427 3263 1081 
5518 2319 2318 1353 1280 
5519 1934 1323 1217 1286 
5520 2799 1349 2800 2396 
5521 2180 1081 1195 1076 
5522 2054 1357 1761 1522 
5523 1754 1212 239 1318 
5524 3153 2784 2766 2767 
5525 2280 3619 2786 2398 
5526 2944 2573 2062 2571 
5527 2332 1998 2334 3493 
5528 1847 3636 2579 539 
5529 2738 2584 2737 3280 
5530 1833 3607 3589 2822 
5531 3636 2069 396 460 
5532 1779 2795 3637 3359 
5533 1870 1088 1127 1128 
5534 2828 2061 2367 3638 
5535 3639 590 3544 123 
5536 3283 3543 2351 601 
5537 3502 2799 1244 1234 
5538 2278 1172 1529 1666 
5539 2726 2395 2727 1733 
5540 3447 2039 2285 2284 
5541 2432 1102 1179 1172 
5542 3640 3616 2475 3617 
5543 3641 3092 3451 3091 
5544 2629 1077 1070 1076 
5545 3642 2629 2664 3331 
5546 3242 3481 2193 3591 
5547 226 1337 1468 1470 
5548 1468 1366 1208 225 
5549 3525 1317 1251 1273 
5550 2695 2476 2474 3090 
5551 1851 1949 1951 2216 
5552 3161 532 281 525 
5553 3643 3644 2559 3576 
5554 2534 3336 363 355 
5555 2461 859 3645 879 
5556 3242 3182 2193 3481 
5557 2844 975 988 977 
5558 1785 3214 2094 3416 
5559 2772 3393 1460 1458 
5560 2271 2272 2274 2409 
5561 880 2658 825 883 
5562 1773 3646 3050 582 
5563 3083 3647 3462 2569 
5564 2296 3648 2798 1986 
5565 3314 680 2373 791 
5566 3420 3192 2083 3562 
5567 2580 619 3175 622 
5568 3557 3271 3649 3650 
5569 2536 2586 1060 1061 
5570 3651 3652 3653 2913 
5571 1930 1759 1683 1651 
5572 1753 236 1692 1199 
5573 3195 1138 1159 1044 
5574 3301 3654 3655 3514 
5575 3381 2669 1560 1563 
5576 1958 538 3656 564 
5577 1979 1012 1953 1954 
5578 2228 2801 1224 1307 
5579 2844 3105 2872 988 
5580 2205 1053 3657 1054 
5581 2436 1140 2437 1133 
5582 2729 1644 1527 1638 
5583 1799 755 618 616 
5584 2795 3305 3658 2468 
5585 2568 2570 3659 3281 
5586 1775 1765 2191 1776 
5587 3660 3661 3295 3005 
5588 2535 353 1972 355 
5589 3484 719 820 703 
5590 1771 1821 3234 3472 
5591 3013 101 943 37 
5592 2609 2352 2551 2549 
5593 3338 2858 2168 3662 
5594 2401 1167 2169 1109 
5595 2432 1098 1181 1131 
5596 2195 1619 2940 1617 
5597 2747 3210 2706 1878 
5598 3124 2263 3379 3388 
5599 2800 3663 2228 2801 
5600 2381 1211 963 1028 
5601 2882 2439 2514 1334 
5602 2306 2308 2597 2309 
5603 3460 3664 2838 2789 
5604 3665 2074 3666 2091 
5605 3318 3075 3375 3376 
5606 1803 2129 2380 2390 
5607 2096 3221 3667 1315 
5608 3668 2118 2121 3339 
5609 3334 2165 2133 1248 
5610 2055 2326 1768 3398 
5611 3235 1862 3566 3669 
5612 2196 2577 1591 1599 
5613 2411 1205 1325 1297 
5614 3670 1851 3671 2788 
5615 2270 1299 2252 1209 
5616 2435 1739 1527 1642 
5617 1684 1379 1521 256 
5618 1773 3315 1774 730 
5619 2480 1667 3297 1536 
5620 3541 3672 1872 3609 
5621 1944 3673 1827 3638 
5622 2546 902 20 84 
5623 3674 2443 2723 1848 
5624 2531 3518 3074 2530 
5625 1303 219 1467 218 
5626 3675 46 958 110 
5627 1773 88 3646 582 
5628 2241 1289 1850 1340 
5629 1924 1926 2293 2252 
5630 2430 1722 1753 1694 
5631 2851 1255 1352 1265 
5632 2250 1577 1581 1623 
5633 3380 1959 1960 3576 
5634 2974 3154 3153 3676 
5635 2159 1659 1601 1602 
5636 3450 3628 3449 1913 
5637 1773 3050 3037 730 
5638 3127 2256 2836 3575 
5639 68 2652 3622 2472 
5640 2015 1404 1453 1513 
5641 2330 1409 1407 1408 
5642 3113 2685 1401 1399 
5643 3300 2368 2063 2160 
5644 1965 2835 1966 2834 
5645 1902 140 835 141 
5646 2178 2744 3608 1079 
5647 2577 1591 1599 1663 
5648 2403 104 2457 105 
5649 2058 2060 2071 2660 
5650 3034 2523 2522 2308 
5651 2329 3298 3095 1408 
5652 3171 3677 2558 3415 
5653 3678 3117 3679 3118 
5654 2690 3525 1817 1251 
5655 2639 3142 3416 2320 
5656 2942 772 780 771 
5657 2564 3052 2565 1876 
5658 3433 2753 2752 3680 
5659 3264 3391 2694 3092 
5660 3651 3681 3185 3193 
5661 1875 1876 2747 2864 
5662 2743 2517 2487 3015 
5663 2344 1107 2337 1106 
5664 2745 1128 1870 1171 
5665 1773 3050 3192 3037 
5666 2055 668 810 653 
5667 2604 1791 2602 1549 
5668 2015 1439 1453 1404 
5669 2430 1279 1320 1351 
5670 2048 3447 2039 2996 
5671 2163 1278 1933 1274 
5672 3308 2045 2053 2046 
5673 2273 2250 1578 1579 
5674 2285 1283 2039 1295 
5675 1278 2430 1311 1351 
5676 3242 3241 3505 2929 
5677 1953 1152 1954 1012 
5678 2830 298 513 433 
5679 3357 1646 3396 1672 
5680 2167 2165 3334 3662 
5681 3581 3682 2869 2119 
5682 722 1890 709 721 
5683 3239 761 3602 638 
5684 2109 1496 3114 1508 
5685 2671 1010 1013 968 
5686 3195 1135 1159 1138 
5687 1926 1258 1260 1259 
5688 2064 1160 1050 1143 
5689 2270 1299 1320 1279 
5690 1752 1356 1319 2064 
5691 2561 3534 2562 3683 
5692 3093 2268 3684 3094 
5693 1773 3192 1775 3037 
5694 1956 1845 1432 1448 
5695 1532 2602 1549 2604 
5696 1773 1775 3315 3037 
5697 157 158 1313 1028 
5698 2884 2885 3482 2886 
5699 3592 2162 1932 2163 
5700 1859 3685 3334 3662 
5701 3000 677 706 707 
5702 1778 1779 1307 1231 
5703 3686 923 3687 125 
5704 3390 2333 1440 1516 
5705 2352 1073 1101 1100 
5706 3113 2685 2686 1401 
5707 3686 922 3296 124 
5708 1781 1799 1798 3175 
5709 2840 3326 2404 1769 
5710 2369 3303 2805 3035 
5711 2330 2329 1410 1408 
5712 3357 1907 3396 2464 
5713 3484 3486 2144 2423 
5714 3688 3185 3689 3690 
5715 2215 1614 3297 1667 
5716 2513 1009 968 1539 
5717 2943 2671 2513 985 
5718 2513 968 2671 1539 
5719 2838 474 2356 475 
5720 2548 2108 2103 2551 
5721 2672 2513 1640 1009 
5722 88 895 87 1764 
5723 3494 3039 3037 3038 
5724 3200 342 374 375 
5725 1841 3067 2976 2721 
5726 3373 2932 3375 3223 
5727 1856 1857 665 708 
5728 3590 3691 2307 3692 
5729 1879 84 3693 83 
5730 3440 2304 3404 2187 
5731 3082 3694 3695 570 
5732 3494 686 3050 3561 
5733 2170 1187 2172 1164 
5734 2215 1586 2980 1648 
5735 2653 65 1866 933 
5736 2099 2101 2103 987 
5737 1477 959 1018 165 
5738 2671 968 1652 1539 
5739 1016 1364 164 959 
5740 3480 2678 1787 2357 
5741 3171 3154 3172 1855 
5742 3643 3644 3696 3697 
5743 969 1934 1162 1954 
5744 2418 2770 2852 3698 
5745 2053 1282 1362 1336 
5746 2248 3699 2947 2665 
5747 3700 3701 3592 2903 
5748 2617 2197 1507 1370 
5749 1144 187 186 1660 
5750 2379 2381 1211 963 
5751 3702 2549 2609 2551 
5752 1867 3703 3704 3705 
5753 3346 3706 3707 3473 
5754 1682 2392 1542 2729 
5755 2365 3671 1823 2502 
5756 2113 3066 2721 2876 
5757 2858 1389 2859 3377 
5758 3708 2286 3709 3710 
5759 3570 363 392 370 
5760 2605 1068 2170 1164 
5761 2219 2000 2982 3469 
5762 3597 2762 3148 3575 
5763 2986 2009 1614 1605 
5764 3711 3712 1823 1904 
5765 3308 1274 1275 1261 
5766 3112 2969 2094 307 
5767 3713 3714 3404 3405 
5768 2597 2116 383 402 
5769 2838 375 1787 474 
5770 3494 2776 3038 684 
5771 1783 2905 1797 614 
5772 2349 3042 3471 3472 
5773 3715 3038 3040 3422 
5774 2825 37 38 944 
5775 2329 3298 2740 2034 
5776 3312 3247 3249 3716 
5777 3390 1440 1520 1516 
5778 1931 2064 3054 1143 
5779 2435 2395 1717 1733 
5780 3525 1470 1491 1471 
5781 2507 3265 3717 2466 
5782 1301 1366 1450 224 
5783 2354 3105 1011 996 
5784 1151 1008 147 148 
5785 2101 3718 2106 3426 
5786 3480 2355 2678 2357 
5787 2479 1163 1191 1051 
5788 2353 1163 1158 1047 
5789 3057 2252 2270 1299 
5790 2434 1540 1698 1642 
5791 3494 3038 783 684 
5792 1924 1925 2855 2292 
5793 1753 1311 236 1199 
5794 1214 1319 1752 234 
5795 3390 1509 1468 1471 
5796 3545 125 124 834 
5797 3719 1771 2490 1772 
5798 3579 2189 3720 1918 
5799 3675 110 2865 3099 
5800 2536 2731 2586 2587 
5801 3654 3329 3328 3514 
5802 3721 815 3722 816 
5803 2662 2573 3723 2848 
5804 2111 2933 2941 2110 
5805 2992 3198 3569 1074 
5806 2403 585 838 104 
5807 2776 2567 3724 3038 
5808 3332 3725 2244 3603 
5809 1895 2368 1415 1454 
5810 1633 251 1369 1533 
5811 1633 250 1369 251 
5812 2407 1369 1469 1500 
5813 2537 1060 1121 1154 
5814 684 2567 683 2776 
5815 3452 2629 2664 2178 
5816 2274 1627 2197 1657 
5817 3078 931 77 141 
5818 2492 2159 2160 1602 
5819 3256 3257 3199 3194 
5820 2613 2797 3478 3579 
5821 900 18 17 2644 
5822 2906 2573 2944 2572 
5823 2437 1082 2863 1133 
5824 2165 222 1204 1449 
5825 2037 335 2881 334 
5826 2146 1770 2349 1771 
5827 2619 3430 3 64 
5828 2036 506 334 345 
5829 2800 2396 2484 3360 
5830 3726 3411 2816 2818 
5831 1840 530 438 440 
5832 3727 3240 3270 3728 
5833 2243 2242 2233 3405 
5834 3421 2592 1837 2581 
5835 2687 869 849 604 
5836 1975 426 407 408 
5837 3729 3730 1863 2809 
5838 2821 2350 3649 2647 
5839 2169 207 1109 1111 
5840 3227 3255 3266 2680 
5841 1363 1475 260 1746 
5842 2051 262 1697 1748 
5843 3731 3732 3710 3733 
5844 2127 2931 2859 1992 
5845 3000 3364 655 796 
5846 3494 3050 686 688 
5847 2127 1992 3286 2032 
5848 2407 1501 1533 1369 
5849 3424 2330 2160 1493 
5850 2109 1629 2098 1688 
5851 3132 1395 2836 1393 
5852 2193 3314 3481 3734 
5853 1864 3735 1871 1865 
5854 2432 1131 1179 1098 
5855 3306 3528 3317 2273 
5856 1643 1110 182 183 
5857 2648 1607 1608 1606 
5858 2986 2009 2358 3297 
5859 2080 2081 2830 287 
5860 3736 291 537 539 
5861 3737 3691 2601 3738 
5862 2381 1211 1313 1355 
5863 2128 3122 3739 3740 
5864 2845 413 544 418 
5865 3648 1983 3741 1986 
5866 2063 1603 1530 1637 
5867 1897 3393 3317 1457 
5868 136 137 1851 937 
5869 2715 3076 3742 2718 
5870 2605 2607 2172 2606 
5871 3693 1916 3481 3690 
5872 3079 3504 3743 143 
5873 1968 500 3744 1969 
5874 3745 3220 2960 3746 
5875 2919 2920 2922 3117 
5876 887 2335 603 1947 
5877 3355 2338 3356 3569 
5878 2009 1103 1604 181 
5879 2461 1952 2362 798 
5880 2350 3649 2647 93 
5881 2689 1227 3119 1226 
5882 2174 3423 3350 1055 
5883 2545 97 3603 5 
5884 2675 3216 2598 2599 
5885 3747 2446 2635 832 
5886 3481 824 3734 3314 
5887 2995 1491 3748 1431 
5888 3626 3749 2804 3627 
5889 3365 2296 2298 2297 
5890 2038 2996 3748 2039 
5891 3088 2809 2227 3254 
5892 2795 2798 3648 3359 
5893 2776 3724 3039 3038 
5894 2689 3236 3119 1227 
5895 3221 2809 3088 3254 
5896 2177 1361 3399 3030 
5897 3713 3404 3165 2019 
5898 2968 2969 2522 2970 
5899 2040 2039 2042 1429 
5900 1904 1903 2502 1905 
5901 2393 2394 3072 1582 
5902 2410 2434 2617 1635 
5903 2952 3374 2954 1969 
5904 3640 3616 3732 3750 
5905 1777 1997 3741 1780 
5906 2668 1363 1689 1746 
5907 2038 1341 3447 1342 
5908 2052 1306 1488 1210 
5909 3142 2322 2552 319 
5910 3554 2705 2189 2707 
5911 2812 3751 2810 2 
5912 3630 3631 3752 3753 
5913 2116 467 2117 2143 
5914 1850 1312 2125 1340 
5915 2027 3208 3467 3754 
5916 3755 575 279 544 
5917 3099 3102 109 110 
5918 1946 2335 3504 3756 
5919 1947 872 865 113 
5920 3269 601 874 843 
5921 3757 3497 3066 3667 
5922 1808 2442 2519 3758 
5923 3745 3220 3746 2166 
5924 3502 1778 1986 2799 
5925 2348 588 853 118 
5926 2145 2146 1770 119 
5927 3448 822 3759 3760 
5928 3408 878 733 732 
5929 1023 155 964 1213 
5930 1842 3761 3253 3757 
5931 1022 1323 154 153 
5932 1023 1312 155 1213 
5933 2174 1069 1167 1057 
5934 2748 293 543 545 
5935 2076 3052 2077 2429 
5936 2147 2267 1771 2146 
5937 2461 718 696 695 
5938 1766 895 24 88 
5939 2291 2407 1501 1533 
5940 3755 575 413 412 
5941 2236 1177 2105 1173 
5942 3762 3763 63 915 
5943 2725 2157 3764 2158 
5944 1917 2800 2484 3360 
5945 3447 1295 2039 1342 
5946 2966 2964 3005 3438 
5947 3765 1835 3560 3650 
5948 3038 684 651 783 
5949 2228 1223 2400 1239 
5950 1763 2169 1117 1036 
5951 2772 2410 2617 1499 
5952 2270 1299 1209 1324 
5953 3277 1260 3057 1263 
5954 2297 2396 2796 2484 
5955 2658 883 593 825 
5956 3223 3250 483 459 
5957 1009 1528 173 1640 
5958 3766 2254 3597 3147 
5959 2621 283 2623 577 
5960 2881 346 365 345 
5961 2513 1025 2671 968 
5962 3307 2908 2572 3723 
5963 2957 3767 2958 1780 
5964 2563 3321 3586 2218 
5965 3768 3769 3770 3771 
5966 2005 2780 2778 2779 
5967 1189 1161 193 1759 
5968 2044 1730 1728 1727 
5969 70 3097 134 927 
5970 3469 2219 2589 3540 
5971 2872 1979 989 996 
5972 2472 69 926 133 
5973 3664 2265 3134 2554 
5974 2524 2525 2831 3033 
5975 3246 2965 3457 3130 
5976 2776 3039 3724 3561 
5977 2728 3525 2995 2156 
5978 3402 3341 3772 2734 
5979 1525 2111 1547 2604 
5980 2974 2503 1792 3189 
5981 3773 3756 2734 1903 
5982 2560 3482 3129 3131 
5983 2387 2513 2279 2693 
5984 3283 2495 128 850 
5985 3127 1434 2941 1492 
5986 2041 1483 2053 2054 
5987 1365 2728 1491 2038 
5988 2772 2471 3393 3317 
5989 2436 1140 2411 2438 
5990 2289 2040 1430 1426 
5991 2942 3774 772 771 
5992 2159 1464 1493 1374 
5993 3544 124 3775 123 
5994 3071 2276 2196 2431 
5995 3323 3552 3776 3777 
5996 3778 3049 3779 3538 
5997 3704 3684 2325 766 
5998 3780 2966 2965 3457 
5999 2121 2960 3220 2875 
6000 3161 532 557 281 
6001 1763 1346 2169 1291 
6002 1763 2169 1036 1202 
6003 3502 1233 1234 1242 
6004 1813 2793 2904 2794 
6005 2418 2770 2853 2852 
6006 2263 2264 3379 2764 
6007 2624 2932 2626 1964 
6008 3387 2373 3243 3598 
6009 2974 1659 1792 2503 
6010 3781 392 394 370 
6011 3782 3446 3783 3784 
6012 2057 1816 2297 2771 
6013 3639 3094 2422 3775 
6014 3161 565 532 525 
6015 2756 3726 2757 2403 
6016 2648 2649 1908 3470 
6017 2629 1070 2180 1076 
6018 3146 906 92 28 
6019 3629 3747 3646 3585 
6020 2438 1305 1763 1146 
6021 2165 2168 1385 1449 
6022 3223 451 1968 459 
6023 1773 729 3050 730 
6024 2338 1125 1074 1105 
6025 3785 2817 3163 2818 
6026 3121 3786 3787 3674 
6027 3125 3391 3604 2508 
6028 2433 1172 2278 1666 
6029 188 1529 187 1035 
6030 2432 1179 2278 1172 
6031 2195 1581 1591 1623 
6032 2054 1747 2051 1697 
6033 3788 1778 1777 1997 
6034 2022 3161 2023 3599 
6035 2974 3171 3154 3676 
6036 2172 2481 2352 2549 
6037 2979 3789 2673 2980 
6038 3126 1605 1531 1604 
6039 748 3565 2505 3790 
6040 1640 1539 174 1009 
6041 2704 1329 1345 2882 
6042 2608 2018 2610 2021 
6043 2142 467 420 377 
6044 3027 3319 3028 3029 
6045 3499 3791 3059 3157 
6046 2310 3136 2678 2313 
6047 3568 3529 2338 3569 
6048 3074 104 946 40 
6049 3330 2593 2585 3792 
6050 3256 3257 3255 3199 
6051 1930 1049 1161 1188 
6052 3546 1098 2432 1089 
6053 2772 2617 2410 2409 
6054 3641 1129 1088 1128 
6055 2104 2107 2985 2065 
6056 2495 112 7 870 
6057 2532 2531 3793 2533 
6058 3374 2954 3482 1794 
6059 2789 340 475 347 
6060 3235 3236 2793 2904 
6061 3794 2317 2441 3137 
6062 3387 3795 2373 3598 
6063 3387 3243 3241 3598 
6064 3465 1978 3796 3797 
6065 3639 2327 2325 826 
6066 2626 1963 2265 339 
6067 2778 3396 3394 1906 
6068 2587 3368 2345 1065 
6069 3258 3186 2951 556 
6070 2067 1001 982 1000 
6071 1868 646 3239 645 
6072 2103 2065 2108 2107 
6073 1822 2787 856 1905 
6074 173 1640 174 1009 
6075 1011 3503 973 975 
6076 1971 2476 2765 3436 
6077 2353 1047 1158 1180 
6078 3083 3602 3239 2448 
6079 121 120 2349 2146 
6080 1993 3152 3798 3799 
6081 3621 2967 2966 3800 
6082 3387 3243 2373 673 
6083 2126 3152 2127 3377 
6084 2948 1555 2949 1559 
6085 2358 2650 3801 2341 
6086 3158 2465 3265 2466 
6087 3512 3513 3715 3241 
6088 1656 1110 183 1124 
6089 2753 675 817 818 
6090 3475 3286 3181 1992 
6091 2112 3802 3803 3804 
6092 2858 1495 1449 1859 
6093 2266 2201 3587 2204 
6094 2183 2565 3349 3805 
6095 2370 1994 3048 2931 
6096 3374 2955 3107 2954 
6097 3713 3806 2636 2021 
6098 2638 312 3416 314 
6099 2923 658 2595 2596 
6100 1953 1034 1152 960 
6101 1921 1832 2245 1923 
6102 2523 505 2597 503 
6103 1983 3685 3807 1996 
6104 2057 1816 2771 1245 
6105 1469 1633 1637 250 
6106 3528 1665 1661 1627 
6107 1360 1347 221 1383 
6108 3278 2748 2443 293 
6109 2690 1817 1816 1249 
6110 1523 1486 1030 1686 
6111 2490 3808 2684 3325 
6112 3469 2002 3026 2982 
6113 200 1160 1190 1751 
6114 2465 3100 2468 3226 
6115 1366 224 1208 225 
6116 2377 2928 3240 3809 
6117 3597 3810 2762 3697 
6118 3782 3446 3467 3754 
6119 2850 898 2091 96 
6120 3811 2404 2405 2406 
6121 3581 3682 2119 3798 
6122 1763 1036 1146 1202 
6123 601 2351 843 3543 
6124 2668 2043 1746 1749 
6125 2668 2051 1478 1446 
6126 1930 1759 1189 1683 
6127 2197 1505 1370 1504 
6128 1926 2294 2293 1256 
6129 3812 3813 2753 3680 
6130 3502 1778 2799 1234 
6131 2403 585 104 105 
6132 3211 3030 2707 2400 
6133 2241 2318 2232 1843 
6134 3814 2231 3797 34 
6135 2579 539 396 477 
6136 2820 829 3448 739 
6137 3149 3150 3219 3339 
6138 2781 2460 2459 789 
6139 3200 2838 342 375 
6140 261 1689 1363 260 
6141 2668 1478 1363 1446 
6142 3387 2781 3243 673 
6143 1195 2629 1076 1078 
6144 3373 3075 3815 3376 
6145 3058 2744 1088 1168 
6146 3215 1944 2968 2525 
6147 344 3313 2953 343 
6148 2952 344 2953 1795 
6149 2232 1979 1954 995 
6150 3352 2706 2747 2190 
6151 3387 3241 3795 3598 
6152 1789 2366 1840 440 
6153 3121 2723 3787 2722 
6154 2125 1023 964 1213 
6155 3533 352 2535 500 
6156 1940 993 1850 994 
6157 2041 1488 1483 1451 
6158 2728 1201 1470 1337 
6159 3816 2416 2595 634 
6160 2825 2532 3793 2079 
6161 2393 2435 2272 2395 
6162 2092 2093 2659 2970 
6163 2669 3299 2500 2501 
6164 2652 3817 3818 3622 
6165 2035 478 567 545 
6166 2849 3819 2013 86 
6167 1056 2206 2229 2537 
6168 3820 3116 3556 2428 
6169 3351 1087 1085 1089 
6170 3821 3678 3773 3822 
6171 2634 3362 3361 1831 
6172 2490 3147 2684 2938 
6173 2433 189 1666 1537 
6174 3630 3752 2451 3753 
6175 779 2445 2891 811 
6176 3816 3513 2768 3580 
6177 2538 2246 1923 2540 
6178 3385 91 832 90 
6179 3069 2188 2073 2822 
6180 1873 3823 3824 3491 
6181 1840 435 436 438 
6182 1523 161 1030 1486 
6183 1869 1870 2744 1088 
6184 3825 2669 3381 3032 
6185 3269 3543 601 843 
6186 1450 1859 1495 1998 
6187 3210 1117 2169 1167 
6188 1910 335 1793 453 
6189 2621 415 393 416 
6190 3816 633 2416 634 
6191 2921 1822 1952 2942 
6192 1661 252 1501 1504 
6193 2291 2197 1504 1459 
6194 253 1504 1661 1538 
6195 2410 2617 1379 1544 
6196 1931 1699 1745 1725 
6197 2064 1751 1190 1160 
6198 2290 1462 1447 1518 
6199 1755 2336 2435 1716 
6200 2068 346 2881 335 
6201 3471 3295 2999 3176 
6202 3374 1969 2955 2954 
6203 3300 2896 2160 2492 
6204 2301 3310 1853 1982 
6205 1961 1970 3436 1964 
6206 265 13 1759 1683 
6207 2393 1626 1644 1628 
6208 266 1651 1700 1542 
6209 2617 1634 1538 1370 
6210 3308 1274 1933 1354 
6211 2274 1624 1627 1657 
6212 2271 2273 3072 2277 
6213 2195 1623 2848 2250 
6214 1482 264 1750 263 
6215 2700 3826 3129 2025 
6216 3827 3085 2853 3828 
6217 2231 560 3089 540 
6218 3829 72 576 71 
6219 3354 3830 3367 2679 
6220 3126 3198 2009 1186 
6221 3558 3146 2175 93 
6222 1842 3068 2976 3067 
6223 2400 3211 3353 2707 
6224 3665 3814 2544 1 
6225 2205 1053 1054 1038 
6226 3014 1112 1042 1113 
6227 2054 1729 1754 1693 
6228 2054 1754 1318 1212 
6229 2042 229 1304 1210 
6230 230 1373 1488 1210 
6231 2159 2493 1659 1602 
6232 3318 3831 3107 1964 
6233 2745 1130 1129 1128 
6234 3447 2285 2039 1295 
6235 2873 1519 1377 1476 
6236 3745 2168 3662 3338 
6237 1795 452 337 331 
6238 2381 1850 1313 962 
6239 2111 2941 2933 3832 
6240 2036 1788 2646 437 
6241 3142 2552 2265 320 
6242 3833 470 469 323 
6243 3294 2999 3296 922 
6244 3590 2307 2677 3692 
6245 3834 3620 3835 2786 
6246 2772 2274 3317 2197 
6247 2040 2042 2041 1429 
6248 2574 2273 3307 2250 
6249 1822 1823 2787 1905 
6250 3613 2536 2529 1062 
6251 3816 2161 2768 3513 
6252 3264 2694 2945 3092 
6253 3691 1827 3692 2601 
6254 1811 3411 2973 1812 
6255 2361 2360 2482 3836 
6256 2630 3837 2632 19 
6257 2452 3838 2814 3753 
6258 1800 1386 1481 1384 
6259 2811 1364 1016 959 
6260 1524 168 1020 1031 
6261 3061 3839 2492 2493 
6262 2671 2873 1486 1006 
6263 3840 2685 3841 3842 
6264 3324 3326 3261 3843 
6265 2890 2137 2697 3289 
6266 2871 3844 2562 3573 
6267 2604 1502 1368 246 
6268 1217 202 1141 1302 
6269 3559 3560 3558 2175 
6270 3783 3672 3610 3845 
6271 2850 3846 3560 95 
6272 2352 3105 2173 3523 
6273 2319 2202 3222 1284 
6274 2101 1027 2100 972 
6275 266 1700 267 1542 
6276 1929 1178 1671 191 
6277 3387 2781 2929 3243 
6278 3847 2462 2218 2463 
6279 3484 820 873 597 
6280 3848 3662 1991 3377 
6281 3762 63 127 915 
6282 3030 1239 1240 1225 
6283 3721 817 746 745 
6284 3593 3845 3610 3456 
6285 2248 2249 2123 2154 
6286 2745 1130 1171 1149 
6287 1811 2973 2457 1812 
6288 1155 178 1051 1545 
6289 2884 1815 2659 3383 
6290 3133 2479 1632 1545 
6291 1939 2876 2382 1850 
6292 1970 3107 3533 3744 
6293 3849 3850 3760 3759 
6294 3820 2862 3031 2861 
6295 1817 1317 3525 1333 
6296 2621 462 2765 463 
6297 3544 590 124 123 
6298 1875 2808 1876 2864 
6299 1144 1035 187 1660 
6300 186 1658 1149 1660 
6301 461 3707 3636 460 
6302 1024 963 1211 159 
6303 2597 3136 503 381 
6304 2952 501 344 447 
6305 2975 3412 3027 3384 
6306 2279 1641 1664 1588 
6307 1934 969 1021 995 
6308 1217 1358 1192 201 
6309 2170 2171 2105 2528 
6310 3519 3151 3851 3180 
6311 1983 2135 1996 3429 
6312 2126 3150 3152 3377 
6313 2777 3102 2866 111 
6314 3852 2915 2448 624 
6315 2600 536 3369 458 
6316 2155 2153 3853 2123 
6317 3400 1905 2732 139 
6318 3833 2313 2312 2322 
6319 2518 1810 3563 2519 
6320 3136 503 381 384 
6321 2125 1023 992 964 
6322 247 1600 1601 1368 
6323 1956 1400 1498 1448 
6324 2289 1430 2040 2056 
6325 1924 1927 1926 3057 
6326 3442 3308 2045 2053 
6327 3059 3055 2743 3190 
6328 2066 1004 980 990 
6329 2079 3796 3854 2081 
6330 2174 1055 3350 1057 
6331 3757 3066 3497 2988 
6332 2136 79 80 294 
6333 2956 2535 3107 1972 
6334 2348 118 853 119 
6335 2831 3738 3207 2759 
6336 2411 1326 1039 1205 
6337 3642 1869 3855 3547 
6338 2068 2579 2070 2069 
6339 2351 854 787 788 
6340 3191 2220 3385 2429 
6341 2411 1328 1326 1205 
6342 2738 2739 2737 1784 
6343 2480 2360 2482 3297 
6344 2058 2060 2036 2071 
6345 3481 2373 790 858 
6346 3856 3282 3538 3118 
6347 3053 1136 1157 1143 
6348 3670 2362 2365 3671 
6349 2783 2786 3620 2917 
6350 2586 1058 1877 1057 
6351 1080 2863 1082 1083 
6352 1904 2494 3857 1902 
6353 2977 3714 2020 2677 
6354 1785 1796 2095 330 
6355 3858 3623 3539 2590 
6356 1956 2811 1806 1804 
6357 3078 940 141 77 
6358 2263 2763 2349 2264 
6359 3636 2802 2059 1849 
6360 3713 3068 3806 2186 
6361 3100 3859 2468 3226 
6362 1788 436 1840 2898 
6363 3726 102 831 587 
6364 2839 1933 1723 1692 
6365 2663 1575 1617 1572 
6366 1357 1754 2054 1761 
6367 2725 1709 3701 2903 
6368 1926 1927 3277 3057 
6369 2043 1475 259 1378 
6370 3195 1209 2252 1044 
6371 2855 3501 3500 2856 
6372 3546 1134 1098 1089 
6373 2797 2798 3511 3305 
6374 2628 2006 1570 1568 
6375 2293 2177 1269 1264 
6376 1817 1366 1998 1208 
6377 2821 1831 2819 3860 
6378 2578 397 395 368 
6379 3781 3187 1958 511 
6380 3442 2052 2041 2039 
6381 2050 1927 2284 2124 
6382 2014 1516 1453 1439 
6383 3691 2525 2759 3738 
6384 2466 2468 3100 3859 
6385 3805 3860 3861 2565 
6386 2046 1212 1758 1693 
6387 1811 3197 2088 2457 
6388 1932 1933 2430 1722 
6389 1811 2457 2088 3862 
6390 2499 2501 2500 2698 
6391 2940 2576 1618 1619 
6392 2140 3714 2302 2141 
6393 3863 2856 2855 1925 
6394 1875 1069 1059 1070 
6395 2090 1811 1812 3411 
6396 3196 3265 589 107 
6397 2272 1681 2434 2435 
6398 2290 1462 1461 1460 
6399 3016 3015 3157 2488 
6400 2896 2330 3424 3839 
6401 2832 421 273 552 
6402 2435 1756 1716 1733 
6403 2195 1617 2940 2848 
6404 1417 1896 1421 2014 
6405 2387 2388 2983 2389 
6406 3014 203 1207 1302 
6407 2923 3774 2942 771 
6408 2746 1662 2667 1658 
6409 2195 2848 2575 2250 
6410 2433 2278 2577 1599 
6411 1524 168 1485 1020 
6412 2379 1211 1322 1321 
6413 219 1206 1467 1372 
6414 3080 1962 3276 3081 
6415 3078 3079 931 141 
6416 3506 2653 2962 3509 
6417 3227 2546 2010 2679 
6418 2101 974 2103 987 
6419 2948 3026 1555 1557 
6420 3001 1900 1899 1901 
6421 3864 2649 3540 1909 
6422 2555 2949 1555 1636 
6423 3118 3654 3678 3865 
6424 2624 3134 2626 2265 
6425 3108 379 421 422 
6426 2992 2606 3367 3595 
6427 2345 1125 2338 1105 
6428 3125 2508 3604 3474 
6429 2902 3866 3517 2716 
6430 2439 2514 1303 1218 
6431 2383 1018 1002 967 
6432 3787 3867 1990 2657 
6433 1016 1364 1476 164 
6434 3153 1981 2785 2786 
6435 3868 3155 1854 2261 
6436 3043 3841 3869 3206 
6437 1977 3603 2545 97 
6438 2140 2302 3714 2304 
6439 3689 1879 2012 3870 
6440 326 3134 486 341 
6441 2063 1633 1673 1637 
6442 1924 3056 3057 3054 
6443 2262 2301 2684 3262 
6444 3678 3679 2376 3118 
6445 2459 883 782 728 
6446 2977 2677 3590 3714 
6447 3032 1566 2669 1563 
6448 3372 494 455 357 
6449 2825 2079 3871 2532 
6450 1912 756 799 681 
6451 2344 1107 1132 1183 
6452 2097 2811 1956 1498 
6453 2555 2698 2766 1554 
6454 2339 3569 2338 3529 
6455 2109 2111 2998 1535 
6456 275 2894 3320 472 
6457 90 91 2220 3385 
6458 2872 3105 1979 996 
6459 3006 2797 3511 3478 
6460 2236 1177 1173 1115 
6461 3021 3872 3601 3873 
6462 1824 1943 1826 3874 
6463 2140 2242 3405 2233 
6464 2647 864 599 738 
6465 2736 3724 2739 2891 
6466 3088 1222 1226 1316 
6467 3199 3257 3285 2208 
6468 3479 1114 2206 1112 
6469 2100 1639 2672 1670 
6470 2671 1013 1010 1006 
6471 2497 2498 2604 1502 
6472 2433 1589 1669 1599 
6473 1869 1078 2744 2629 
6474 3252 3875 3876 3877 
6475 3210 1069 1117 1167 
6476 1975 3207 2831 3738 
6477 1360 1367 221 222 
6478 3502 3788 3429 1997 
6479 2379 1524 1031 1359 
6480 3878 3176 3180 3177 
6481 2090 2088 1811 2816 
6482 3442 2044 2997 2045 
6483 3283 823 601 876 
6484 2119 3799 3798 3180 
6485 1807 1809 1808 3746 
6486 2973 2458 2457 1812 
6487 2293 2177 2438 1269 
6488 3879 2331 1855 3329 
6489 2952 2954 2824 1969 
6490 3880 2692 2691 3771 
6491 1643 1656 1110 183 
6492 3047 2332 2259 2333 
6493 2776 689 3561 2891 
6494 3315 3037 3038 783 
6495 3780 2965 3438 3130 
6496 3707 2059 2802 509 
6497 1979 1953 3370 1954 
6498 3881 2702 2700 3130 
6499 2114 1350 1335 1277 
6500 1870 1128 1194 1171 
6501 184 1040 1534 1124 
6502 2652 1866 2654 934 
6503 2734 2735 2733 3341 
6504 2746 1534 1611 1662 
6505 2666 1131 1129 1130 
6506 2667 1144 1149 1660 
6507 3882 3773 3883 3857 
6508 3088 1224 2689 1222 
6509 2524 2525 2308 2307 
6510 3030 1239 1276 1240 
6511 3373 3075 2553 3815 
6512 2306 3590 2307 2309 
6513 2178 3210 2629 1182 
6514 2079 3465 3796 2081 
6515 2807 2564 3368 1876 
6516 3134 326 486 324 
6517 2122 1254 2123 1257 
6518 2392 1592 1682 1630 
6519 2383 1017 2379 999 
6520 1934 1192 1217 1358 
6521 2438 1140 1170 1174 
6522 1166 1325 213 1044 
6523 2808 1876 2864 3051 
6524 2597 503 404 383 
6525 2177 1309 1269 1265 
6526 3884 3144 3697 3548 
6527 1811 2757 2973 3411 
6528 3781 394 511 410 
6529 2547 902 83 19 
6530 3264 2945 2694 3547 
6531 1224 2689 2227 3088 
6532 3221 3566 3222 3667 
6533 2674 2675 3216 2676 
6534 3633 44 45 957 
6535 3150 3377 2127 1388 
6536 2263 2764 3379 3388 
6537 2719 3514 3020 3302 
6538 2666 1129 2745 1130 
6539 2038 1341 1342 1304 
6540 3499 3885 3886 3501 
6541 2806 3203 2777 2496 
6542 3887 2316 3479 2085 
6543 3578 1918 3579 3007 
6544 3888 3637 3741 1780 
6545 2588 1876 2566 2565 
6546 2587 1196 2808 1145 
6547 2353 1163 2479 1158 
6548 1811 2973 2757 2457 
6549 1191 10 145 1029 
6550 1541 2479 2100 970 
6551 3107 3831 3436 1964 
6552 3701 2164 1712 1731 
6553 2431 2433 1589 1669 
6554 1930 1701 1759 1744 
6555 3072 1579 1628 1582 
6556 2155 2122 3447 1294 
6557 1450 1859 1449 1495 
6558 3448 742 3450 737 
6559 3605 3889 3545 125 
6560 3161 3162 2578 565 
6561 3888 2468 1995 3741 
6562 1811 3197 2757 3411 
6563 2387 2104 2693 2985 
6564 1852 3477 1853 2398 
6565 2889 2424 2983 2935 
6566 2318 1286 1217 1302 
6567 3014 1053 2202 1207 
6568 2381 1313 1850 1350 
6569 2626 385 386 362 
6570 3179 3206 3180 3152 
6571 3890 2237 2413 3891 
6572 2244 2245 2091 1834 
6573 1569 2492 2062 1677 
6574 55 912 2681 56 
6575 2824 501 447 490 
6576 3686 125 3120 914 
6577 3633 3278 1988 46 
6578 532 557 2023 3161 
6579 1974 3207 2081 287 
6580 2976 2721 2877 2720 
6581 2099 987 2103 976 
6582 3272 3245 3184 3408 
6583 2411 1166 1039 1169 
6584 1763 1146 1305 1202 
6585 3890 3892 2237 3891 
6586 2485 1816 1998 3493 
6587 3893 3087 3729 3254 
6588 2586 2587 1877 1058 
6589 3418 40 39 529 
6590 2388 2984 1805 2067 
6591 2303 554 31 30 
6592 3349 3350 3607 2588 
6593 3726 102 3197 103 
6594 3893 1922 1923 3589 
6595 2350 92 3649 93 
6596 2333 1403 2334 1998 
6597 3294 2999 922 59 
6598 2548 2549 2101 3894 
6599 3503 2353 2101 2549 
6600 2479 1545 1191 1685 
6601 1812 3401 1814 2090 
6602 2629 1077 1182 1070 
6603 3588 3587 3893 3589 
6604 1857 3779 2016 1890 
6605 33 1977 97 951 
6606 3420 2083 3421 3562 
6607 2492 2160 2159 2493 
6608 1763 1291 2169 1202 
6609 2201 2401 2227 1221 
6610 2434 2435 1739 1755 
6611 1415 1895 1416 2897 
6612 2252 2411 2843 1166 
6613 3061 2557 3358 3415 
6614 2843 1138 1166 1169 
6615 2038 2042 3748 1452 
6616 3239 3602 640 638 
6617 1261 2285 3308 3277 
6618 2666 1144 2278 1131 
6619 2517 1931 1153 1742 
6620 2893 3895 2622 74 
6621 2279 1539 2513 2671 
6622 1879 3870 3693 2013 
6623 3460 2311 1786 3200 
6624 2884 1815 3826 2676 
6625 3082 3274 3081 2511 
6626 1803 1000 2383 1002 
6627 2299 2300 3492 400 
6628 303 304 2968 3112 
6629 3140 3012 3141 1860 
6630 2434 1654 1540 1642 
6631 3308 1274 1261 3277 
6632 2043 1695 2410 1378 
6633 2469 3886 2049 2907 
6634 2807 3368 2587 1876 
6635 3820 3624 2860 2861 
6636 3654 3538 3328 3537 
6637 3816 2595 2418 2769 
6638 2242 28 282 555 
6639 2772 2274 2271 3317 
6640 249 1637 1374 1530 
6641 2407 1480 1501 1369 
6642 2648 2987 3470 1607 
6643 179 1041 180 1536 
6644 2353 971 1163 1047 
6645 2621 464 2622 568 
6646 2100 1027 970 972 
6647 2299 3492 3755 400 
6648 2728 1491 3525 1470 
6649 3184 3896 3185 3183 
6650 3215 2759 2831 1945 
6651 3324 3897 3898 2740 
6652 2505 750 748 749 
6653 3078 2733 3079 141 
6654 3586 2216 1899 2788 
6655 2851 2123 2249 3399 
6656 3263 2746 3264 1870 
6657 2004 1106 1104 1037 
6658 3890 3899 2413 2511 
6659 2686 1474 1492 1401 
6660 3149 1479 3219 1390 
6661 3758 2704 2317 3900 
6662 2567 3795 3038 651 
6663 1801 1347 1790 1345 
6664 2524 2306 3738 2307 
6665 3502 1985 1242 1243 
6666 3890 2413 3899 3891 
6667 2040 3442 2997 2045 
6668 2164 1732 1731 1749 
6669 3890 3081 2413 2237 
6670 2407 1369 1500 1480 
6671 970 170 171 1541 
6672 2662 2944 2719 3417 
6673 3901 2780 2593 3902 
6674 2228 1225 1223 1239 
6675 3888 3859 2466 3065 
6676 3903 2303 3089 31 
6677 1856 2102 1858 3049 
6678 3890 2511 3081 3274 
6679 1885 3653 3904 1906 
6680 2894 74 581 547 
6681 1920 2189 2705 2707 
6682 3215 2525 2831 2759 
6683 1734 2044 1727 1712 
6684 2745 2746 2667 1149 
6685 3263 2508 3391 2746 
6686 2486 1929 1928 1188 
6687 3905 3823 3490 2359 
6688 3245 2654 3896 130 
6689 1898 2462 1907 2218 
6690 3108 1787 2832 421 
6691 3354 3367 3830 3356 
6692 3106 3844 2956 3906 
6693 2995 1456 1520 1471 
6694 2244 2850 3907 1834 
6695 3583 3555 3908 2688 
6696 2536 2537 2528 1154 
6697 1943 3225 3418 522 
6698 3602 757 620 638 
6699 3785 3908 3163 3555 
6700 2673 1585 2672 1641 
6701 2280 3909 2398 2253 
6702 3148 3842 3472 1821 
6703 2046 1212 1362 1314 
6704 2371 3475 2372 2370 
6705 3108 379 1787 421 
6706 3773 1903 1904 3857 
6707 697 1952 781 2942 
6708 3887 2234 2823 2235 
6709 3546 2276 3091 2857 
6710 3463 3910 3565 3911 
6711 1910 336 3372 357 
6712 2591 2854 3698 3912 
6713 2830 433 513 428 
6714 3747 832 715 828 
6715 2022 2578 2149 2070 
6716 3890 3081 3913 3274 
6717 2872 977 988 980 
6718 3126 1604 1531 181 
6719 3414 3228 3468 2208 
6720 2975 2021 2610 2020 
6721 2499 2698 3914 2501 
6722 2441 2317 3758 2442 
6723 1805 2129 2390 3063 
6724 3541 3915 3823 3672 
6725 2690 2396 1253 1292 
6726 3852 2915 3828 2448 
6727 3454 3456 2482 3529 
6728 3905 3507 3455 3801 
6729 2542 2876 1941 2877 
6730 2832 1787 2142 421 
6731 2077 1828 1830 2083 
6732 1854 1853 3310 1855 
6733 3541 3824 3823 3915 
6734 3260 3329 3328 3156 
6735 2812 1866 3508 3751 
6736 2140 3405 3714 2233 
6737 360 3534 3683 3492 
6738 150 1045 1012 969 
6739 1850 993 992 962 
6740 2700 2702 3129 3130 
6741 3396 1907 3916 2464 
6742 2299 413 3755 2845 
6743 2060 2069 2802 2071 
6744 1788 1840 438 439 
6745 3541 3824 1873 3823 
6746 1869 2180 3427 1081 
6747 2043 259 1695 1378 
6748 1217 202 1052 1141 
6749 2729 1702 1930 1700 
6750 3917 2651 2508 1108 
6751 2278 1620 1529 1660 
6752 1191 1545 1051 177 
6753 2241 2232 1286 1213 
6754 2172 1073 2352 2481 
6755 2098 1629 1546 1688 
6756 2035 514 3162 2516 
6757 3858 3622 3623 2590 
6758 2964 2966 2965 3438 
6759 3918 3867 3767 3919 
6760 3063 2385 2674 3064 
6761 2896 2331 3839 3301 
6762 3169 3773 3883 3865 
6763 3920 2015 2014 1453 
6764 2732 2735 2734 1903 
6765 2058 2802 2036 2060 
6766 2943 2513 2104 985 
6767 1941 2391 1942 2066 
6768 3675 46 1988 47 
6769 2053 1306 1216 1380 
6770 2042 1342 2052 1210 
6771 1489 229 228 1304 
6772 2153 3853 2708 2156 
6773 3115 74 73 930 
6774 2283 2280 2281 2783 
6775 3133 1051 2479 1545 
6776 2712 2714 2790 2789 
6777 2902 2886 2885 2598 
6778 3718 1594 1670 1585 
6779 2036 2802 508 366 
6780 1784 1838 2584 1882 
6781 2804 2495 602 112 
6782 2628 3357 2006 1568 
6783 3615 3748 1428 1425 
6784 1817 1208 1330 1317 
6785 3921 3094 3544 3775 
6786 3922 3138 3515 3517 
6787 3923 3756 3504 3924 
6788 1881 1913 2450 1882 
6789 3120 125 3889 126 
6790 2836 1474 1397 1411 
6791 3670 3098 134 928 
6792 2524 2523 2525 3033 
6793 2587 2808 1877 1145 
6794 3252 3251 2990 3366 
6795 2064 1319 1320 1215 
6796 2436 1140 1133 1169 
6797 2843 1133 1093 1169 
6798 2064 1050 2270 1143 
6799 2099 986 2104 2513 
6800 230 1488 1306 1210 
6801 2052 1344 1306 1210 
6802 1380 2053 1488 1483 
6803 3527 1463 3393 1423 
6804 1926 2124 1256 1258 
6805 2728 1273 1267 1339 
6806 2382 3382 2381 2380 
6807 2126 3150 1388 1391 
6808 1970 3533 349 351 
6809 2646 446 2095 507 
6810 3158 2507 2456 3717 
6811 2745 2667 1144 1149 
6812 1698 270 1739 1642 
6813 2393 2272 2435 1681 
6814 1020 2383 2379 999 
6815 3925 3822 2007 2464 
6816 3887 2316 1844 3479 
6817 3846 3558 3560 95 
6818 3922 3138 2887 3515 
6819 3150 3339 3152 3338 
6820 2320 502 313 445 
6821 2101 1027 974 987 
6822 2513 986 1025 1009 
6823 3701 3700 2750 2725 
6824 2744 1079 1078 1080 
6825 2345 1125 1183 1065 
6826 3790 839 585 749 
6827 2553 3142 2639 2320 
6828 3298 3424 1407 2330 
6829 2754 3386 3760 608 
6830 1836 2866 2773 2656 
6831 1836 2619 3 942 
6832 1974 431 430 520 
6833 3833 2313 3136 2312 
6834 3393 1457 1424 1458 
6835 1832 1834 2244 2246 
6836 3390 1468 3525 1471 
6837 3181 3177 3180 3176 
6838 3922 2890 2887 3138 
6839 3120 126 127 924 
6840 3634 109 45 948 
6841 3553 2539 3554 3730 
6842 3922 3436 2476 3906 
6843 2754 608 2756 741 
6844 3456 2992 2482 3198 
6845 3427 3392 3926 2345 
6846 3070 2897 3300 3927 
6847 231 232 1216 1380 
6848 1926 1927 2124 1259 
6849 2054 1750 1376 1482 
6850 3055 3195 3053 3054 
6851 2388 1806 1803 1805 
6852 1557 3489 1558 1562 
6853 3186 578 556 512 
6854 1961 1970 358 466 
6855 2000 2002 2982 2003 
6856 2628 3391 3604 1612 
6857 2944 2062 3300 2571 
6858 3922 2476 2890 3906 
6859 3389 3520 2700 3369 
6860 1359 1024 1031 2379 
6861 2541 2542 2130 2599 
6862 1847 2070 2579 1849 
6863 2729 1638 1737 1542 
6864 2291 1459 1480 1427 
6865 2729 1527 2395 1691 
6866 2248 3021 3928 2947 
6867 2628 2005 3604 2779 
6868 2123 1256 1257 1254 
6869 1864 1866 2652 66 
6870 2881 2802 345 365 
6871 1528 1639 961 172 
6872 3425 388 386 488 
6873 315 451 1968 3109 
6874 2953 1794 2701 2954 
6875 3854 1945 2081 2601 
6876 2439 1443 1485 1382 
6877 2096 1241 1268 1280 
6878 2582 281 3403 60 
6879 2831 3738 2759 2525 
6880 2567 642 3795 651 
6881 2079 3871 3854 3796 
6882 2053 2052 1282 1344 
6883 2728 1491 2038 2995 
6884 2672 1641 1528 1640 
6885 150 151 1045 969 
6886 2433 1671 1178 1537 
6887 2497 3832 2604 2603 
6888 2604 1368 1600 246 
6889 2111 1525 1511 1445 
6890 247 1600 1368 246 
6891 2220 26 2221 2225 
6892 2626 385 2625 386 
6893 3012 952 1978 35 
6894 2415 3695 70 71 
6895 3142 314 3416 2320 
6896 2975 3027 2610 3384 
6897 2878 1593 3032 2699 
6898 2479 1029 1014 1653 
6899 3134 2265 326 324 
6900 2251 2725 2903 1710 
6901 2890 2476 2137 3571 
6902 3217 3266 1764 1766 
6903 2462 3321 2464 3847 
6904 3929 3419 702 725 
6905 2969 306 308 307 
6906 2944 3927 3070 3300 
6907 2517 1153 1033 1690 
6908 2626 2265 3134 338 
6909 3922 3515 3025 3517 
6910 1912 799 1911 681 
6911 3002 2913 3930 1909 
6912 2005 3655 2007 3916 
6913 1687 3469 2948 1557 
6914 2005 3417 2780 2779 
6915 2923 2596 3168 3488 
6916 2697 2137 3709 3289 
6917 2217 2563 3847 2556 
6918 3695 550 3694 284 
6919 2382 1939 1940 1941 
6920 2971 3347 41 2972 
6921 3880 2691 2692 2107 
6922 2478 2385 2674 3137 
6923 2242 551 2243 282 
6924 2215 3489 2359 1680 
6925 3787 2803 1990 3674 
6926 3850 3726 3760 587 
6927 1824 3204 2988 3496 
6928 2706 3211 2707 2705 
6929 315 451 3109 449 
6930 2133 1247 1270 1329 
6931 2185 3559 1833 2224 
6932 3062 3599 3403 3931 
6933 2354 148 1151 1034 
6934 2099 2672 1007 961 
6935 602 2495 850 870 
6936 3348 2972 2971 3932 
6937 3246 3131 3248 3130 
6938 1789 531 276 440 
6939 265 1651 1759 1744 
6940 2486 1178 1929 1123 
6941 2434 1739 1698 1755 
6942 410 3781 370 3534 
6943 3113 1401 3144 1435 
6944 3933 3295 3661 3044 
6945 2746 1534 2651 1611 
6946 3050 3646 3629 857 
6947 2633 3934 3593 3610 
6948 1946 1947 2335 2261 
6949 1955 1405 1479 1396 
6950 3416 310 313 312 
6951 3657 2204 2085 2316 
6952 2899 130 3896 2654 
6953 2666 1144 2667 1660 
6954 2399 786 3437 788 
6955 1040 185 1534 1658 
6956 2675 2598 2659 2599 
6957 2399 3203 3935 2351 
6958 3747 2635 860 832 
6959 3209 2805 3936 2496 
6960 1052 1954 1193 1162 
6961 2230 1974 510 427 
6962 2058 2037 1815 2660 
6963 3142 2265 2932 320 
6964 1787 420 421 379 
6965 3014 1302 2318 1141 
6966 3440 2185 2225 3146 
6967 406 548 519 2833 
6968 2144 597 3808 115 
6969 2890 3906 2476 3571 
6970 1981 2397 1982 3230 
6971 3408 3896 3183 830 
6972 2430 1752 1725 1694 
6973 2290 3009 2408 2668 
6974 3127 2110 2941 3548 
6975 1808 2442 3758 1802 
6976 1859 3662 1449 2858 
6977 725 3929 3419 3774 
6978 2687 3908 2820 2688 
6979 1869 3263 1127 1081 
6980 3904 1906 3653 2913 
6981 3099 3101 3100 3859 
6982 1168 3010 1083 1134 
6983 1515 2041 2056 2051 
6984 2410 1736 1743 1760 
6985 2292 2437 2436 2179 
6986 3427 2808 2864 3051 
6987 1956 1432 2347 1400 
6988 3852 3085 2853 3019 
6989 3635 107 43 956 
6990 2133 1270 2704 1329 
6991 1816 2334 3493 3365 
6992 2754 3911 2756 2755 
6993 3641 3451 3058 3091 
6994 3036 2468 3305 3226 
6995 1862 3140 3218 2991 
6996 1859 1204 1998 1450 
6997 3000 676 677 655 
6998 3176 3177 2422 3213 
6999 2487 1148 2517 1139 
7000 3188 2715 2610 3937 
7001 1039 1170 211 1326 
7002 2252 1166 1138 1044 
7003 3641 2745 1129 1128 
7004 3015 1741 2487 1738 
7005 2910 2963 2911 2913 
7006 2438 1326 210 1170 
7007 3414 2526 3145 3938 
7008 1773 2077 1775 3192 
7009 2555 2557 2766 2558 
7010 3269 3935 3268 3543 
7011 2380 2131 2382 2129 
7012 1696 1048 1161 194 
7013 2436 2411 1140 1169 
7014 1929 1049 1123 1178 
7015 1926 2124 1258 1259 
7016 3195 2843 1135 1138 
7017 2023 2025 3599 455 
7018 2121 3939 3563 2521 
7019 144 1946 603 143 
7020 3400 137 2787 138 
7021 3127 2941 3230 2256 
7022 3512 3715 3513 3580 
7023 1875 2747 2629 2180 
7024 1408 3095 1407 3298 
7025 2167 2133 3429 3334 
7026 2752 2399 3437 3203 
7027 1991 3940 2370 3048 
7028 3824 3718 2215 3894 
7029 3484 805 2423 873 
7030 1926 2124 2294 1256 
7031 2127 2711 2931 2032 
7032 2542 2543 1827 2978 
7033 3687 125 3545 3889 
7034 2605 2607 3836 2481 
7035 1755 2408 1715 1740 
7036 2410 1650 1684 1743 
7037 2291 1504 1661 1501 
7038 2393 2435 2395 1527 
7039 1045 1162 969 151 
7040 2479 1029 1191 1163 
7041 2555 1555 1552 1636 
7042 2299 495 3369 3313 
7043 1928 1702 1696 1701 
7044 2587 1065 2345 1196 
7045 3215 1945 2830 3225 
7046 3440 2187 2185 2186 
7047 2399 786 788 787 
7048 2526 2529 2171 3938 
7049 3198 1094 1104 1074 
7050 2863 3608 3010 1080 
7051 1879 82 2547 83 
7052 2367 301 3033 303 
7053 2399 788 2351 787 
7054 3001 3097 3818 3622 
7055 2733 2735 1967 2835 
7056 3129 3064 2676 3826 
7057 1973 3104 571 569 
7058 3127 3832 2941 1434 
7059 2557 1564 1553 1551 
7060 3324 3311 3260 3325 
7061 464 2621 2894 463 
7062 2009 1103 1186 1198 
7063 2555 1554 2766 1552 
7064 2358 2359 3297 2360 
7065 3126 1531 1605 1606 
7066 169 170 1014 1653 
7067 1854 3311 3260 3310 
7068 2315 3222 2203 3224 
7069 3941 916 4 8 
7070 3730 2228 2227 2707 
7071 2037 1793 1796 1815 
7072 1928 1703 3015 1738 
7073 1930 1049 1189 1161 
7074 1930 1683 1189 1543 
7075 1930 1683 1543 1651 
7076 1857 3779 3942 2016 
7077 2651 1040 1156 1124 
7078 2482 1071 1147 1094 
7079 3393 2470 3527 1897 
7080 2155 2996 3853 2156 
7081 2164 1732 1747 1730 
7082 1488 2042 1451 2041 
7083 3695 70 550 284 
7084 3277 1260 1261 1259 
7085 2500 2767 3914 2918 
7086 3574 580 526 289 
7087 3532 426 2233 407 
7088 3494 3561 2776 685 
7089 2564 3031 3003 2807 
7090 3642 3855 3902 3547 
7091 2861 3355 2345 3356 
7092 2505 3434 2506 3910 
7093 3142 319 318 316 
7094 2447 89 2222 90 
7095 2112 2113 2096 1236 
7096 3346 3943 2826 2829 
7097 2185 2188 2226 2224 
7098 2992 1071 2482 3198 
7099 3385 832 2446 90 
7100 3554 3663 2189 3410 
7101 3027 3029 2310 2677 
7102 3163 2817 3555 3554 
7103 2191 2013 2012 2011 
7104 2779 2694 3391 2628 
7105 3277 1261 1263 1274 
7106 1797 614 2905 612 
7107 3615 1428 1426 1425 
7108 2831 300 327 302 
7109 1968 500 499 451 
7110 2330 1410 1409 1408 
7111 3505 2581 2615 3422 
7112 3050 3629 3561 776 
7113 3034 505 2523 503 
7114 3263 2508 1870 1126 
7115 3429 1997 3788 2134 
7116 2821 1831 2635 3361 
7117 3432 2751 3196 3433 
7118 2744 1078 1088 1080 
7119 2054 1747 2045 2051 
7120 2048 3853 3447 2996 
7121 1785 3416 311 310 
7122 1803 2811 1001 1002 
7123 2383 2379 1017 998 
7124 397 398 2578 532 
7125 2063 1374 1469 1637 
7126 3346 1936 3706 3473 
7127 2167 3745 3662 3685 
7128 1801 1790 2882 1345 
7129 2291 1457 2197 1459 
7130 2926 2928 3711 2922 
7131 3661 3344 2967 2200 
7132 2432 1098 1179 1102 
7133 3277 2162 2163 1274 
7134 2273 3072 2250 1579 
7135 3944 2231 1974 520 
7136 2584 3872 3006 2585 
7137 2076 2862 1767 1765 
7138 3945 3213 2422 3177 
7139 2306 3590 3738 2307 
7140 3915 2550 3894 2549 
7141 2229 3423 1055 3350 
7142 1833 3589 2073 2822 
7143 495 2299 414 465 
7144 3016 2158 3157 3015 
7145 2903 1932 1720 1734 
7146 2399 786 787 704 
7147 2471 2408 2336 2409 
7148 3578 2483 3600 2484 
7149 3748 2042 1490 1452 
7150 1983 3502 1986 1985 
7151 1983 1996 2135 3685 
7152 1191 1685 1545 177 
7153 2209 2790 3937 3384 
7154 3126 1186 2009 1103 
7155 3358 2557 1564 1553 
7156 2431 2433 2577 1599 
7157 1928 1696 1703 1738 
7158 1928 2487 3015 2488 
7159 3475 3946 3945 3947 
7160 2424 3435 3114 2426 
7161 3072 3071 2277 2196 
7162 3562 1784 2737 2739 
7163 3246 3063 3800 1805 
7164 2465 3305 3304 3036 
7165 2527 2188 2822 2731 
7166 2133 1247 1248 1270 
7167 1939 2876 2721 2877 
7168 3182 3185 3184 3409 
7169 3699 3021 3792 1919 
7170 2054 1729 1747 1697 
7171 1754 239 1212 1693 
7172 1314 3308 1933 1354 
7173 304 2969 2522 2968 
7174 3452 2664 2629 3331 
7175 3613 2529 2994 1062 
7176 1916 734 855 827 
7177 2799 2800 2801 3360 
7178 1764 1765 87 88 
7179 3191 3385 3649 2429 
7180 2029 2314 361 389 
7181 2205 2266 1055 3423 
7182 3028 3383 2970 3815 
7183 2185 3531 3596 2305 
7184 2243 407 2233 468 
7185 2380 2381 2379 998 
7186 2825 2079 3793 37 
7187 2347 2386 1845 1804 
7188 2651 1156 1108 1124 
7189 2745 1128 1171 1130 
7190 3711 2922 3712 1904 
7191 1180 2352 2354 1100 
7192 970 171 1007 1541 
7193 3588 3589 3948 3607 
7194 3893 2540 3729 3087 
7195 2342 1643 3126 1531 
7196 2215 1586 3718 2980 
7197 3890 2413 3082 3694 
7198 186 1658 185 1149 
7199 2009 2480 3297 1536 
7200 2639 2320 3416 3214 
7201 3147 2489 2490 2491 
7202 3105 2419 1979 3370 
7203 2439 1303 1382 1218 
7204 2724 2748 291 1847 
7205 1936 2722 3918 2723 
7206 2293 1328 2411 1297 
7207 2726 2727 1706 1733 
7208 2054 1216 1318 1357 
7209 2064 2270 1050 1215 
7210 2878 2699 2426 2998 
7211 2852 2102 3049 3488 
7212 3122 2541 3949 2826 
7213 2579 477 367 395 
7214 3495 2989 3497 2988 
7215 2799 3360 2796 2396 
7216 2900 2715 2902 3413 
7217 1039 1326 211 1205 
7218 1751 1931 1699 1160 
7219 3351 1085 3010 1134 
7220 1928 1150 2487 1184 
7221 2486 1178 2433 1929 
7222 192 191 1049 1543 
7223 2430 2270 3054 2064 
7224 238 1758 1212 1693 
7225 237 1692 236 1199 
7226 3432 3265 2465 2806 
7227 2729 1717 1757 1737 
7228 2410 1743 2434 1650 
7229 1684 1743 272 1760 
7230 258 1695 259 1378 
7231 3284 2833 3950 25 
7232 2094 2969 2093 2970 
7233 1933 1314 1199 1692 
7234 2336 1715 2408 1713 
7235 2062 2160 2063 1603 
7236 2486 1123 1176 1043 
7237 1775 3734 2191 3819 
7238 3000 3364 2752 655 
7239 2711 1404 2015 1513 
7240 2579 396 3636 2069 
7241 1987 541 2515 561 
7242 3271 2429 3649 2565 
7243 2374 3240 2615 2377 
7244 3069 2822 2087 2823 
7245 2602 2604 2111 2603 
7246 1875 2174 1059 1069 
7247 2099 2104 986 1026 
7248 175 1652 176 1013 
7249 2401 2174 1167 1055 
7250 2381 1355 1313 1277 
7251 1991 2370 1992 1994 
7252 1939 2382 1940 1850 
7253 3083 3239 3085 2448 
7254 2433 1043 189 1537 
7255 3512 3580 3513 635 
7256 1253 2851 3399 2123 
7257 2576 1620 2278 1660 
7258 2952 337 1795 452 
7259 3125 3917 2651 2508 
7260 1916 3951 3193 3689 
7261 3687 2999 3775 124 
7262 3952 3953 2959 1809 
7263 3929 702 724 725 
7264 2952 3374 3109 1794 
7265 1891 1893 2570 1894 
7266 3825 2387 2983 3435 
7267 2213 2714 2713 2029 
7268 3363 2752 2569 3680 
7269 2403 2457 104 103 
7270 2108 2391 2107 2065 
7271 1782 1784 2584 1882 
7272 2892 793 632 628 
7273 2671 1486 1030 1006 
7274 242 1381 241 1546 
7275 3528 1627 1587 1665 
7276 3424 3954 3839 3310 
7277 3927 1896 2259 2710 
7278 3772 2558 3677 2556 
7279 2411 1205 1166 1325 
7280 93 94 2175 3558 
7281 2170 1066 1062 1154 
7282 3432 3196 2507 3265 
7283 3916 3357 3396 2464 
7284 2546 902 2547 19 
7285 2236 3479 1841 1843 
7286 2183 2182 3861 2184 
7287 2497 3832 3128 1406 
7288 3654 3301 3955 3329 
7289 2344 1106 2004 1108 
7290 3239 758 761 682 
7291 2597 403 383 404 
7292 2555 2766 2698 2767 
7293 3528 1624 1587 1627 
7294 3215 2367 2968 1944 
7295 3952 2959 2774 3431 
7296 100 101 943 3013 
7297 2859 1994 3045 2334 
7298 1783 3316 1782 2450 
7299 2869 64 3763 915 
7300 2370 2369 3048 2298 
7301 2175 94 907 95 
7302 2448 761 758 757 
7303 2323 2819 3557 2647 
7304 3904 3728 1906 3483 
7305 2952 337 452 373 
7306 3425 2625 3082 409 
7307 2953 1795 344 343 
7308 3202 848 846 600 
7309 1859 3662 3334 2165 
7310 3273 2549 2481 2360 
7311 2685 2836 2686 1394 
7312 304 2969 2968 3112 
7313 1808 1809 2960 3746 
7314 2297 3493 2298 3365 
7315 2184 3861 2183 3805 
7316 2837 2225 3956 2187 
7317 231 1216 1306 1380 
7318 2252 1327 1209 1299 
7319 2273 1583 2274 2272 
7320 3701 1712 2903 1709 
7321 2046 1212 1314 1758 
7322 3957 3929 3882 3857 
7323 3000 707 3705 796 
7324 3958 2704 2883 1329 
7325 2799 1287 2800 1349 
7326 1850 1023 1312 1200 
7327 2324 3959 2145 2327 
7328 2844 3105 3503 3523 
7329 3541 3672 3783 3845 
7330 2943 2985 2984 2065 
7331 2310 2309 3136 2308 
7332 3734 586 824 85 
7333 3605 126 3889 125 
7334 1785 330 317 329 
7335 3372 455 3062 2025 
7336 2293 1296 1256 1264 
7337 2872 1940 2066 990 
7338 2237 3960 2238 2240 
7339 2671 1025 1010 968 
7340 1209 214 1044 1142 
7341 2839 1724 2046 1758 
7342 2333 1998 1817 1510 
7343 1933 1278 1311 1199 
7344 2251 1721 1932 1931 
7345 3442 2044 2047 2997 
7346 1518 2056 1447 2290 
7347 2043 1526 1475 1378 
7348 2056 2668 1518 1446 
7349 1698 1650 271 1540 
7350 3437 2752 3433 2751 
7351 2986 2341 2358 1605 
7352 2315 3875 3252 3224 
7353 2899 871 3193 851 
7354 2771 1816 1859 1331 
7355 2552 3200 333 484 
7356 3380 3656 538 279 
7357 3700 2727 2336 2750 
7358 3008 2271 2471 2336 
7359 3008 3885 2271 2336 
7360 1931 1725 2064 1751 
7361 3451 3264 3547 2945 
7362 2576 1618 1619 1620 
7363 2446 90 832 828 
7364 3829 3961 72 71 
7365 3505 3598 3591 3422 
7366 1919 1920 1918 3331 
7367 2630 2631 3526 2644 
7368 209 1146 1036 1202 
7369 3225 301 299 300 
7370 2413 3695 2415 2240 
7371 612 3565 2905 1797 
7372 2080 297 2830 298 
7373 1824 2827 1943 3874 
7374 2607 2481 2172 2549 
7375 2781 3408 3243 732 
7376 2148 2150 2149 2516 
7377 2499 2698 1791 3914 
7378 1016 164 1476 163 
7379 2941 2603 2933 3832 
7380 2096 1280 2241 2319 
7381 3693 3690 3870 1916 
7382 3596 1833 1834 3666 
7383 2109 3114 2110 1508 
7384 3370 1177 1101 1187 
7385 2188 2224 1833 2731 
7386 2348 853 881 119 
7387 2573 2407 2063 2571 
7388 2744 2178 2664 2629 
7389 2855 3863 3322 3501 
7390 3962 2681 3963 3964 
7391 2648 3291 2340 2342 
7392 3536 3486 3261 3537 
7393 2993 3367 2994 3624 
7394 3080 2895 2765 3320 
7395 2099 2103 1003 976 
7396 3432 2507 3196 3434 
7397 2320 316 314 313 
7398 2232 2847 2419 1843 
7399 3069 2823 2188 2822 
7400 1152 1012 149 150 
7401 2058 2037 2036 2095 
7402 3442 2045 2041 2053 
7403 1929 1123 1049 1188 
7404 2291 1504 2197 1661 
7405 3251 3205 2990 3965 
7406 2882 2883 2704 1329 
7407 3432 3158 3265 2507 
7408 3089 31 2303 554 
7409 2201 1316 2202 1348 
7410 2062 1584 1571 1674 
7411 2410 2434 1743 1740 
7412 2272 1654 1681 1626 
7413 2410 1521 1684 1379 
7414 2242 2243 2233 282 
7415 3252 3218 2989 3224 
7416 3641 1088 1870 1128 
7417 3058 1088 1129 1168 
7418 2125 1312 1023 1213 
7419 1934 964 995 1022 
7420 2041 1483 2051 1515 
7421 1928 1703 1702 1704 
7422 3962 3041 2681 3964 
7423 1777 3803 3119 1229 
7424 2029 2028 347 361 
7425 2121 2875 3219 2521 
7426 2263 2681 2349 2763 
7427 2109 1688 1535 1629 
7428 2101 973 974 972 
7429 1875 1182 2629 3210 
7430 2274 1657 2617 1635 
7431 2617 1507 1465 1370 
7432 1698 1540 270 1642 
7433 3746 2132 2135 2166 
7434 2023 3599 3161 557 
7435 3134 486 338 324 
7436 3953 2656 1996 3160 
7437 2181 3901 2182 2184 
7438 2320 2312 2322 3833 
7439 3432 3265 3158 2465 
7440 2791 2554 2624 3966 
7441 2837 2221 2223 3116 
7442 3530 3737 2302 3967 
7443 1872 1871 3445 3609 
7444 2010 85 3693 84 
7445 3609 3672 3610 3446 
7446 1686 2671 1652 1546 
7447 3613 2566 2536 3368 
7448 3345 2676 2674 3064 
7449 2054 1754 1212 1693 
7450 2043 1735 1746 1749 
7451 3016 3157 2158 3791 
7452 3277 1260 1263 1261 
7453 1897 1422 3527 3393 
7454 3281 3524 2570 3873 
7455 2306 404 434 405 
7456 2919 3168 2920 3117 
7457 1218 217 218 1382 
7458 1801 1367 1384 1383 
7459 2379 1017 998 999 
7460 2381 994 1850 962 
7461 3739 3804 3802 3968 
7462 2600 494 359 495 
7463 1777 1779 2904 1780 
7464 2430 1725 1721 1694 
7465 3969 2806 2465 3100 
7466 204 1207 1219 1053 
7467 2717 3319 2886 3413 
7468 3198 1186 1104 1094 
7469 2142 420 1787 377 
7470 3748 1490 2042 2039 
7471 1926 1260 3277 1259 
7472 1933 1692 1753 1722 
7473 1692 1314 237 1758 
7474 1761 1482 1522 264 
7475 2122 1259 1262 1257 
7476 232 1357 1216 1522 
7477 2919 2922 2921 1904 
7478 3833 2313 2322 469 
7479 2369 3600 2925 2298 
7480 3806 2234 3970 2186 
7481 3346 3707 2059 3473 
7482 3613 2993 3624 3368 
7483 3506 1866 2653 3509 
7484 3112 306 2969 307 
7485 2878 2998 2499 1679 
7486 714 2450 1913 713 
7487 1833 3607 2822 2731 
7488 2725 1718 2157 2158 
7489 2286 2287 78 79 
7490 2329 2034 2711 1506 
7491 2257 2258 3258 50 
7492 1875 2864 2747 2180 
7493 3971 3739 3968 3804 
7494 2750 3009 1731 1749 
7495 2742 659 2770 710 
7496 3722 2752 3364 674 
7497 2923 2596 2770 3168 
7498 2507 107 3717 3265 
7499 2557 3061 3358 2974 
7500 2459 2658 2782 883 
7501 663 1856 1911 1858 
7502 2146 1770 1771 2147 
7503 2702 3313 2703 3573 
7504 2919 2921 3774 1904 
7505 2055 2326 1890 774 
7506 811 2892 625 3237 
7507 3605 3209 3947 3936 
7508 3641 1088 3058 2744 
7509 2037 1910 2881 335 
7510 3193 3183 851 855 
7511 2369 2805 1894 3035 
7512 3503 1011 2354 3105 
7513 1649 2628 1612 3391 
7514 3563 3939 2967 3564 
7515 1787 375 379 474 
7516 3058 3451 3010 3091 
7517 759 3450 3449 2450 
7518 2132 2133 1801 1270 
7519 1918 2189 1920 3663 
7520 2176 2177 2851 3399 
7521 3833 3136 470 384 
7522 2995 3615 3748 2996 
7523 2919 3857 3169 1904 
7524 2140 2242 2233 555 
7525 409 3425 488 489 
7526 2079 36 3465 2080 
7527 3590 3405 3714 2677 
7528 2381 1313 1211 1028 
7529 3215 2830 1945 2831 
7530 2345 3356 3355 2338 
7531 2116 382 402 406 
7532 2666 2278 1144 1660 
7533 2729 1682 1638 1542 
7534 2729 1682 1644 1638 
7535 2290 2668 2043 1518 
7536 2342 2651 1643 1609 
7537 3267 766 866 833 
7538 2379 1321 1322 1218 
7539 2919 3774 3857 1904 
7540 2555 2698 2500 2767 
7541 2252 1166 2843 1138 
7542 1924 3055 3322 3056 
7543 2430 1752 2064 1725 
7544 2410 1743 1684 1760 
7545 709 1857 721 1890 
7546 2555 2918 2500 3299 
7547 3153 2766 1792 3676 
7548 169 1029 1685 1653 
7549 242 1466 1546 1688 
7550 2949 1555 1636 1559 
7551 3781 3574 2137 2138 
7552 2380 2131 2129 2440 
7553 1359 1024 2379 1321 
7554 3089 295 31 554 
7555 1888 2613 3006 3510 
7556 3888 1995 3767 1780 
7557 2367 301 303 391 
7558 3687 3775 2999 3176 
7559 2354 960 1953 996 
7560 2524 405 2306 434 
7561 1640 2279 1539 2513 
7562 2379 998 2381 963 
7563 1790 1467 2439 1303 
7564 1898 1899 3586 2218 
7565 2497 3189 2498 3096 
7566 2828 1840 1789 2366 
7567 2168 3338 3220 1386 
7568 3038 651 3795 783 
7569 3418 529 276 40 
7570 2392 1678 1631 1630 
7571 3244 3001 2364 1901 
7572 1022 964 154 1323 
7573 2988 2990 3871 2991 
7574 2199 3606 3972 3763 
7575 2622 3895 2895 2696 
7576 3556 2529 3613 2536 
7577 2170 2529 2994 3938 
7578 3503 974 973 975 
7579 3400 2787 1905 138 
7580 3352 1878 3353 3350 
7581 2902 2885 3866 2901 
7582 2988 3871 2990 3854 
7583 3497 2115 3066 3667 
7584 1961 388 2749 471 
7585 2043 1499 1526 1378 
7586 3487 2596 662 775 
7587 2781 732 699 698 
7588 3400 2787 2732 1905 
7589 2621 2765 2622 2894 
7590 2655 2657 3919 3867 
7591 2231 540 295 431 
7592 3185 3183 3896 3193 
7593 3465 287 2080 297 
7594 2266 1203 1290 1221 
7595 2382 2129 2130 2390 
7596 2966 2478 2198 3563 
7597 1790 2442 2882 2439 
7598 3973 3826 2660 2661 
7599 2379 1321 1218 1359 
7600 2035 478 2579 395 
7601 2059 2058 2060 2802 
7602 1152 1012 960 149 
7603 2768 2418 3698 2770 
7604 2330 1409 1413 1493 
7605 2353 1151 1047 1180 
7606 18 2644 2547 2630 
7607 3693 594 3481 1916 
7608 3634 109 3101 957 
7609 3050 729 686 688 
7610 2406 117 588 118 
7611 2185 2188 2187 2226 
7612 3453 2307 2308 2525 
7613 2183 2182 1876 2565 
7614 2201 2203 3587 2204 
7615 2807 3052 2564 1876 
7616 2207 3285 3284 3950 
7617 2274 1625 1657 1635 
7618 2434 1650 1743 1698 
7619 2176 3399 1919 3331 
7620 2685 3113 3144 3312 
7621 2735 3400 2732 1967 
7622 2036 508 506 366 
7623 3000 704 677 676 
7624 3974 3496 3497 2988 
7625 3502 3429 3788 1242 
7626 2902 2717 2716 3517 
7627 3479 2847 1115 1113 
7628 3400 2788 2732 2787 
7629 2153 2123 2247 3853 
7630 2668 1446 1363 1518 
7631 2053 1362 2046 1336 
7632 3308 2163 2044 2839 
7633 3499 3791 3016 3885 
7634 3528 1661 2291 2197 
7635 3643 3696 3884 3697 
7636 2421 3178 2422 3213 
7637 3735 66 521 542 
7638 3975 1936 3633 3976 
7639 3225 299 298 300 
7640 3803 2794 3804 2958 
7641 3666 2091 2074 3977 
7642 2211 3751 3735 542 
7643 3283 128 2509 127 
7644 2232 1934 1286 1213 
7645 2352 1101 1953 1197 
7646 2885 3064 2598 2676 
7647 2898 435 3112 328 
7648 2881 345 335 346 
7649 3695 550 70 71 
7650 2689 1224 2801 1307 
7651 3502 2057 2771 1243 
7652 2577 1599 2278 1663 
7653 1786 2838 3200 1787 
7654 2043 2410 1499 1378 
7655 2755 3849 1880 1888 
7656 2487 1690 1150 1738 
7657 2534 1972 3336 355 
7658 2582 3161 525 565 
7659 2758 3453 3011 2525 
7660 3479 3014 2319 2318 
7661 2646 328 3112 307 
7662 1926 1256 1296 1258 
7663 2430 2064 1931 1725 
7664 3241 3242 3598 3243 
7665 2668 2043 1518 1475 
7666 1739 269 1527 1642 
7667 2435 1691 1739 1756 
7668 3699 2944 3902 3021 
7669 2833 273 548 519 
7670 3354 3355 2012 2011 
7671 2280 2281 2783 3618 
7672 2824 354 372 352 
7673 3408 2781 2929 2782 
7674 3112 305 306 307 
7675 1881 1913 1882 3628 
7676 3424 2493 2159 3839 
7677 3007 3331 1919 1918 
7678 1790 2882 1345 1206 
7679 2178 3210 1182 1118 
7680 369 2300 356 399 
7681 2810 17 81 899 
7682 3715 3795 3040 3038 
7683 2993 2345 1065 1125 
7684 2140 2233 2141 555 
7685 3518 3862 3074 3932 
7686 3596 2091 2850 898 
7687 3142 314 3250 3416 
7688 2437 2438 1174 1140 
7689 2165 1385 1367 1449 
7690 3400 1966 3115 938 
7691 2535 352 1969 500 
7692 1974 287 520 430 
7693 1788 2898 1840 2061 
7694 3112 304 305 303 
7695 3976 3635 3065 2971 
7696 2352 1095 1073 1100 
7697 1874 3978 3539 3623 
7698 2114 1235 3077 1238 
7699 3453 2307 3028 2308 
7700 2494 890 592 139 
7701 2011 2645 2012 3354 
7702 3774 3170 3419 3168 
7703 2846 56 3520 274 
7704 1790 1345 1347 1206 
7705 1998 2332 2485 3493 
7706 2652 3817 936 131 
7707 3347 41 42 947 
7708 232 1522 1216 1380 
7709 1976 3603 1977 1860 
7710 3400 3115 138 938 
7711 2858 3377 1386 1387 
7712 3370 1953 1101 1165 
7713 2164 2668 2056 2051 
7714 2445 2891 1915 693 
7715 2998 1535 1675 1679 
7716 2660 3826 2676 2661 
7717 2622 2696 2474 2623 
7718 2226 2188 2527 2224 
7719 2673 1561 1586 1585 
7720 3027 3412 3029 3384 
7721 3820 2428 2862 3116 
7722 2728 1339 1267 1294 
7723 3400 3115 930 138 
7724 3351 3157 2743 2486 
7725 1356 14 1190 1762 
7726 2278 1035 1144 1660 
7727 3979 2247 2856 2946 
7728 2713 2029 2789 347 
7729 2346 3345 3457 3064 
7730 1524 1218 217 1359 
7731 2597 2309 2116 2243 
7732 1764 86 3255 894 
7733 3400 1966 1851 3115 
7734 1946 3504 2335 836 
7735 1790 2882 1206 1334 
7736 1758 2839 1692 1933 
7737 3502 1985 3429 1242 
7738 3833 2322 2320 323 
7739 2994 3624 3367 3625 
7740 3345 2661 2674 2676 
7741 1877 1058 1059 1057 
7742 1864 1865 1871 1874 
7743 2362 798 1952 885 
7744 1824 3204 1825 1827 
7745 2223 2428 3556 3116 
7746 2460 670 794 789 
7747 2365 1823 3711 3712 
7748 2830 513 287 430 
7749 2191 3591 2193 3734 
7750 1955 1400 2347 1405 
7751 3357 3415 2949 2464 
7752 2961 3612 3395 2340 
7753 2546 20 902 19 
7754 3304 3980 3511 3812 
7755 2498 2604 1502 1368 
7756 2930 1609 1608 1610 
7757 2199 3166 3972 2198 
7758 1428 3615 1426 3614 
7759 2063 1469 1633 1637 
7760 2330 1413 2160 1493 
7761 2287 527 78 79 
7762 2233 282 468 429 
7763 2971 2467 2466 3065 
7764 3634 3065 3859 3767 
7765 2516 63 541 514 
7766 2523 2306 404 434 
7767 2800 1287 1307 1225 
7768 3981 2540 2246 3459 
7769 2432 1131 2278 1179 
7770 3982 3838 3983 3632 
7771 1767 89 2221 2222 
7772 1954 1193 1116 1052 
7773 3061 3358 2006 2007 
7774 2324 845 2325 2327 
7775 1314 3308 2046 1933 
7776 3263 3535 3984 3428 
7777 3707 509 460 535 
7778 2174 3353 3211 1878 
7779 3562 1784 1838 2737 
7780 1862 1863 2809 3224 
7781 2907 3143 2856 3501 
7782 2392 2486 2433 1929 
7783 3060 3010 1085 1084 
7784 1930 1651 1678 1542 
7785 3351 3010 3060 2857 
7786 2037 2024 1793 1815 
7787 1980 3229 1982 3230 
7788 3308 2839 2044 2046 
7789 2874 1442 2347 1441 
7790 1934 1213 964 1323 
7791 2638 3373 2640 1968 
7792 1818 3229 3095 3298 
7793 2383 1017 999 967 
7794 3944 3465 3797 34 
7795 3656 3755 575 279 
7796 3840 2964 3841 3985 
7797 2265 325 2932 483 
7798 1931 1932 2430 1721 
7799 2411 1328 2438 1326 
7800 2275 3500 3091 2276 
7801 2567 642 793 631 
7802 2647 599 93 94 
7803 2863 3060 1093 1084 
7804 3146 93 92 906 
7805 2878 1597 2699 1679 
7806 2112 1228 3803 1232 
7807 3373 3375 2553 3376 
7808 3343 3986 3851 3939 
7809 3091 2276 2577 2575 
7810 3740 3968 2115 3122 
7811 2830 287 2081 3207 
7812 1788 440 1840 439 
7813 2228 1224 1225 1307 
7814 1850 962 1023 1200 
7815 378 3136 381 380 
7816 3432 3202 3265 2806 
7817 3470 2987 1676 1607 
7818 1953 996 960 1012 
7819 2278 1131 1144 1035 
7820 2437 1082 1092 1079 
7821 2278 1529 1035 1660 
7822 1908 1615 1559 1672 
7823 2898 2367 3112 435 
7824 1763 1309 1276 1346 
7825 1875 2180 2629 1070 
7826 3313 344 2953 501 
7827 1989 2656 1990 2657 
7828 2690 1250 1249 1246 
7829 1790 2439 2882 1334 
7830 2689 1227 1226 1224 
7831 2108 2716 2107 2391 
7832 326 3134 341 3664 
7833 2858 1495 1859 2334 
7834 2930 1609 2648 1608 
7835 2557 3415 2558 2556 
7836 2911 3930 3818 2913 
7837 2209 2020 3029 3384 
7838 3479 2319 2316 1843 
7839 3373 2639 2553 3250 
7840 2140 3440 3956 28 
7841 2690 2156 3525 1251 
7842 3034 504 2969 442 
7843 3013 3987 2825 2089 
7844 3963 3931 3520 58 
7845 2628 1573 3357 1568 
7846 2407 1633 1369 1533 
7847 2799 1343 1244 1234 
7848 2383 1375 1503 1477 
7849 1477 959 165 1364 
7850 3113 1498 2097 1956 
7851 3132 1397 2836 1395 
7852 3321 2464 3847 2556 
7853 1217 1192 1052 201 
7854 1791 2283 2785 2603 
7855 3833 445 2969 504 
7856 2044 2903 3701 1712 
7857 2754 3386 608 741 
7858 1897 1896 3615 1420 
7859 95 3596 2175 3560 
7860 3401 2801 1779 3236 
7861 1916 3689 3193 3690 
7862 2230 426 1975 427 
7863 2266 2401 1290 1109 
7864 1888 3988 3510 2755 
7865 1108 2344 3917 2004 
7866 2195 2577 2576 1663 
7867 1468 3390 1817 1509 
7868 2656 3867 3919 2657 
7869 2896 3424 2330 2160 
7870 2434 1698 1739 1642 
7871 2136 2139 3289 2137 
7872 2103 987 974 976 
7873 2058 2660 1815 2659 
7874 2884 3373 3376 3374 
7875 3083 1868 3337 3989 
7876 3403 3599 524 557 
7877 2430 1933 2162 1278 
7878 2461 695 2161 797 
7879 2041 2054 2053 2045 
7880 2116 2243 2117 402 
7881 2170 1062 2528 1154 
7882 2511 574 473 571 
7883 3000 706 3269 707 
7884 2084 3589 2229 3607 
7885 1875 2180 1070 1075 
7886 2439 1443 2379 1485 
7887 3014 1053 3657 2202 
7888 2202 1284 1348 1316 
7889 3102 600 109 110 
7890 2098 1598 1546 1629 
7891 2751 2507 2505 3434 
7892 2881 2071 2802 2069 
7893 3363 3433 3680 1894 
7894 3774 2494 3929 3857 
7895 1690 1150 1738 196 
7896 2293 2252 1266 1297 
7897 3238 623 622 621 
7898 3518 1813 2793 1814 
7899 2977 2976 3067 2978 
7900 3373 1968 3374 2640 
7901 3391 1662 1611 1612 
7902 1527 2393 1681 1644 
7903 2054 1728 1747 1729 
7904 2339 1104 1106 1105 
7905 1933 1753 1692 1199 
7906 2479 2100 1655 1541 
7907 1022 1032 1358 153 
7908 2266 1203 1219 205 
7909 2618 2803 2520 3674 
7910 3970 2226 2187 2188 
7911 3990 3991 3805 3860 
7912 3382 1004 1940 993 
7913 3071 2196 2276 2277 
7914 2586 1877 3350 1057 
7915 3673 2599 3201 2659 
7916 2831 450 327 433 
7917 3635 3065 2971 2466 
7918 3626 2773 3749 3627 
7919 1182 1875 1069 3210 
7920 775 2923 771 3419 
7921 2893 2895 2622 3895 
7922 209 1036 208 1202 
7923 3528 2407 1665 1622 
7924 2940 3092 2694 2667 
7925 2833 273 519 25 
7926 2863 2292 3060 2857 
7927 2482 2360 2481 3836 
7928 3315 3038 3040 783 
7929 3182 3184 3408 3409 
7930 2711 2032 2034 2741 
7931 1956 1498 2811 1448 
7932 2153 2946 3143 2856 
7933 3012 99 35 953 
7934 1774 88 861 87 
7935 2844 3523 3503 2551 
7936 3297 1667 1614 1536 
7937 2275 2196 2575 2277 
7938 3373 2553 2932 3250 
7939 2110 3144 3549 3548 
7940 3654 3538 3537 3118 
7941 1917 1920 3331 2706 
7942 3553 3584 2189 3458 
7943 2157 3053 3054 3056 
7944 3174 620 3602 621 
7945 2401 1109 2169 207 
7946 2694 3391 1649 2667 
7947 1144 186 1149 1660 
7948 2417 3827 3992 3912 
7949 1900 2589 2216 2219 
7950 1380 2053 1483 2054 
7951 3671 136 2362 584 
7952 3993 1237 3802 1230 
7953 2900 2637 2978 2877 
7954 2757 3988 3510 2973 
7955 1763 1305 1309 1202 
7956 2821 2350 1829 3649 
7957 2248 3928 2709 2947 
7958 3917 3984 2337 2508 
7959 2832 2210 3284 2833 
7960 3034 444 504 442 
7961 1020 1524 1031 2379 
7962 2479 972 970 1014 
7963 3443 3446 3994 3754 
7964 2892 632 625 628 
7965 1209 1324 214 1142 
7966 2159 1530 2160 1602 
7967 616 1783 617 1799 
7968 3373 2932 2553 3375 
7969 2751 3434 2505 2753 
7970 2010 2645 1879 2012 
7971 3150 3152 3377 3338 
7972 3373 3815 2639 2640 
7973 115 2258 918 51 
7974 3724 3039 3422 3420 
7975 2433 189 1172 1666 
7976 2479 1655 1653 1541 
7977 3133 1155 2480 1119 
7978 3971 2957 3804 2792 
7979 1356 1752 233 1762 
7980 2807 2808 3051 1876 
7981 3635 3101 108 957 
7982 3210 1118 1763 1117 
7983 2269 3639 122 826 
7984 2783 3619 3618 3620 
7985 3424 3954 2493 3839 
7986 1989 2865 2656 3919 
7987 804 1768 668 2326 
7988 2865 110 958 111 
7989 58 2999 3294 921 
7990 3354 2679 3367 3356 
7991 2482 3198 1071 1094 
7992 2820 736 3362 819 
7993 2426 2111 2933 2998 
7994 2084 2206 2537 2229 
7995 303 304 3033 2968 
7996 43 955 2971 3348 
7997 3150 1388 1386 1387 
7998 3740 2131 2114 3077 
7999 3995 3018 3017 932 
8000 2122 2284 1295 1300 
8001 3747 2446 832 828 
8002 2480 1119 1155 1041 
8003 3057 1299 2270 1279 
8004 2521 1442 1479 1405 
8005 1932 1734 1723 1720 
8006 2393 1592 2394 1582 
8007 2742 2853 3852 2915 
8008 2400 2401 1332 1221 
8009 1979 996 1015 989 
8010 2497 2604 3832 1445 
8011 2322 1786 3200 469 
8012 2046 1728 1729 1693 
8013 2671 1013 1030 1686 
8014 2076 1765 2849 2862 
8015 3012 3582 2089 3141 
8016 3707 280 535 461 
8017 2168 2166 1800 3220 
8018 3294 2999 59 921 
8019 3454 3996 3983 3529 
8020 3013 3465 2079 36 
8021 2191 2849 3819 2013 
8022 2242 551 282 523 
8023 3288 3708 3618 3620 
8024 3484 873 2423 597 
8025 2742 661 2596 809 
8026 2420 2422 2421 2841 
8027 2038 2039 3748 2042 
8028 1739 269 1691 1527 
8029 2828 2366 1789 3073 
8030 3887 2234 3069 2823 
8031 2176 2665 2248 2247 
8032 2280 2785 2282 2397 
8033 3997 3184 3651 3652 
8034 3034 3833 504 384 
8035 2127 1389 2859 1444 
8036 3062 559 457 458 
8037 3903 31 3531 2303 
8038 2238 2000 2003 2001 
8039 2537 2823 2206 2822 
8040 1973 3103 569 424 
8041 1929 1678 1930 1543 
8042 3565 748 2505 745 
8043 1973 423 473 389 
8044 1789 1840 1788 440 
8045 2505 3790 2506 2402 
8046 2054 1482 1380 1522 
8047 1867 3705 3364 3337 
8048 2576 2667 1618 1620 
8049 3524 3281 2568 3282 
8050 3814 3876 2544 3366 
8051 3887 1844 3069 2234 
8052 3542 2548 2550 3188 
8053 3255 1764 23 3217 
8054 3231 2217 2238 2003 
8055 1020 1524 2379 1485 
8056 3702 2609 2611 2551 
8057 3590 3405 2309 2233 
8058 3264 3391 3092 2746 
8059 2687 98 849 97 
8060 2646 446 507 437 
8061 2098 1546 1466 1688 
8062 2439 1485 2379 1382 
8063 1955 2521 2347 3564 
8064 3697 3644 3810 3840 
8065 2411 1140 1039 1170 
8066 2293 1266 1296 1297 
8067 1926 1925 2294 2124 
8068 2437 1175 1092 1174 
8069 1973 3103 3998 2030 
8070 3999 3837 2211 3371 
8071 1934 995 1021 1022 
8072 2858 3338 2168 1386 
8073 3351 3157 2486 2431 
8074 2354 1008 1151 148 
8075 2742 661 1911 2596 
8076 2742 2596 1911 2102 
8077 1696 194 195 1048 
8078 1696 1738 1150 195 
8079 1928 1150 1184 1048 
8080 1696 195 1150 1048 
8081 2486 1928 2487 1122 
8082 1929 1543 1049 191 
8083 1374 2368 1493 2160 
8084 3034 505 503 444 
8085 4000 3549 3696 2254 
8086 3309 2329 2711 2015 
8087 2212 2632 3782 3837 
8088 200 199 1160 1751 
8089 2410 1484 1521 1379 
8090 2410 1379 2617 1499 
8091 1743 271 1698 1650 
8092 2410 1378 1484 1499 
8093 3149 1390 1391 1392 
8094 3520 58 517 57 
8095 3533 3744 3107 3375 
8096 2516 514 541 545 
8097 2742 1911 1912 2102 
8098 2388 1806 2097 2811 
8099 2241 1286 1340 1213 
8100 1845 1503 2811 2383 
8101 2169 1346 1332 1291 
8102 3747 3139 711 777 
8103 3353 3087 2401 2227 
8104 3693 824 84 85 
8105 3805 3861 2183 2565 
8106 2815 3730 2817 2090 
8107 3639 2325 2268 3684 
8108 3597 3147 3148 3234 
8109 2348 853 727 881 
8110 3390 1440 2333 1509 
8111 2323 599 3361 2647 
8112 3091 2576 2575 2577 
8113 3660 3005 3931 2200 
8114 1857 3942 1858 665 
8115 3243 3182 3183 3408 
8116 266 1651 1744 1700 
8117 266 1651 265 1744 
8118 16 1684 272 1760 
8119 16 257 1521 1760 
8120 3053 1157 1931 1143 
8121 1153 1046 198 1742 
8122 1153 198 197 1742 
8123 3053 1157 1136 1137 
8124 3502 1986 2057 2799 
8125 3260 3328 2331 2740 
8126 1105 2345 2337 2338 
8127 784 3314 800 680 
8128 2205 2204 2266 3587 
8129 2725 2158 3015 1718 
8130 2043 1746 259 1475 
8131 2164 1730 1712 1731 
8132 2051 262 1376 1697 
8133 2053 1282 1336 1344 
8134 1671 1178 1537 190 
8135 1671 1178 190 191 
8136 2579 396 2069 367 
8137 2365 1899 3586 1901 
8138 1777 3119 1779 1231 
8139 2266 1055 1109 1038 
8140 2155 3447 2122 3853 
8141 2228 3030 1225 1239 
8142 3880 2108 2106 3426 
8143 2009 1186 2482 1198 
8144 3489 2987 1613 1562 
8145 3664 2028 3134 341 
8146 4001 2670 2669 3299 
8147 2130 2115 2114 2876 
8148 3806 3970 3165 2186 
8149 709 1857 678 721 
8150 3890 3891 1871 3892 
8151 1434 2941 2111 3832 
8152 1155 1632 178 1545 
8153 1103 180 1604 181 
8154 3126 3198 1186 1037 
8155 3021 3792 3600 3601 
8156 2274 3317 2197 1627 
8157 3157 2488 3015 2487 
8158 2392 2431 2394 1669 
8159 1930 1543 1678 1651 
8160 1928 1161 1930 1701 
8161 1930 1161 1189 1759 
8162 2046 1336 1362 1212 
8163 2393 2272 1626 1628 
8164 1998 1495 1510 1403 
8165 3463 3910 3721 3565 
8166 2622 3895 75 74 
8167 2453 3568 4002 3355 
8168 258 1736 1695 1378 
8169 258 1378 1484 1736 
8170 258 1736 1484 257 
8171 3060 1086 1093 1084 
8172 3264 2745 2746 3092 
8173 2336 2408 1715 1755 
8174 2668 1732 1749 1689 
8175 3164 2526 2226 3165 
8176 3763 3166 3972 2199 
8177 2538 1923 3893 2540 
8178 2436 2843 2863 2292 
8179 2062 1677 2160 1603 
8180 2333 1433 1403 1510 
8181 1857 1890 2016 721 
8182 3702 2551 3742 2550 
8183 2185 2226 2225 2224 
8184 2189 3553 3554 3555 
8185 3211 3030 2706 2707 
8186 3541 3444 3783 3446 
8187 3085 3280 3828 3827 
8188 2919 3168 2923 2920 
8189 2892 625 1999 628 
8190 3773 1903 4003 1904 
8191 2555 1552 2557 1636 
8192 1857 2016 678 721 
8193 261 1478 1363 1748 
8194 261 262 1478 1748 
8195 2463 3470 3540 2219 
8196 1857 678 2016 801 
8197 2573 2407 1622 1584 
8198 2430 1725 1931 1721 
8199 2433 2432 1102 1096 
8200 1857 2016 3942 801 
8201 2157 1721 1745 1719 
8202 1840 2367 2898 435 
8203 2213 425 3998 390 
8204 2148 2149 3162 2516 
8205 3400 1851 3340 2788 
8206 2324 1890 2326 774 
8207 1789 3347 3073 42 
8208 2067 2391 2901 2390 
8209 1152 1012 150 1045 
8210 1934 2318 1217 1052 
8211 3105 3370 1979 1953 
8212 4004 1858 3942 3170 
8213 1955 3564 3869 3939 
8214 3934 3838 2452 3753 
8215 3096 1406 1407 1473 
8216 3314 3040 2373 784 
8217 1857 678 669 665 
8218 3449 716 3362 717 
8219 1929 1049 1178 191 
8220 3608 2744 3010 1080 
8221 2486 2487 1099 1122 
8222 3283 2496 2495 850 
8223 3475 3181 3946 1992 
8224 2036 2037 2881 334 
8225 2672 1664 1641 1640 
8226 2295 2798 2296 3303 
8227 2799 2800 3360 2396 
8228 1817 1333 1468 1208 
8229 2329 1506 1444 1408 
8230 3342 3206 3841 3287 
8231 2381 963 994 1028 
8232 1790 2442 2439 2874 
8233 3369 274 559 536 
8234 3113 1956 3312 1399 
8235 3008 3700 4005 3885 
8236 2098 2671 2699 3435 
8237 2127 2711 2859 2931 
8238 2872 1979 1939 990 
8239 1313 1028 158 1211 
8240 3675 46 3633 1988 
8241 3437 705 676 674 
8242 1946 836 2335 603 
8243 3192 3039 2083 3562 
8244 2332 3493 3045 3046 
8245 1933 1311 1753 1199 
8246 2487 1150 1033 1148 
8247 2908 3317 1897 2471 
8248 2265 325 320 324 
8249 2597 2116 3136 381 
8250 2233 468 407 429 
8251 2873 1016 1476 163 
8252 3167 3763 63 62 
8253 3161 281 2582 525 
8254 2299 3755 3492 2562 
8255 1845 2811 1503 1448 
8256 2980 1648 1586 1561 
8257 2383 1443 1375 1485 
8258 3403 58 59 524 
8259 2027 3275 3467 3208 
8260 1962 1963 2626 362 
8261 1857 669 3942 665 
8262 3200 374 333 484 
8263 3246 3248 3131 3138 
8264 3668 3745 3848 3338 
8265 3179 3212 2033 3213 
8266 1785 317 311 329 
8267 2523 327 434 443 
8268 3145 3625 3164 2526 
8269 2743 2486 3157 2487 
8270 2006 3358 3357 2007 
8271 3010 1083 1085 1084 
8272 2487 1148 1099 1184 
8273 2046 1758 1724 1693 
8274 3277 3057 2162 1263 
8275 2514 1272 1322 1355 
8276 3216 3063 2674 3064 
8277 2384 2380 1803 2386 
8278 1375 167 166 967 
8279 1375 167 967 1020 
8280 1375 1485 167 1020 
8281 3668 3848 3799 3338 
8282 3210 1118 1117 1182 
8283 3494 3561 3050 3039 
8284 2430 2270 2064 1320 
8285 1753 1311 1694 235 
8286 1753 236 1311 235 
8287 2364 1899 3097 3098 
8288 3945 2510 3798 3889 
8289 1897 1422 1457 1427 
8290 2937 1983 1984 3685 
8291 3429 1308 3334 1248 
8292 3074 954 41 105 
8293 2399 3000 676 704 
8294 3372 2703 2953 1795 
8295 1862 3218 3140 1860 
8296 1464 1601 247 248 
8297 1464 1601 248 1530 
8298 1464 248 1374 1530 
8299 2394 1590 1589 1582 
8300 3748 2039 2040 1429 
8301 3351 1089 2432 1096 
8302 2433 2432 2577 2278 
8303 192 1683 1189 13 
8304 2948 1555 1559 1557 
8305 3299 2555 3026 2500 
8306 3930 2218 2463 2219 
8307 3105 2419 3523 2720 
8308 978 976 2844 977 
8309 3239 640 761 638 
8310 2634 712 1913 3139 
8311 3128 3832 1411 1406 
8312 3715 3912 3422 3809 
8313 1859 3685 3662 3365 
8314 3920 1414 2897 1413 
8315 3579 3410 2189 3663 
8316 3897 2740 2034 2741 
8317 1859 1301 1998 1204 
8318 200 1762 1190 14 
8319 3668 3799 3339 3338 
8320 3026 2670 2500 1645 
8321 3161 2578 3162 2149 
8322 1857 3942 669 801 
8323 2586 1056 1058 1057 
8324 2106 2672 3718 2100 
8325 2425 2426 2110 2933 
8326 3113 3716 3312 1806 
8327 2054 1482 1761 1750 
8328 2053 1488 1306 1380 
8329 1754 1318 239 240 
8330 2330 2329 3298 2331 
8331 2498 3424 1494 1473 
8332 2205 1056 1054 1121 
8333 2086 2316 2085 2204 
8334 2353 1047 147 966 
8335 1191 1685 10 1029 
8336 1163 971 1029 145 
8337 1163 1047 971 146 
8338 1163 146 971 145 
8339 242 243 1466 1688 
8340 3142 318 314 316 
8341 2914 3116 1766 2221 
8342 3768 3542 4006 3789 
8343 3109 452 1796 448 
8344 3834 3620 2786 2917 
8345 3026 2555 1555 1556 
8346 2283 2426 2281 2933 
8347 3078 2288 2286 3710 
8348 3722 2753 2752 675 
8349 2493 2159 2503 2498 
8350 2821 3361 2635 2350 
8351 3330 2594 3007 2585 
8352 3195 2252 2843 1138 
8353 3342 3206 3149 3841 
8354 2560 3248 3131 3130 
8355 3668 3799 2118 3339 
8356 1800 3219 1442 1481 
8357 2514 1211 2381 1355 
8358 3668 4007 2118 3799 
8359 1907 2949 2463 2464 
8360 962 1313 1028 157 
8361 157 156 962 1200 
8362 962 1313 157 1200 
8363 2197 1507 1505 1458 
8364 3307 2848 2575 3723 
8365 3240 3728 3916 2616 
8366 3605 126 125 601 
8367 2072 3666 2074 2073 
8368 3668 3848 4007 3799 
8369 1928 1930 1702 1701 
8370 30 2303 2305 3531 
8371 3981 2540 3459 3458 
8372 3893 2086 2204 2203 
8373 2492 2006 1565 1569 
8374 3221 1226 3088 2689 
8375 2986 2650 2358 2341 
8376 3469 1676 3470 2987 
8377 2091 96 898 32 
8378 3731 2918 3232 3233 
8379 2053 1216 2054 1380 
8380 3463 3461 1798 3462 
8381 1318 2053 1216 2054 
8382 254 1538 1634 1370 
8383 253 1538 1370 1504 
8384 2157 1745 1726 1719 
8385 1929 1671 1543 191 
8386 2251 1720 1721 1719 
8387 1768 804 803 767 
8388 2323 3557 3846 3558 
8389 3267 3684 766 833 
8390 2275 3979 3091 3500 
8391 3736 1847 291 539 
8392 2379 1524 1218 1382 
8393 2388 1806 1805 2984 
8394 2369 2570 3980 1894 
8395 3030 2400 3211 1763 
8396 3075 3966 3076 2717 
8397 1991 4008 1993 2370 
8398 1969 372 447 499 
8399 2408 1714 2750 1713 
8400 2044 1712 1730 1727 
8401 3495 2532 1824 3496 
8402 2892 1999 793 628 
8403 1782 2450 1784 1882 
8404 2047 2285 2044 3442 
8405 3981 4009 3805 3765 
8406 3460 2554 3075 2311 
8407 2352 2353 1095 1180 
8408 2103 974 975 976 
8409 2567 651 3038 684 
8410 2754 608 3760 587 
8411 3386 742 3760 607 
8412 2742 3019 2853 2102 
8413 3486 2406 2016 4010 
8414 2487 1741 1690 1738 
8415 1204 1301 1450 223 
8416 1301 224 1450 223 
8417 1030 1686 176 12 
8418 1030 176 1686 1013 
8419 2136 2138 527 294 
8420 2648 2342 2341 1606 
8421 2004 1106 1110 1108 
8422 3244 2658 593 825 
8423 2732 1967 2733 2735 
8424 3631 4011 3568 2337 
8425 3693 824 594 84 
8426 3402 2558 2918 2767 
8427 3822 2464 4012 3415 
8428 3121 3397 3123 1848 
8429 3556 2226 2527 2224 
8430 3136 380 2313 470 
8431 1954 969 1045 1162 
8432 1980 1981 1853 2398 
8433 2363 1901 2365 3586 
8434 3655 3301 2008 2007 
8435 2035 478 395 534 
8436 2270 2252 3195 1209 
8437 2270 1209 3195 1044 
8438 2162 1263 1278 1274 
8439 2270 1159 1142 1044 
8440 2157 1726 1718 1719 
8441 1033 1690 1153 197 
8442 1033 1690 197 196 
8443 1033 1150 1690 196 
8444 3053 1136 1091 1137 
8445 245 1525 1547 1532 
8446 245 1525 1532 246 
8447 4013 2803 2520 2618 
8448 3987 2818 3726 2816 
8449 2971 3717 2458 105 
8450 2054 1729 1697 1750 
8451 2278 1529 1599 1666 
8452 2259 1516 1520 1421 
8453 3463 3461 1797 1798 
8454 1964 2765 3436 1961 
8455 2379 999 998 963 
8456 2948 2949 2463 1559 
8457 3115 138 938 74 
8458 3484 2017 2016 719 
8459 3463 3910 3464 3462 
8460 1360 221 1367 1383 
8461 2165 1801 1800 2166 
8462 1345 2132 2704 2882 
8463 2863 3010 2292 2857 
8464 1918 1917 3663 1920 
8465 2438 1146 1118 1174 
8466 3463 3911 1797 3461 
8467 2449 1571 2573 2663 
8468 2815 2090 2817 2816 
8469 2230 510 426 427 
8470 3804 2112 3968 3669 
8471 1995 1780 3741 1997 
8472 3503 2103 974 975 
8473 1024 1359 160 1321 
8474 1024 160 1359 1031 
8475 3463 2504 3462 1798 
8476 1024 1321 160 159 
8477 3273 2480 3297 2360 
8478 2009 1041 2480 1536 
8479 3133 2481 1095 1119 
8480 2341 3126 2342 2343 
8481 2524 1975 2306 408 
8482 1052 2847 1116 1954 
8483 2831 428 450 433 
8484 2524 450 434 327 
8485 2624 2625 1962 2626 
8486 2630 19 901 18 
8487 3250 314 318 459 
8488 3135 2209 2020 2678 
8489 2668 1746 2043 1475 
8490 3461 3462 3464 3813 
8491 2054 1212 2046 1693 
8492 2435 1527 1681 1642 
8493 2487 1099 1148 1139 
8494 3277 2124 1927 1259 
8495 2410 1544 1684 1650 
8496 2628 1573 1616 1612 
8497 3053 3195 1135 1136 
8498 3863 2855 2856 3501 
8499 3174 618 1799 755 
8500 2628 3604 3396 1573 
8501 3020 2008 3417 2780 
8502 3653 3394 3612 3395 
8503 2278 1599 1529 1663 
8504 2930 1908 2648 3395 
8505 2265 1963 325 339 
8506 3062 3599 2025 455 
8507 2112 1232 1236 1241 
8508 2213 3998 3371 2030 
8509 2535 1969 3744 500 
8510 26 2225 3956 3406 
8511 2949 3415 2556 2464 
8512 3721 817 2505 2753 
8513 2213 2030 2029 390 
8514 3402 2916 2917 2918 
8515 2981 1560 2670 3026 
8516 2900 2978 2543 2599 
8517 2054 1376 2051 1483 
8518 2410 1684 1544 1379 
8519 1204 1450 1449 223 
8520 1204 222 223 1449 
8521 1859 1985 3334 3685 
8522 3962 3438 3963 3005 
8523 3424 2160 2159 1493 
8524 2111 2604 1525 1445 
8525 3125 2746 3391 2508 
8526 2459 3645 2926 2927 
8527 3148 2762 3472 3842 
8528 1780 1813 2794 2957 
8529 3399 1253 2396 1292 
8530 2431 2577 2433 2432 
8531 1928 1188 1161 1048 
8532 1833 1835 3607 2731 
8533 3721 2753 3910 3462 
8534 2229 1056 2586 1057 
8535 2383 967 1375 1018 
8536 2056 2051 2668 1446 
8537 2049 3143 2907 3501 
8538 2054 1216 1522 1380 
8539 2164 3009 2668 1749 
8540 1916 605 81 82 
8541 3358 2949 2557 1636 
8542 2157 2158 3053 3056 
8543 4014 2470 2997 3009 
8544 3308 1281 1275 1274 
8545 1126 3427 2344 1132 
8546 2279 2671 2699 1598 
8547 3127 2686 3548 3575 
8548 2999 3639 2269 3178 
8549 2323 2820 819 604 
8550 2235 2206 2537 2823 
8551 3820 2807 3368 2861 
8552 3210 1117 1069 1182 
8553 3505 3409 1883 1884 
8554 3013 2825 2079 3871 
8555 3556 2527 2566 2224 
8556 2223 2226 3556 2427 
8557 3271 1835 3559 2224 
8558 104 3074 2457 2972 
8559 3175 619 621 622 
8560 3602 639 640 638 
8561 3432 3812 3158 3434 
8562 1995 1996 1983 2936 
8563 2712 2214 3194 3371 
8564 2621 2623 3090 577 
8565 2940 1580 2663 1617 
8566 2795 3410 2797 3360 
8567 1856 2102 1912 1911 
8568 2446 90 2447 2222 
8569 2290 2772 1461 2410 
8570 3748 2040 1428 1429 
8571 2038 1201 1304 228 
8572 2038 3447 2039 1342 
8573 3463 2504 1798 1799 
8574 3639 826 2325 766 
8575 3605 3945 3921 3889 
8576 3372 2600 494 359 
8577 2417 1999 3580 3992 
8578 1954 1116 1193 1120 
8579 964 2232 991 2125 
8580 3721 3462 3722 2753 
8581 1191 145 1163 1029 
8582 1191 10 1685 177 
8583 1867 3705 3704 763 
8584 2844 3503 2103 2551 
8585 2630 901 2547 18 
8586 3112 304 306 305 
8587 3957 4015 3929 3170 
8588 3656 492 3534 496 
8589 1808 2874 2442 1802 
8590 2354 1953 3105 996 
8591 3057 1279 1263 1298 
8592 3072 2250 1579 1582 
8593 3053 2270 1136 1143 
8594 2411 1039 1326 1170 
8595 2851 2294 2179 2249 
8596 2930 1610 1608 1646 
8597 2508 1194 1126 1156 
8598 1875 3210 2174 1069 
8599 2042 1342 1210 1304 
8600 2430 2064 1319 1320 
8601 2844 2872 2066 977 
8602 3833 470 2313 469 
8603 3318 3517 2886 3376 
8604 2608 2636 3806 2021 
8605 2480 2482 2481 1147 
8606 2632 20 2546 19 
8607 2480 2481 1119 1147 
8608 2339 1074 3569 3198 
8609 1166 1205 212 1325 
8610 1166 1325 212 213 
8611 2270 1209 1142 1324 
8612 2411 1169 1039 1140 
8613 2456 106 840 105 
8614 3745 3746 3953 2166 
8615 2297 1986 2771 3365 
8616 2851 1256 2293 2294 
8617 3721 2504 816 4016 
8618 3374 3744 3107 2955 
8619 2541 3397 3638 3201 
8620 3432 3304 3812 3433 
8621 2300 2534 2824 2955 
8622 1887 3628 2082 4017 
8623 2641 2642 3428 3392 
8624 2142 273 420 548 
8625 2948 3847 2949 2556 
8626 3454 3455 3983 3996 
8627 3340 2788 2563 2735 
8628 2099 2104 2693 2513 
8629 2555 1556 2500 1554 
8630 3481 3183 1916 734 
8631 2555 2918 2558 2767 
8632 2716 2984 2985 2901 
8633 254 255 1465 1634 
8634 254 1634 1465 1370 
8635 184 1124 1534 1656 
8636 184 1124 1656 183 
8637 2860 3356 2861 3624 
8638 2211 3751 542 562 
8639 2101 2100 2106 3718 
8640 2101 2100 1027 987 
8641 1001 2943 2067 981 
8642 2353 147 1151 1008 
8643 233 1752 1319 234 
8644 1789 42 3706 1935 
8645 3373 2553 3075 3376 
8646 2176 2851 2179 2249 
8647 4015 679 2017 701 
8648 2725 2727 2726 3016 
8649 2772 1460 1461 1458 
8650 2677 2309 3135 2143 
8651 2523 3033 443 321 
8652 3987 100 3582 3013 
8653 1867 3989 3337 1868 
8654 3427 2345 2344 1132 
8655 3432 3304 3433 3035 
8656 2006 3357 1565 1568 
8657 3267 3544 3639 590 
8658 3721 2753 2505 3910 
8659 2130 2115 3740 2114 
8660 2112 2114 2113 1236 
8661 1801 1270 2133 1288 
8662 2514 2378 1272 1277 
8663 1734 2044 1712 2903 
8664 1356 1190 14 216 
8665 2064 1190 1751 1762 
8666 1356 1215 1190 216 
8667 2350 92 93 864 
8668 2170 2529 2171 2528 
8669 1783 615 614 616 
8670 2085 2822 2206 2823 
8671 3788 1310 1777 1233 
8672 2840 2348 4010 3959 
8673 1947 2152 2261 3485 
8674 2160 1603 1677 1602 
8675 2659 2598 2676 2884 
8676 964 2232 1213 1934 
8677 1973 3103 2030 2512 
8678 2860 3356 2011 2861 
8679 2843 1166 2411 1169 
8680 2639 3214 2092 2970 
8681 2672 1026 2513 1009 
8682 1954 1015 1012 969 
8683 1934 1954 969 995 
8684 2720 2232 1979 2419 
8685 1021 152 151 1162 
8686 1021 151 969 1162 
8687 231 1306 1488 1380 
8688 231 230 1488 1306 
8689 2167 3807 3745 3685 
8690 3785 3555 3163 2817 
8691 3210 1117 1763 2169 
8692 2336 1716 1713 1733 
8693 3848 3662 3377 3338 
8694 23 22 894 3255 
8695 3421 3724 2737 3912 
8696 2433 1172 2432 2278 
8697 2185 1833 3596 2188 
8698 2339 1074 1104 1105 
8699 3171 3173 3879 1855 
8700 2690 2123 1252 1253 
8701 2435 1739 1691 1527 
8702 2435 2395 1527 1691 
8703 2438 210 1146 1170 
8704 1867 762 763 666 
8705 1867 666 763 764 
8706 1763 1117 1118 1036 
8707 2430 1753 1933 1311 
8708 1214 1694 1311 235 
8709 1214 234 1694 235 
8710 3464 3510 1888 3006 
8711 3132 3095 1818 2836 
8712 1891 2371 2420 1892 
8713 2836 3842 3342 3522 
8714 3246 3247 3249 3800 
8715 2109 1535 2998 1679 
8716 2952 2953 2824 2954 
8717 1957 3186 2477 3187 
8718 3683 360 363 370 
8719 1975 428 2831 3207 
8720 2638 2640 1785 1796 
8721 2318 1353 1280 1302 
8722 3382 1803 2380 2067 
8723 2441 2129 2385 3137 
8724 1944 3673 2758 1827 
8725 1867 763 3704 764 
8726 4007 3799 3848 4008 
8727 3083 3989 2569 3084 
8728 2458 3159 1812 2973 
8729 2168 1386 1800 1384 
8730 3281 3524 3873 3282 
8731 2583 2022 4018 3599 
8732 3246 3129 3064 2885 
8733 3114 1435 1496 1436 
8734 3163 3584 3720 2189 
8735 2811 1364 959 1477 
8736 2811 1005 1019 1016 
8737 2811 1476 1364 1514 
8738 3380 538 53 279 
8739 2180 1076 1075 1081 
8740 2602 1532 1548 1547 
8741 2286 78 2760 941 
8742 3781 3570 392 370 
8743 2758 1944 1827 2759 
8744 2537 1121 1060 1056 
8745 1973 424 423 390 
8746 3737 2601 3207 3738 
8747 2524 2831 450 327 
8748 1523 1486 1686 1381 
8749 1523 1686 241 1381 
8750 1523 241 1686 12 
8751 3223 1968 3250 459 
8752 3083 3085 3084 3602 
8753 2383 2379 1443 1485 
8754 3083 3084 4016 3602 
8755 2097 2811 1498 1514 
8756 2728 2995 2038 2996 
8757 3452 2747 2629 3210 
8758 3060 1085 1086 1084 
8759 3345 2661 1848 3123 
8760 2725 3764 3700 3016 
8761 2726 2729 1717 1757 
8762 2956 2955 3107 3744 
8763 2621 2623 2622 2474 
8764 363 3570 393 3336 
8765 2956 3436 3107 3906 
8766 2621 3336 1971 416 
8767 2563 2217 1951 3233 
8768 2556 2002 3847 2217 
8769 3342 3869 3522 3841 
8770 2686 1394 2836 1474 
8771 2498 2159 2503 1368 
8772 2621 568 2622 283 
8773 2172 1187 1101 1164 
8774 2579 539 3636 396 
8775 3807 2135 1996 3685 
8776 2535 354 353 355 
8777 3840 3841 2964 2762 
8778 3193 871 605 851 
8779 2878 2669 1566 1597 
8780 3356 2860 3367 3624 
8781 2269 122 121 826 
8782 2839 1932 1723 1933 
8783 2247 2179 2292 2294 
8784 3261 3537 3485 3156 
8785 3018 143 932 79 
8786 2459 782 2782 789 
8787 2472 3244 133 132 
8788 2383 1018 1375 1477 
8789 2038 2996 2995 3748 
8790 1895 1500 2407 2571 
8791 2300 356 2824 2534 
8792 2132 2133 1270 2704 
8793 1039 212 1166 1205 
8794 1039 211 212 1205 
8795 1926 3057 1266 2252 
8796 3687 3889 3120 125 
8797 1788 438 1840 436 
8798 1789 3706 42 533 
8799 3080 3829 3082 3695 
8800 3083 4016 3647 3602 
8801 3479 1113 3014 2318 
8802 3121 3787 3794 4019 
8803 2155 2122 1293 1254 
8804 2394 1589 1590 1669 
8805 3053 1136 2270 3195 
8806 2387 2279 2513 2671 
8807 2042 2052 2041 1488 
8808 2040 1426 1428 1429 
8809 3462 3083 3084 4016 
8810 3083 640 3239 3602 
8811 3133 1158 1155 1119 
8812 179 1155 1632 178 
8813 3104 516 286 68 
8814 3109 452 448 449 
8815 2578 2579 2068 368 
8816 3877 1863 3218 3224 
8817 1832 2246 2245 1923 
8818 3145 2526 2608 3938 
8819 2205 1054 3657 2206 
8820 1842 1844 3068 2075 
8821 2037 2024 1815 2660 
8822 2587 2345 2808 1196 
8823 1834 3596 2850 3560 
8824 2319 1284 1280 1353 
8825 3495 1862 2793 3669 
8826 1785 311 3416 312 
8827 3440 29 3146 906 
8828 3083 4020 3989 3086 
8829 2537 1154 2235 2528 
8830 1786 2322 3200 2311 
8831 3082 409 2625 2627 
8832 3191 92 3385 91 
8833 2878 2499 1597 1679 
8834 3225 301 391 432 
8835 3202 2806 3433 3203 
8836 2236 2847 3479 1843 
8837 2313 469 470 380 
8838 2860 2679 2011 3356 
8839 2567 683 651 684 
8840 2223 3556 2428 2427 
8841 3860 3649 2429 2565 
8842 2830 287 3207 430 
8843 2968 3112 2969 2093 
8844 2185 1833 3559 2175 
8845 323 3142 2320 316 
8846 2320 313 502 316 
8847 2524 2523 3033 327 
8848 3313 359 501 465 
8849 2230 2303 2305 30 
8850 2846 3964 3388 3389 
8851 1785 330 2095 317 
8852 1847 539 479 291 
8853 3103 521 546 542 
8854 3664 2028 341 347 
8855 1840 530 391 438 
8856 2831 327 3033 302 
8857 2080 298 2830 3225 
8858 2811 1477 1503 1448 
8859 2553 3815 3075 2321 
8860 3570 3090 411 393 
8861 3736 280 3707 461 
8862 1767 88 1776 1765 
8863 2191 2192 4021 2193 
8864 2223 2224 2226 2427 
8865 3083 3989 3084 3086 
8866 2447 828 89 90 
8867 3494 783 688 684 
8868 2614 96 604 95 
8869 2634 2082 3628 1831 
8870 2592 3004 2641 3428 
8871 2742 661 809 681 
8872 3386 1880 2905 3911 
8873 3806 2171 2526 2528 
8874 3440 2304 2186 2305 
8875 2568 2570 1893 1894 
8876 4017 3628 2819 3567 
8877 2756 103 838 831 
8878 2181 2182 3901 2864 
8879 3136 2143 2678 1786 
8880 3069 2823 2234 2528 
8881 2552 333 3664 326 
8882 2265 325 1963 2932 
8883 2553 2932 3142 2265 
8884 3083 1868 4020 3239 
8885 3223 483 3250 2932 
8886 2597 503 383 381 
8887 324 2552 322 320 
8888 3373 3374 1968 3744 
8889 3664 2791 3460 2554 
8890 1840 435 2898 436 
8891 2026 467 2143 377 
8892 2553 2552 3142 2322 
8893 3200 333 374 342 
8894 2868 1836 2774 3952 
8895 1974 287 2081 520 
8896 1845 2383 2379 1443 
8897 1824 3793 2533 2532 
8898 2232 1954 2847 1934 
8899 1850 1313 962 1200 
8900 3479 3657 3014 1112 
8901 1934 1286 1213 1323 
8902 3062 3369 559 458 
8903 3975 3065 3634 3767 
8904 2758 3691 2307 2525 
8905 2824 2954 2953 3573 
8906 3089 31 295 32 
8907 2366 391 530 432 
8908 2114 2115 2113 2876 
8909 2387 2104 2943 2513 
8910 3495 2988 3497 3496 
8911 1975 2831 428 450 
8912 1840 2367 435 391 
8913 3780 3130 3129 3457 
8914 3011 3453 2659 2093 
8915 1940 1850 2381 994 
8916 3034 2597 2523 2308 
8917 3112 2093 2094 2969 
8918 2523 404 2306 2597 
8919 2312 2320 2321 2970 
8920 459 1968 3250 315 
8921 2969 445 442 504 
8922 3028 3319 3383 3815 
8923 3570 3683 363 370 
8924 3793 2080 278 37 
8925 2828 3073 1789 2829 
8926 3246 2965 3247 3800 
8927 2366 530 1840 440 
8928 2317 3900 2704 2883 
8929 2381 1850 2131 1277 
8930 3948 2538 2246 1832 
8931 2758 2307 3453 2525 
8932 2968 2525 1944 3011 
8933 3033 304 443 321 
8934 3033 443 302 327 
8935 3215 3033 301 302 
8936 1545 1155 3133 1051 
8937 3033 443 304 302 
8938 3033 301 302 303 
8939 3033 304 303 302 
8940 1850 1289 1200 1312 
8941 3127 1474 2836 1411 
8942 2096 3667 3221 3222 
8943 2230 554 510 295 
8944 2669 1645 2670 1560 
8945 2844 988 2872 977 
8946 2579 477 479 539 
8947 3993 1237 1310 1329 
8948 1974 3207 287 430 
8949 1975 407 2306 408 
8950 2972 105 2457 104 
8951 3850 102 3726 587 
8952 2230 3089 2231 3737 
8953 2201 1316 1348 1220 
8954 3556 2536 3613 2566 
8955 2758 2307 3691 3692 
8956 2524 3738 2525 2307 
8957 1840 435 438 391 
8958 2093 3011 2061 3201 
8959 2514 2442 2378 2440 
8960 1974 427 430 431 
8961 3781 3571 3570 3683 
8962 2235 1121 2206 1114 
8963 3221 2809 3254 3224 
8964 2544 1977 951 34 
8965 1835 2588 2224 2565 
8966 1974 1975 3207 428 
8967 2830 428 2831 433 
8968 1974 430 427 428 
8969 1974 3207 430 428 
8970 2230 30 2141 554 
8971 3814 2231 33 540 
8972 3877 2203 3254 3224 
8973 1976 3218 1978 2544 
8974 430 2830 513 428 
8975 430 2830 428 3207 
8976 3207 3738 2601 2759 
8977 3207 2759 2601 1945 
8978 3215 2968 2367 3033 
8979 2830 513 298 297 
8980 2831 327 300 433 
8981 2831 300 298 433 
8982 3401 2090 2801 3236 
8983 2323 863 599 94 
8984 3730 2227 2539 2707 
8985 3665 2545 2544 3876 
8986 1861 3141 2815 1860 
8987 3432 2465 3158 3304 
8988 2687 3725 3603 97 
8989 3034 2597 3136 503 
8990 2265 483 2932 320 
8991 3780 3881 3130 3438 
8992 3965 2990 3944 3205 
8993 1764 2680 2849 2862 
8994 2170 2994 1062 1064 
8995 2956 2535 2955 3744 
8996 3014 2318 1302 1353 
8997 3014 1302 1207 1353 
8998 2717 3029 3319 3412 
8999 2990 3797 3944 3796 
9000 1832 3589 1833 1835 
9001 1939 2125 1940 992 
9002 1824 2081 2079 3854 
9003 1954 1045 1193 1162 
9004 2847 2318 1052 1116 
9005 2993 3368 2861 3624 
9006 1052 2847 1954 1934 
9007 1845 2386 1803 1804 
9008 2826 3397 2541 3949 
9009 3479 2316 2319 3014 
9010 3757 3252 1842 2990 
9011 3498 2792 3518 2530 
9012 2538 3353 3459 2705 
9013 3159 3304 2465 3305 
9014 2514 2131 2378 2381 
9015 2241 2125 2232 1213 
9016 3013 100 36 943 
9017 3327 2957 3767 2958 
9018 1832 3977 1833 3589 
9019 2266 1203 1221 1220 
9020 2266 1053 1038 205 
9021 2536 2566 2587 3368 
9022 3014 1113 1042 1141 
9023 2084 2822 2087 1922 
9024 3905 2650 3490 3864 
9025 3399 1352 1253 1292 
9026 2689 1224 1307 1227 
9027 3088 1224 1222 1223 
9028 2228 2400 3030 1239 
9029 2057 2396 2297 2485 
9030 3724 3715 3912 3422 
9031 3785 2815 3555 2817 
9032 1935 2829 3706 1789 
9033 3558 94 3560 95 
9034 2689 1307 3236 1227 
9035 3088 2809 2689 2227 
9036 3788 3993 1310 1329 
9037 2112 1228 3221 3803 
9038 3736 3707 3706 3473 
9039 3191 3271 2427 2429 
9040 3803 3119 3669 2794 
9041 1779 1227 3236 1307 
9042 2096 1284 3222 1315 
9043 3235 3119 3803 1228 
9044 3030 1346 2400 1763 
9045 2400 3353 2401 2227 
9046 2401 1167 1109 1055 
9047 3030 1346 1276 1239 
9048 3554 2189 3663 2707 
9049 2854 3279 3280 3827 
9050 2565 1835 3349 3650 
9051 1856 708 799 810 
9052 3221 1315 3222 1284 
9053 3348 42 955 106 
9054 3554 2539 2705 2707 
9055 2266 1290 2401 1221 
9056 2730 3785 2688 3582 
9057 3788 2134 3958 1329 
9058 2231 34 540 520 
9059 2167 2135 3807 3685 
9060 3418 39 522 529 
9061 2533 3074 40 2827 
9062 3559 1833 3560 2175 
9063 2112 1236 2096 1241 
9064 1779 1231 1227 1307 
9065 2112 3221 1228 1315 
9066 2800 3030 1240 1225 
9067 1832 3948 3589 1835 
9068 2801 3360 3663 3410 
9069 3932 2957 3065 1938 
9070 3235 2794 3119 2904 
9071 2806 3203 2805 3035 
9072 1779 2801 3410 3360 
9073 2742 2770 2596 2852 
9074 1779 3236 2801 1307 
9075 2655 2657 2656 3919 
9076 3160 2135 1996 3953 
9077 1917 3331 3452 2706 
9078 2799 2796 3359 1986 
9079 3786 3123 2128 2129 
9080 3780 3130 3881 2700 
9081 1943 3793 2080 278 
9082 2655 3867 3327 3958 
9083 3740 3968 2114 2115 
9084 1856 774 2055 1890 
9085 2803 2959 1810 1809 
9086 3736 3707 280 3706 
9087 2971 3976 3635 43 
9088 3788 1310 1233 1247 
9089 2348 1770 118 119 
9090 3787 3739 2722 4022 
9091 3087 2203 3088 3254 
9092 3761 3066 2113 2115 
9093 3479 2318 2319 1843 
9094 3588 2229 3589 3607 
9095 2205 1053 2266 3657 
9096 3665 2091 2244 2245 
9097 3479 1843 2847 2318 
9098 3088 1223 1222 1221 
9099 2266 1203 206 1290 
9100 3349 3352 3459 3350 
9101 2266 206 1203 1038 
9102 2266 1219 1203 1220 
9103 3780 2700 3129 3130 
9104 2205 2266 1053 1038 
9105 2084 2206 2205 3657 
9106 2400 2169 1763 1346 
9107 2174 3423 3353 3350 
9108 3353 2705 2227 2707 
9109 2181 2747 2183 2864 
9110 2174 3350 3353 1878 
9111 3353 2705 2707 3211 
9112 4023 3730 1861 1863 
9113 1875 1876 2808 1877 
9114 2538 2246 2540 3459 
9115 3826 3780 4018 2700 
9116 2174 1167 1055 1057 
9117 3352 3211 3353 1878 
9118 4023 3729 3333 2540 
9119 2318 1052 1116 1141 
9120 2318 1141 1217 1052 
9121 2318 1217 1141 1302 
9122 3034 2523 2597 503 
9123 4024 3172 3834 3155 
9124 3273 1632 1595 1667 
9125 2844 975 977 976 
9126 2236 3887 1841 3479 
9127 2105 1173 1177 1187 
9128 1953 1120 1152 1165 
9129 1808 2121 1810 3563 
9130 3533 352 500 350 
9131 2548 2550 3188 2551 
9132 2608 2173 2636 2021 
9133 1954 1120 1193 1045 
9134 2844 3523 3335 1942 
9135 933 3506 1866 2653 
9136 2113 1289 1268 1236 
9137 1954 969 995 1015 
9138 3215 301 300 302 
9139 2605 1073 1068 1164 
9140 2352 1100 1101 1197 
9141 1953 1034 1197 1165 
9142 1953 1197 1101 1165 
9143 1934 1358 1217 1323 
9144 1934 1323 1022 1358 
9145 1979 1953 1012 996 
9146 2872 1979 990 989 
9147 3382 1000 1803 2067 
9148 2659 2970 3383 3815 
9149 2382 2381 1850 2131 
9150 3105 2720 3523 1942 
9151 1939 1941 2877 1942 
9152 2125 964 992 991 
9153 2236 1115 2235 3479 
9154 2380 2440 2129 2386 
9155 2381 1277 1313 1350 
9156 1350 2114 1289 1850 
9157 3787 4019 3739 4022 
9158 3105 2419 3370 2173 
9159 3922 3906 2890 4025 
9160 2065 979 2067 981 
9161 2387 2388 2097 2873 
9162 3382 1940 2066 1941 
9163 3429 2134 3788 2133 
9164 2066 977 980 979 
9165 2846 2681 2761 3964 
9166 3664 341 340 347 
9167 3382 2390 2380 2382 
9168 2066 979 980 1004 
9169 2096 1315 3667 2112 
9170 2114 2113 1850 2876 
9171 2883 1271 1237 1329 
9172 3252 3875 3877 3224 
9173 2100 1639 1670 1594 
9174 2380 2381 2131 2440 
9175 2900 2975 2637 3412 
9176 2845 418 544 572 
9177 2636 2419 2637 2173 
9178 1979 990 989 991 
9179 2720 2232 2419 1843 
9180 1979 2419 2847 1954 
9181 2354 1151 2353 1180 
9182 2199 3606 3763 3167 
9183 1846 1847 2579 2748 
9184 2315 3111 2086 2085 
9185 2175 3146 29 897 
9186 3823 3915 2215 2359 
9187 2232 2847 1979 2419 
9188 2479 1158 1163 1051 
9189 2627 361 480 485 
9190 2652 1866 934 66 
9191 3469 2948 2002 2219 
9192 2992 2606 2994 3367 
9193 4026 2888 3640 4001 
9194 2844 1942 3335 2391 
9195 2902 2885 2901 2598 
9196 2511 574 3694 473 
9197 877 3774 2494 3929 
9198 3847 2462 2463 2464 
9199 3145 2019 3806 3165 
9200 3418 529 2366 276 
9201 2379 1024 1020 999 
9202 2439 2440 2384 2441 
9203 2199 3606 3167 2582 
9204 1898 1901 3586 1899 
9205 2639 3416 2092 3214 
9206 2607 3702 3845 3836 
9207 3227 2632 3256 2546 
9208 2424 3549 2425 2110 
9209 3636 396 539 461 
9210 387 2625 385 386 
9211 3106 3906 3107 3436 
9212 2150 2518 2198 2478 
9213 3881 3389 3577 3964 
9214 1825 2541 2542 3122 
9215 3028 2970 2321 3815 
9216 3974 2988 3497 3066 
9217 3736 3636 539 461 
9218 3973 2071 2070 2661 
9219 3453 2970 3028 3383 
9220 1965 939 1967 76 
9221 3405 2309 2243 2117 
9222 2553 2322 3142 2321 
9223 3673 3638 1944 3011 
9224 2715 3412 2717 3413 
9225 2900 3413 2902 2901 
9226 2900 3335 3523 1942 
9227 3788 1777 1778 1233 
9228 3453 2308 2522 2525 
9229 3066 3122 2542 2876 
9230 2990 2991 3796 3871 
9231 2578 368 2068 398 
9232 3787 1990 2803 2657 
9233 2172 3370 1101 1187 
9234 1824 2530 3496 2532 
9235 3466 3754 3467 3208 
9236 2977 2020 3027 2677 
9237 3934 3830 3593 3595 
9238 3691 2307 2525 3738 
9239 2637 1942 2720 2877 
9240 2383 1017 1000 998 
9241 2632 3594 3784 2633 
9242 3691 2759 1827 2601 
9243 3062 524 3403 3599 
9244 3027 2307 2310 3028 
9245 2900 2902 2715 3335 
9246 2717 3384 3029 3412 
9247 3215 3033 2367 301 
9248 2900 2543 3413 2599 
9249 2527 2822 2188 2528 
9250 3460 1786 2678 2357 
9251 2837 2225 2221 3406 
9252 2977 3590 2677 3692 
9253 3998 546 3103 424 
9254 3814 3797 3251 3366 
9255 3530 3251 3068 2075 
9256 3406 2117 2242 523 
9257 2058 2036 2802 1788 
9258 2199 2198 3972 3344 
9259 3997 2654 3651 3245 
9260 2700 2583 3931 3780 
9261 3995 79 80 2950 
9262 3656 2562 3534 3492 
9263 2824 2955 2535 3744 
9264 3533 349 351 350 
9265 3710 3750 3289 3292 
9266 2279 1598 2699 1588 
9267 3246 3249 2983 2984 
9268 2035 2516 3162 2149 
9269 3133 1095 1158 1119 
9270 3129 2885 2884 2676 
9271 3574 2623 289 526 
9272 3383 3413 2543 2599 
9273 1796 330 329 331 
9274 3686 2199 3606 3933 
9275 2280 2398 2397 2253 
9276 2968 3033 2522 304 
9277 2314 3694 2627 419 
9278 3766 3552 4027 4000 
9279 4028 2870 2559 2562 
9280 3319 2543 3383 3413 
9281 3319 3412 2543 3413 
9282 3574 580 3090 526 
9283 2627 387 419 409 
9284 3246 3129 3131 3130 
9285 3735 3751 65 542 
9286 2130 2114 3740 2131 
9287 2830 297 287 513 
9288 2601 1826 2759 1827 
9289 2758 3011 1944 2525 
9290 3786 2129 2128 3137 
9291 4023 3729 3730 1863 
9292 1847 2579 2748 479 
9293 2199 3933 3344 3606 
9294 3803 3669 3804 2794 
9295 1790 2874 2439 1517 
9296 3736 3473 1847 3636 
9297 2315 3875 2086 3111 
9298 4029 2366 2828 2827 
9299 2199 3344 3933 3661 
9300 2241 1289 1340 1268 
9301 2130 2542 1941 2599 
9302 3121 2128 3739 4019 
9303 3382 1004 993 997 
9304 2199 2198 3344 2200 
9305 2241 1286 2232 2318 
9306 2241 2721 2319 1843 
9307 1843 1939 2241 2721 
9308 1979 1012 1015 996 
9309 2241 2319 2318 1843 
9310 3757 2315 3252 3222 
9311 2080 36 297 37 
9312 2990 3944 3854 3796 
9313 1824 2530 3874 3496 
9314 2112 3077 3802 3968 
9315 3757 3252 2315 3253 
9316 2825 37 3793 38 
9317 2241 1286 1280 1268 
9318 1842 3253 3111 3251 
9319 2096 1280 1284 1241 
9320 3221 2689 3088 2809 
9321 3014 203 1042 1207 
9322 2202 3222 1284 1316 
9323 2202 2203 3222 1316 
9324 2266 2204 3657 2202 
9325 2199 3344 3661 2200 
9326 2148 3661 2582 2200 
9327 2378 1238 3077 2883 
9328 2514 2131 2381 2440 
9329 2317 2704 2442 2883 
9330 4030 3564 2347 2521 
9331 3278 479 543 291 
9332 3334 1204 2165 1338 
9333 3432 3158 3812 3304 
9334 2882 2514 2439 2442 
9335 2133 1248 1288 1270 
9336 3484 2423 2144 597 
9337 2150 2151 2518 2478 
9338 2378 2131 1238 1277 
9339 1777 2958 1780 2794 
9340 1236 2096 1268 2113 
9341 2114 1335 1235 1238 
9342 2112 3077 2114 1235 
9343 2514 1277 1272 1355 
9344 3077 1235 1230 1237 
9345 3788 1310 1247 1329 
9346 3675 958 46 47 
9347 1996 1997 3429 2134 
9348 1777 1229 3119 1231 
9349 3077 1230 3802 1237 
9350 3204 3067 1842 3066 
9351 1777 3993 3803 1310 
9352 3993 2883 1237 1329 
9353 1970 3107 3436 1964 
9354 3249 3716 2424 2389 
9355 1987 2443 2515 2516 
9356 3149 1479 1390 1392 
9357 3162 292 567 534 
9358 1987 47 2619 1989 
9359 2846 3124 2263 55 
9360 3372 494 343 359 
9361 3082 2627 419 409 
9362 3707 535 280 533 
9363 3541 3444 3445 2550 
9364 2999 3775 124 123 
9365 2456 2507 840 106 
9366 3372 2953 3313 343 
9367 2579 396 367 477 
9368 2675 2659 2598 2676 
9369 2578 397 368 398 
9370 2968 3453 2093 2970 
9371 2093 3011 3201 2659 
9372 3707 441 535 533 
9373 2035 2070 2578 2579 
9374 2624 2626 3134 2627 
9375 2898 435 328 436 
9376 3216 3123 2128 2130 
9377 3673 3011 3201 3638 
9378 3686 125 914 61 
9379 3158 2465 3159 3304 
9380 3673 3201 2541 3638 
9381 2758 1827 3691 2759 
9382 3453 2970 2522 2308 
9383 2542 2599 2543 2978 
9384 1789 531 3073 276 
9385 3599 524 557 457 
9386 3204 3066 2542 3067 
9387 2036 1788 437 508 
9388 1824 3854 3204 1827 
9389 461 3707 460 535 
9390 441 1788 439 440 
9391 3158 3159 3510 3304 
9392 3216 2674 2676 3064 
9393 3416 310 3214 313 
9394 3134 385 486 485 
9395 3345 1848 2674 3123 
9396 2600 2703 2700 3369 
9397 3158 2506 2456 2507 
9398 2675 2674 3123 2661 
9399 1789 441 1788 2059 
9400 2681 120 920 56 
9401 3216 2598 3063 3064 
9402 3158 3510 3812 3304 
9403 2659 2675 2661 2676 
9404 2675 2598 3216 2676 
9405 3439 3078 2835 2733 
9406 2552 319 2322 484 
9407 2129 2674 3063 2385 
9408 2130 3122 2115 2876 
9409 3149 3219 3150 1390 
9410 3216 2674 3063 2390 
9411 2598 3413 3383 2599 
9412 2301 2684 3262 3325 
9413 2811 959 1018 1477 
9414 2279 1664 1598 1588 
9415 2900 2637 3523 3412 
9416 2378 2381 2131 1277 
9417 3158 3159 2973 3510 
9418 2811 1002 2383 1018 
9419 3032 2672 2279 1641 
9420 2067 979 982 981 
9421 2901 2390 2391 1941 
9422 2901 2598 2390 1941 
9423 2884 2659 1815 2676 
9424 1020 1375 1485 2383 
9425 2109 2098 1466 1688 
9426 2811 1476 1016 1364 
9427 2717 3412 3319 3413 
9428 3503 2101 2353 973 
9429 2943 1005 2388 2873 
9430 2380 2379 2383 998 
9431 2889 2890 3292 3293 
9432 3113 1401 1402 1399 
9433 2067 981 982 1001 
9434 2943 1005 2873 985 
9435 3866 3131 3517 3138 
9436 2943 2065 2984 2067 
9437 2873 1476 1377 163 
9438 1001 2943 981 984 
9439 2943 2104 2065 983 
9440 2811 1018 2383 1477 
9441 2379 963 1024 999 
9442 3382 994 1940 2381 
9443 2384 2441 2440 2386 
9444 994 3382 998 2381 
9445 2381 963 998 994 
9446 2383 1017 1002 1000 
9447 2439 2514 2384 2440 
9448 1803 2386 2380 2129 
9449 1845 2811 1803 2383 
9450 3158 2973 2506 3510 
9451 2383 967 1002 1017 
9452 2346 3973 3826 4018 
9453 3969 2936 3099 3226 
9454 2671 1652 1013 1686 
9455 2811 1019 1002 959 
9456 1803 1000 1002 1001 
9457 2811 2067 1001 1019 
9458 2811 1001 1002 1019 
9459 2811 1448 1498 1514 
9460 2811 1448 1514 1364 
9461 3880 3771 4006 3789 
9462 1803 1001 2811 2067 
9463 2439 1441 1467 1517 
9464 3432 3433 2806 3035 
9465 2031 2127 3286 2032 
9466 3304 3980 3812 3680 
9467 2560 3131 3248 4025 
9468 2380 2383 1000 998 
9469 3626 1984 2937 3226 
9470 3382 998 1000 997 
9471 2966 2478 3563 4030 
9472 2439 1845 2347 2386 
9473 3550 3766 3551 3552 
9474 3660 3661 3005 2200 
9475 2439 2441 2384 2386 
9476 2347 1400 1432 1405 
9477 2165 3662 2168 1449 
9478 2959 2121 2120 1810 
9479 2874 1442 1441 1517 
9480 3475 3947 2422 1892 
9481 2126 2127 3150 3377 
9482 565 292 525 2582 
9483 2858 2168 3662 1449 
9484 3661 2967 3005 2200 
9485 2690 1816 2057 1246 
9486 2874 2521 2347 1442 
9487 3502 1778 3788 1997 
9488 2132 2134 2133 2704 
9489 3334 1308 1338 1248 
9490 2167 3662 3745 2168 
9491 3502 2771 2057 1986 
9492 3149 3219 3939 3151 
9493 3484 2144 2152 820 
9494 2921 3711 1952 1823 
9495 1998 1495 1450 1510 
9496 3494 2776 3039 3038 
9497 3159 2465 2467 2468 
9498 1510 1817 1366 1998 
9499 1859 1985 3685 3365 
9500 3206 3342 2126 3287 
9501 3958 2134 2704 1329 
9502 1816 1317 1330 1249 
9503 1998 1301 1330 1208 
9504 2596 809 661 659 
9505 1807 3746 1808 1802 
9506 3159 3305 2465 2468 
9507 1800 1512 1481 1442 
9508 1386 3219 1481 1390 
9509 1800 1802 2874 2875 
9510 1807 3160 2132 2134 
9511 3561 690 3629 1915 
9512 2690 2485 1816 1817 
9513 2332 3046 2709 2154 
9514 2297 3365 1816 3493 
9515 2127 1992 2859 3377 
9516 2745 1144 1130 1149 
9517 3812 2753 3433 3680 
9518 1981 1982 3189 3230 
9519 2334 1495 1998 1403 
9520 3309 2711 2329 2741 
9521 3309 3045 2333 2015 
9522 3811 2423 3486 2406 
9523 3646 3747 828 2446 
9524 1783 614 615 613 
9525 1914 690 812 693 
9526 3502 1244 2057 1243 
9527 3736 3707 3636 461 
9528 2752 2399 676 3437 
9529 3346 2826 3949 3397 
9530 3741 3637 3359 1779 
9531 2800 3030 2228 3663 
9532 3986 3563 2198 2867 
9533 1777 1779 1778 1231 
9534 2574 2573 3307 2572 
9535 2259 2014 2333 1516 
9536 2049 2050 3143 3501 
9537 2728 1273 3525 1267 
9538 3525 1251 2156 1267 
9539 2690 2154 2123 2249 
9540 3812 3434 3433 2753 
9541 2728 2038 3447 2996 
9542 2728 3525 1273 1339 
9543 1822 2494 3774 1905 
9544 2905 1881 1782 1880 
9545 3020 3441 3022 3873 
9546 2155 1252 2123 1254 
9547 2690 2396 2123 1253 
9548 2690 2396 2154 2249 
9549 2396 1292 1349 1240 
9550 2057 1816 1245 1246 
9551 1307 2228 2800 1225 
9552 1292 2690 1246 1250 
9553 2396 1349 1292 1246 
9554 2057 1349 2396 1246 
9555 1307 2228 2801 2800 
9556 2800 2228 3030 1225 
9557 2057 1349 2799 2396 
9558 2690 2485 2057 1816 
9559 1816 1317 1817 1330 
9560 3626 2937 2773 3226 
9561 3475 2421 3213 2032 
9562 3888 1813 3658 3637 
9563 2771 1816 1331 1245 
9564 2937 1983 3807 1996 
9565 2820 739 736 740 
9566 2796 2396 3360 2484 
9567 1985 1243 1308 1242 
9568 1777 3803 1229 1310 
9569 2329 1408 1444 1513 
9570 3432 3434 3158 2507 
9571 1989 1990 3867 2657 
9572 2364 1899 3001 3097 
9573 2165 2133 1248 1288 
9574 3334 1338 2165 1248 
9575 2165 1801 2133 1288 
9576 3429 2134 2133 2135 
9577 3639 590 123 833 
9578 3975 3976 3635 3065 
9579 3788 3958 3993 1329 
9580 1777 3119 3803 2794 
9581 1983 1986 3502 3741 
9582 3762 2120 3972 3763 
9583 2971 2467 2972 2458 
9584 3918 4022 2723 2722 
9585 3848 3627 4008 3749 
9586 2905 752 2450 611 
9587 2777 852 788 600 
9588 1836 2865 949 112 
9589 2971 43 107 955 
9590 3675 948 46 110 
9591 3958 2704 3900 2883 
9592 2752 674 676 655 
9593 2134 2133 2704 1329 
9594 2134 1247 2133 1329 
9595 3429 1248 2133 1247 
9596 3502 1233 3788 1778 
9597 3278 2724 2723 2443 
9598 3746 2875 1802 2166 
9599 3739 3802 3740 3968 
9600 3758 2317 2704 2442 
9601 2132 1270 1801 1345 
9602 2657 3900 3958 2134 
9603 3888 2467 3658 1813 
9604 2132 2882 1801 1790 
9605 3993 1310 1237 1230 
9606 3958 2134 3900 2704 
9607 3788 1233 1242 1247 
9608 3073 3418 2366 276 
9609 3099 3101 3634 109 
9610 3786 2674 2129 3137 
9611 1777 3741 1778 1780 
9612 3707 509 2802 460 
9613 1775 3591 3734 3315 
9614 2090 2088 1814 1811 
9615 2399 3203 3202 3437 
9616 3788 2133 2134 1247 
9617 3633 3634 44 957 
9618 3975 3918 1936 1938 
9619 1824 2080 2079 1945 
9620 3073 3074 2827 40 
9621 3295 3044 3043 3042 
9622 2972 1813 3065 2957 
9623 3803 1229 1310 1230 
9624 3497 1862 3669 3566 
9625 1780 1813 3637 2794 
9626 2112 2114 3077 3968 
9627 3502 3741 1778 1997 
9628 3971 3968 3739 3122 
9629 1987 2516 2515 541 
9630 3660 2582 2583 3403 
9631 3099 2936 3859 3226 
9632 1867 1768 803 764 
9633 2510 4008 4031 3946 
9634 2971 105 947 106 
9635 3074 954 104 40 
9636 3626 2805 2804 3749 
9637 2167 2135 3745 3807 
9638 3579 3410 3478 3411 
9639 3502 2799 2057 1244 
9640 3626 3969 2804 2805 
9641 3635 3101 2466 107 
9642 3648 2798 1986 3359 
9643 1778 1779 2799 1307 
9644 1996 2134 3429 2135 
9645 1814 3401 2904 3236 
9646 3788 1247 2134 1329 
9647 3741 1780 3637 1779 
9648 3421 3724 3562 2737 
9649 1917 3399 1240 3030 
9650 1778 1307 2799 1343 
9651 2088 3518 2793 1814 
9652 2972 2467 1813 2458 
9653 2795 3305 2797 3478 
9654 3196 3202 3437 770 
9655 2641 2192 4021 2455 
9656 1984 3940 3685 3365 
9657 1789 441 3707 533 
9658 3221 2203 3222 3224 
9659 3332 3725 3583 3907 
9660 1861 3236 2793 2809 
9661 3502 1986 1778 3741 
9662 1777 1778 1233 1231 
9663 2057 1243 1244 1245 
9664 2057 1986 2297 2796 
9665 1888 2613 3510 3988 
9666 3888 2466 2468 2467 
9667 2296 3303 2798 3305 
9668 1782 3461 1880 1882 
9669 3502 3788 1233 1242 
9670 1984 3685 1985 3365 
9671 1984 1985 2771 3365 
9672 2688 99 3582 3759 
9673 3634 3101 3635 957 
9674 3101 3100 3265 3202 
9675 820 867 2144 1947 
9676 3680 3304 3433 3812 
9677 3101 957 109 108 
9678 2507 842 840 106 
9679 2456 840 2402 105 
9680 3074 104 2457 946 
9681 2264 1770 119 118 
9682 3648 1984 1983 1986 
9683 2531 2533 3074 39 
9684 2905 610 700 612 
9685 3464 3659 3006 3461 
9686 3943 3971 1937 3949 
9687 3812 3510 3464 3511 
9688 3432 2806 2465 3035 
9689 3626 3226 3648 1984 
9690 3158 2466 3717 2467 
9691 1813 1811 3862 2972 
9692 3813 2570 2568 2569 
9693 3707 280 3706 533 
9694 3073 2827 3418 40 
9695 1846 2035 2149 2516 
9696 1847 2069 2579 3636 
9697 2366 530 529 432 
9698 3673 3453 3383 2659 
9699 3215 1944 2759 1945 
9700 3498 2793 2792 3669 
9701 2968 2522 3453 2970 
9702 2036 2646 507 437 
9703 2058 1815 2037 2095 
9704 3680 3304 3035 3433 
9705 2579 478 479 477 
9706 1789 42 531 533 
9707 3736 3706 1936 3473 
9708 3606 62 3762 3763 
9709 1789 42 1935 3347 
9710 3675 948 3099 3634 
9711 3073 1935 1789 2829 
9712 3971 3498 2530 2792 
9713 3739 3740 3122 3968 
9714 3974 3122 3066 2115 
9715 3706 44 43 280 
9716 3736 1847 3473 2724 
9717 3757 3253 2315 3761 
9718 3397 2061 3638 3201 
9719 1910 3372 1795 2703 
9720 3973 2660 2071 2661 
9721 3780 3931 3881 3438 
9722 4030 3800 2385 1804 
9723 1962 3425 2749 388 
9724 2582 292 525 61 
9725 391 3225 2366 2367 
9726 2060 3397 1849 2661 
9727 2060 3397 3201 2061 
9728 2092 1815 2095 1796 
9729 2058 1788 2059 2061 
9730 3373 3223 3375 3744 
9731 2646 436 2898 328 
9732 3372 3062 2600 2025 
9733 2035 3162 2578 2149 
9734 2660 2661 2676 2659 
9735 310 2094 3214 308 
9736 2638 3109 2640 1796 
9737 1793 1795 1794 2024 
9738 3963 3931 58 2683 
9739 2702 3313 3369 2703 
9740 2037 2881 2024 2071 
9741 2953 2701 1794 2703 
9742 2952 344 337 373 
9743 455 1910 357 454 
9744 2299 2562 3492 3573 
9745 2299 2871 2562 3573 
9746 3533 3223 350 500 
9747 1969 500 372 499 
9748 1973 2511 2314 473 
9749 2700 2025 2701 2703 
9750 2845 418 274 536 
9751 3961 1949 3670 3098 
9752 117 116 909 4032 
9753 1970 3375 3107 1964 
9754 2952 3109 3374 1969 
9755 3124 54 544 279 
9756 1815 2659 3383 3815 
9757 1970 3107 3744 2535 
9758 2701 1815 2884 1794 
9759 1815 2660 2024 3826 
9760 1815 2676 2660 3826 
9761 1815 2660 2676 2659 
9762 2092 3214 2094 2970 
9763 1785 1796 330 329 
9764 1796 329 452 331 
9765 2094 3214 2969 2970 
9766 1785 3214 3416 310 
9767 2638 315 312 314 
9768 2092 2093 1815 2659 
9769 1785 2095 2092 2094 
9770 1796 448 452 329 
9771 2058 1815 2095 2093 
9772 2058 2898 2646 1788 
9773 2036 2881 2802 345 
9774 1785 2094 3214 310 
9775 3134 385 338 486 
9776 2094 2969 308 307 
9777 2095 317 446 309 
9778 2646 309 446 307 
9779 2095 507 317 330 
9780 2095 446 317 507 
9781 3675 2865 110 958 
9782 2859 1389 1403 1404 
9783 2655 3958 3327 1997 
9784 1807 1808 3758 1802 
9785 2896 3302 2328 3301 
9786 2371 2032 3475 2931 
9787 3432 2465 3304 3035 
9788 2925 3048 3045 2931 
9789 2248 2709 2483 2154 
9790 3174 3084 3085 3602 
9791 2127 3377 1389 1388 
9792 2127 1444 1506 1472 
9793 2859 1444 1389 1404 
9794 2127 2931 1992 2032 
9795 2937 3848 3749 3627 
9796 2022 2024 3973 2025 
9797 3041 2762 2964 3841 
9798 3745 3746 2960 3953 
9799 3121 3949 2722 3739 
9800 3848 3377 1993 3338 
9801 3219 3339 3150 1386 
9802 3686 3606 3120 3878 
9803 2858 2859 1403 2334 
9804 2858 3662 3377 1994 
9805 3061 3358 2492 2006 
9806 2896 3920 1413 2330 
9807 3816 634 648 647 
9808 1885 2778 1886 3394 
9809 2014 2015 2333 1439 
9810 3390 2333 1817 1509 
9811 3022 2376 3856 3514 
9812 3920 1414 1413 1410 
9813 2014 1439 2333 1516 
9814 3840 2685 3842 3697 
9815 2846 56 55 2681 
9816 2161 802 2942 697 
9817 2518 3137 2519 4030 
9818 914 3686 61 3606 
9819 3267 707 3705 3268 
9820 3000 677 704 706 
9821 3283 2351 2496 823 
9822 3121 2722 3787 3739 
9823 3363 3935 3000 2752 
9824 2121 3220 2960 3339 
9825 3980 3464 3813 3006 
9826 3450 3628 3567 3362 
9827 3149 1390 3150 1391 
9828 2127 3152 3286 1992 
9829 2859 2333 2015 1404 
9830 3179 2033 3212 3287 
9831 3219 3564 1955 3939 
9832 2510 4008 3581 3627 
9833 3986 3344 3972 2198 
9834 3150 3339 3338 1386 
9835 1807 3758 1808 1810 
9836 3149 3939 3219 1955 
9837 3121 2128 3786 3123 
9838 2493 2159 2498 3424 
9839 1808 2519 2442 2521 
9840 3127 2256 3128 2836 
9841 1254 2851 1253 2123 
9842 2859 2015 3045 2711 
9843 3686 923 125 61 
9844 3127 3548 2256 3575 
9845 3181 3177 3176 3213 
9846 2167 3685 3334 1985 
9847 2756 103 2403 838 
9848 1809 2657 1807 2803 
9849 2858 1385 2168 1449 
9850 1800 1802 2875 2166 
9851 3377 1389 1388 1387 
9852 2165 1360 1801 1288 
9853 3668 2121 2118 2960 
9854 1385 2165 1367 1384 
9855 3121 3123 3786 1848 
9856 2858 1386 2168 1385 
9857 3150 3377 1388 1387 
9858 2127 1992 3377 3152 
9859 2859 2711 1444 1404 
9860 2859 2015 2711 1404 
9861 2168 3220 1800 1386 
9862 2035 3162 567 534 
9863 3342 3869 3149 3522 
9864 3121 3949 3122 3123 
9865 1386 3219 3220 1481 
9866 3149 1955 3522 3869 
9867 3149 1955 1479 1392 
9868 4007 3627 3848 3807 
9869 3179 3212 3043 3287 
9870 1386 3219 1390 3150 
9871 3606 914 62 61 
9872 3129 3064 2885 2676 
9873 2840 2147 3959 2327 
9874 2148 2582 3167 3162 
9875 3935 843 2351 3543 
9876 3219 1481 1800 3220 
9877 3167 3162 61 62 
9878 3430 2120 2959 3431 
9879 1846 2035 2516 2748 
9880 2966 4030 3563 3564 
9881 2960 3746 3220 2875 
9882 1955 1400 1956 2347 
9883 2132 1801 2882 1345 
9884 3219 3339 3939 3151 
9885 3973 2676 3345 3064 
9886 3121 3122 3949 3739 
9887 1854 3260 3311 3262 
9888 3656 575 496 279 
9889 3471 3042 3295 3043 
9890 2267 2422 2421 3178 
9891 1822 772 3774 726 
9892 2423 117 116 847 
9893 3121 3123 3397 3949 
9894 2490 2684 3147 2491 
9895 3545 3543 601 834 
9896 2648 1615 1608 1607 
9897 3766 3552 4000 2255 
9898 3621 2966 2967 3564 
9899 1895 1500 2368 1454 
9900 2426 2111 2110 2933 
9901 1408 3095 1398 1407 
9902 2136 2138 3186 2139 
9903 2836 3522 3342 1393 
9904 2567 3580 3715 3795 
9905 2984 2387 2943 2388 
9906 1818 3575 3148 3842 
9907 2497 3096 3128 3230 
9908 2950 3708 3289 3288 
9909 2217 2563 2556 3233 
9910 3017 925 144 8 
9911 2953 3573 2701 2703 
9912 2560 3844 3131 4025 
9913 2098 1519 1436 1487 
9914 1891 1894 2369 1892 
9915 3127 3230 3128 2256 
9916 4033 2301 3477 2491 
9917 3656 575 3755 412 
9918 3424 3839 2330 2331 
9919 2110 1435 3144 1492 
9920 2824 2954 2955 1969 
9921 2254 3147 2255 2491 
9922 2561 2956 3683 2955 
9923 2534 360 3492 369 
9924 2497 1412 1502 1445 
9925 3259 3153 3676 2767 
9926 2900 1942 1941 2391 
9927 4034 144 1946 872 
9928 3259 3676 3171 2558 
9929 2109 1535 1679 1629 
9930 3127 3128 3230 3832 
9931 2900 3335 1942 2391 
9932 4035 3258 2258 51 
9933 2258 918 114 115 
9934 3597 3234 3148 2762 
9935 1947 2262 2261 1948 
9936 3550 3576 4035 3766 
9937 3062 274 3520 517 
9938 3481 2373 3314 3591 
9939 2498 3424 3096 3954 
9940 2406 847 805 588 
9941 2497 3230 3189 3096 
9942 2261 3156 3485 3883 
9943 2500 1597 1647 1645 
9944 3424 2331 2330 3298 
9945 2283 2998 2426 2933 
9946 2335 603 836 887 
9947 2950 4 3017 3288 
9948 3078 1967 140 76 
9949 2555 1556 1554 1555 
9950 2127 1444 2711 1506 
9951 3310 2301 3229 1982 
9952 2127 1472 1389 1444 
9953 2506 2755 3910 3464 
9954 2449 2662 2719 3417 
9955 2923 3419 3774 771 
9956 2016 4010 2406 805 
9957 3536 3486 2016 4036 
9958 2682 57 121 913 
9959 2033 3213 3286 3287 
9960 2755 3849 1888 3988 
9961 1818 1820 3298 2034 
9962 3095 3096 3298 3229 
9963 2413 70 284 69 
9964 2329 1444 2711 1513 
9965 2859 2015 2333 3045 
9966 1821 3287 3842 3841 
9967 2127 1388 1389 1472 
9968 3179 3286 3206 3152 
9969 2033 2741 2034 2032 
9970 121 120 920 2349 
9971 2686 3697 3548 3575 
9972 3878 3177 3798 3889 
9973 3132 2034 1818 3095 
9974 2349 2682 121 2146 
9975 2055 2102 3049 3398 
9976 3132 3095 1397 1395 
9977 3342 3149 3869 3841 
9978 2349 2763 2681 3041 
9979 3536 3537 3883 3485 
9980 2006 1565 1569 1568 
9981 2335 2261 1947 2152 
9982 2031 2033 2032 3286 
9983 3294 2582 3686 3661 
9984 2267 2421 2422 2841 
9985 3559 3558 3146 2175 
9986 2964 3869 3044 3841 
9987 3364 762 3337 644 
9988 2900 2901 2391 1941 
9989 2923 2596 775 660 
9990 3095 1407 3298 3096 
9991 3132 3342 1395 1393 
9992 2258 918 50 114 
9993 3259 2767 3676 2558 
9994 3263 1126 1127 1081 
9995 3424 3096 2331 3298 
9996 2494 1902 139 140 
9997 3852 760 2915 624 
9998 2107 2901 2065 2391 
9999 3212 2033 1821 3287 
10000 3378 2764 2264 4032 
10001 2258 2262 2684 114 
10002 3962 3042 3295 2683 
10003 2681 2349 55 2263 
10004 3179 3181 3213 3286 
10005 1784 1838 2737 2584 
10006 2161 2921 2922 3711 
10007 2329 2331 2740 3298 
10008 2567 3580 642 631 
10009 2258 2938 2684 3147 
10010 3378 1959 3380 3576 
10011 3132 3842 1818 1821 
10012 3778 3524 3398 3282 
10013 2681 56 912 120 
10014 1818 2836 3575 3842 
10015 3425 489 3829 566 
10016 2952 501 2953 344 
10017 2910 2911 2653 2912 
10018 2561 1960 3534 3571 
10019 2624 3274 2625 2627 
10020 2497 1473 1502 1412 
10021 2322 469 484 323 
10022 2673 1585 1641 1563 
10023 3336 393 363 476 
10024 2300 490 399 501 
10025 3017 3941 4 8 
10026 3866 2885 2886 3517 
10027 2659 2598 2884 3383 
10028 2900 2978 1941 2877 
10029 2553 2639 2321 2320 
10030 1970 3375 3533 3107 
10031 2638 448 3109 1796 
10032 3142 2322 319 323 
10033 2638 1785 448 1796 
10034 2553 2321 3142 2320 
10035 2884 2598 2886 3383 
10036 1970 3533 3375 1964 
10037 2846 2263 3124 3388 
10038 2764 2762 3597 3810 
10039 1846 2035 2579 2070 
10040 2477 51 288 558 
10041 3922 3831 2475 2476 
10042 3106 3844 3906 3131 
10043 3090 526 580 577 
10044 2671 1486 2873 1487 
10045 3374 2955 1969 3744 
10046 2700 2701 3129 2702 
10047 1970 1972 2535 466 
10048 2824 2535 1969 3744 
10049 2136 2951 3186 294 
10050 2952 2954 3374 1794 
10051 2477 3187 3186 512 
10052 2534 3336 2956 3683 
10053 3378 2764 3379 2264 
10054 1958 564 3656 3534 
10055 1957 1960 1959 3576 
10056 3534 3492 2562 3683 
10057 3810 3964 3041 2964 
10058 3258 2951 49 556 
10059 3457 3129 3246 3130 
10060 3186 563 556 294 
10061 1970 351 349 358 
10062 2884 2886 3376 3815 
10063 2900 2543 2975 3413 
10064 2109 2426 2111 2110 
10065 2621 462 1971 2765 
10066 2699 1598 1593 1588 
10067 1792 1549 1659 1551 
10068 2300 399 369 400 
10069 2561 3844 2956 2955 
10070 3372 2025 2023 455 
10071 3062 559 274 517 
10072 3062 524 457 517 
10073 2264 911 54 118 
10074 3062 524 3599 457 
10075 3781 498 2138 3187 
10076 3106 2884 2886 3376 
10077 2534 356 354 355 
10078 3534 3683 370 360 
10079 3781 498 3574 2138 
10080 3574 498 497 579 
10081 2626 362 338 385 
10082 3533 348 349 350 
10083 3107 3517 3436 3831 
10084 1972 353 466 476 
10085 1972 476 466 416 
10086 1971 2476 3436 1972 
10087 3533 348 1963 349 
10088 2824 1969 2955 3744 
10089 352 2824 1969 372 
10090 1961 493 388 471 
10091 3083 4020 3019 3239 
10092 2325 868 766 826 
10093 1891 2570 2369 1894 
10094 3639 826 766 833 
10095 2349 3212 1771 3472 
10096 3260 3328 3261 3156 
10097 3472 2762 3841 3842 
10098 116 4032 52 909 
10099 115 2258 51 2938 
10100 4034 1946 3155 2261 
10101 2324 2145 3959 2348 
10102 3715 2417 3992 3912 
10103 3639 766 2325 3684 
10104 2840 2404 3326 4036 
10105 2490 1819 2301 2491 
10106 3471 3212 3179 3213 
10107 3868 1948 2261 4033 
10108 3504 143 142 836 
10109 3774 725 724 726 
10110 2138 498 578 512 
10111 3169 4003 3773 3678 
10112 4012 1903 2734 3321 
10113 1961 2765 1971 462 
10114 2622 2696 2623 75 
10115 1966 2835 1967 2735 
10116 2712 2790 2357 2789 
10117 2138 3187 498 512 
10118 1973 2511 473 571 
10119 3080 3425 1962 2625 
10120 2622 75 3895 2696 
10121 3670 71 3098 928 
10122 2299 3755 413 400 
10123 2106 2107 2692 2693 
10124 2900 1942 2877 1941 
10125 2563 3321 2218 3847 
10126 1961 463 2765 462 
10127 2979 3381 2981 2673 
10128 3630 4037 2961 2963 
10129 3357 1573 3396 1646 
10130 3580 629 633 631 
10131 1865 66 3735 65 
10132 2451 2939 2814 2454 
10133 2494 3882 835 3929 
10134 3929 835 2494 592 
10135 2494 140 592 835 
10136 1822 856 584 882 
10137 1822 772 773 882 
10138 1908 1909 2463 3470 
10139 3408 880 595 878 
10140 1822 877 3774 2494 
10141 1905 138 890 139 
10142 2923 802 2769 648 
10143 2900 2902 3335 2391 
10144 1905 856 890 138 
10145 2735 3400 1967 1966 
10146 3400 137 138 930 
10147 2925 3045 3309 2931 
10148 1869 1127 3263 1870 
10149 2283 2785 2603 2933 
10150 2974 1659 2503 2493 
10151 3114 1496 1435 1508 
10152 2500 2501 1597 1645 
10153 1965 76 2623 75 
10154 2291 1457 1459 1427 
10155 2974 2492 3061 3358 
10156 3882 3756 3773 1902 
10157 2896 2492 2006 3301 
10158 2766 1550 1552 1554 
10159 2766 2557 1552 1551 
10160 2098 3114 2389 3435 
10161 2981 1558 3489 1648 
10162 3153 2785 1981 2603 
10163 3259 3154 3153 2786 
10164 3113 1401 2686 3144 
10165 2097 1498 1402 1438 
10166 3017 932 144 80 
10167 2941 2603 3832 3230 
10168 2948 2555 3026 2002 
10169 2499 2500 1597 1647 
10170 3299 2555 3233 3026 
10171 3260 1855 3310 2331 
10172 2672 1640 1528 1009 
10173 1792 1550 1549 1551 
10174 4033 3477 3521 2491 
10175 2604 1600 2503 1549 
10176 2084 2206 2085 2822 
10177 3825 2879 2878 3435 
10178 3017 4 925 8 
10179 2497 3128 3096 1406 
10180 2499 1675 1597 1679 
10181 2602 2604 1532 1547 
10182 2513 1009 1025 968 
10183 2785 2398 1981 2397 
10184 2098 2699 1598 1629 
10185 3439 3078 2733 3079 
10186 2257 3323 3552 3776 
10187 3898 3441 3328 2328 
10188 1946 143 836 603 
10189 3477 2255 1980 2398 
10190 2766 2558 3676 2767 
10191 3402 3341 2734 3439 
10192 2734 3756 2733 1903 
10193 2974 1659 2493 1564 
10194 3995 2950 3288 3708 
10195 2919 3168 3169 3170 
10196 2449 2719 2006 3417 
10197 2497 3832 1412 1445 
10198 1917 3663 2800 3360 
10199 1676 3469 1687 1562 
10200 2463 2219 2218 3847 
10201 1908 2463 1907 2949 
10202 3357 3415 3358 2949 
10203 3357 3396 1907 1672 
10204 2949 2556 3847 2464 
10205 2212 3371 2214 2213 
10206 2949 1559 1636 1672 
10207 2563 2735 3772 3341 
10208 2406 2348 588 884 
10209 3925 3655 3678 3679 
10210 3386 2905 610 700 
10211 733 3243 734 3183 
10212 2926 2927 3711 2928 
10213 2329 2034 2740 2741 
10214 2923 2770 2769 3168 
10215 2006 1569 1570 1568 
10216 2489 1980 2301 2491 
10217 2974 3189 3153 3154 
10218 3924 3821 3923 3756 
10219 2498 3096 3189 3954 
10220 725 3929 3774 724 
10221 2329 2711 2034 2741 
10222 2329 2034 3095 3298 
10223 3310 3311 3298 3229 
10224 3424 1409 2330 1493 
10225 3061 2492 3839 3301 
10226 2159 2160 1530 1374 
10227 3424 3954 3310 3096 
10228 2974 1659 1564 1551 
10229 2084 2229 2205 2206 
10230 1532 2602 1548 1549 
10231 1895 1416 1418 1419 
10232 2460 2926 3241 2929 
10233 2498 3954 2503 2493 
10234 2557 2949 3415 2556 
10235 2974 2492 1564 2493 
10236 3169 3957 3857 3170 
10237 2493 1564 1659 1602 
10238 2449 2006 2628 3417 
10239 2006 1565 3357 3358 
10240 2159 1530 1464 1374 
10241 2159 1493 1464 1494 
10242 2159 2493 2160 3839 
10243 2159 1494 1464 1368 
10244 1792 2766 1550 1551 
10245 3879 3839 2331 3301 
10246 2159 1601 1464 1530 
10247 2159 1464 1601 1368 
10248 2109 1371 2111 1535 
10249 3259 3153 3154 3676 
10250 1981 2603 2397 3230 
10251 4027 3293 3323 2139 
10252 2684 3808 2938 115 
10253 2766 2558 2557 3676 
10254 3521 49 916 113 
10255 2258 114 2684 115 
10256 2257 3521 917 49 
10257 2497 2604 2498 3189 
10258 2111 1508 2110 1434 
10259 3548 2253 2256 2254 
10260 3657 2084 2206 2085 
10261 3643 3716 3247 3697 
10262 2111 1434 3832 1445 
10263 2604 1600 1549 1532 
10264 2498 1494 3424 1368 
10265 1818 3298 3095 2034 
10266 2497 3230 3128 3832 
10267 3832 1411 1406 1412 
10268 3832 1434 1412 1445 
10269 2497 2498 1473 3096 
10270 3832 1412 1434 1411 
10271 2098 2671 2873 1487 
10272 2941 2397 2603 3230 
10273 2084 2822 1922 3589 
10274 2253 3776 2255 3552 
10275 4038 3171 3677 2558 
10276 1980 1981 2397 1982 
10277 4039 701 4015 2017 
10278 1956 1432 1400 1448 
10279 2578 534 395 397 
10280 3132 2031 3287 2033 
10281 3149 3150 3339 3151 
10282 2836 1394 3522 1393 
10283 2084 2086 2085 2204 
10284 1955 1400 1405 1396 
10285 3597 3148 2254 3575 
10286 243 2109 1371 1466 
10287 2084 2204 2205 3587 
10288 2279 1641 2672 1664 
10289 2878 2699 2998 1679 
10290 2873 965 1016 163 
10291 2388 1019 2811 1005 
10292 2388 1803 1806 2811 
10293 2686 1492 3144 1401 
10294 2472 3097 134 2364 
10295 3273 2100 2101 3718 
10296 2215 1648 1680 1596 
10297 2699 1597 1593 1679 
10298 2482 3836 2481 1147 
10299 1956 1804 1845 2811 
10300 2873 1487 1486 1377 
10301 2873 1005 1016 965 
10302 4026 2475 2887 3025 
10303 3113 3312 3716 3144 
10304 3113 1806 3312 1956 
10305 3132 2031 2033 2034 
10306 3113 1806 2097 3716 
10307 2934 4000 4027 3293 
10308 3643 3249 3248 3247 
10309 2686 3548 3144 1492 
10310 2110 1435 1492 1508 
10311 2111 1371 1511 1535 
10312 2110 1492 1434 1508 
10313 2110 1492 3144 3548 
10314 1434 2941 2110 2111 
10315 2873 1377 1486 1006 
10316 2424 2983 2935 2389 
10317 2097 2873 2811 1476 
10318 2685 2686 3697 3144 
10319 3144 3312 3697 2685 
10320 2560 3844 2871 2702 
10321 3113 2097 1498 1402 
10322 2873 1377 965 163 
10323 2560 3130 3129 2702 
10324 3113 2098 2097 1436 
10325 2387 2098 2097 2389 
10326 3616 4040 1965 2834 
10327 3884 3549 3144 3548 
10328 2098 1598 2699 2671 
10329 4041 4027 2139 3293 
10330 2097 2873 2098 2671 
10331 2424 2426 3114 2110 
10332 2098 1598 2671 1546 
10333 2109 243 1371 1535 
10334 2109 1688 243 1535 
10335 1956 2811 1845 1448 
10336 2097 2811 1514 1476 
10337 3246 3457 2965 3800 
10338 2109 1466 2098 1496 
10339 3114 1435 2110 1508 
10340 2873 1005 1010 985 
10341 2873 965 1010 1005 
10342 2671 1013 1652 968 
10343 2671 2873 1010 985 
10344 2671 1010 1025 985 
10345 2671 1546 1598 1652 
10346 2513 1026 986 1009 
10347 3781 1958 1960 3534 
10348 2992 1071 3198 1074 
10349 3503 2548 2551 2549 
10350 3858 3899 2414 3891 
10351 3466 3754 3782 3467 
10352 3032 2699 1593 1588 
10353 2353 966 147 1008 
10354 2935 2983 3249 2389 
10355 2172 1164 1101 1073 
10356 2672 1528 961 1009 
10357 2099 1003 2103 2104 
10358 2099 1003 987 976 
10359 2672 1641 1585 1670 
10360 2672 1007 961 1639 
10361 2672 1641 1670 1528 
10362 2672 961 1528 1639 
10363 2672 1639 1528 1670 
10364 2673 2692 3032 2672 
10365 2065 981 983 978 
10366 3503 2353 2354 973 
10367 2084 2205 2229 3587 
10368 2716 2901 2107 2391 
10369 2065 2901 2067 2391 
10370 2065 2391 2067 2066 
10371 3866 2901 3063 2984 
10372 3186 2951 563 294 
10373 2207 3950 3407 2019 
10374 3126 3198 2004 2339 
10375 2414 3899 1864 68 
10376 1541 2479 970 1653 
10377 2673 1561 2980 1586 
10378 3457 3129 3064 3246 
10379 3336 476 363 355 
10380 2985 2065 2107 2901 
10381 4023 1863 1861 1860 
10382 2943 984 983 981 
10383 2097 1519 2098 2873 
10384 2097 1498 1438 1514 
10385 3113 2097 1806 1956 
10386 2675 3122 3949 3123 
10387 3063 2901 2885 2598 
10388 2993 2338 1125 1074 
10389 2984 2065 2985 2901 
10390 2943 2984 2388 2067 
10391 2984 2065 2901 2067 
10392 1803 1804 1806 2811 
10393 2299 3369 495 414 
10394 3414 2606 2994 3938 
10395 3318 3966 3516 3276 
10396 2716 2985 2107 2901 
10397 2476 2956 3571 3906 
10398 2902 3517 3866 2886 
10399 3318 3075 2932 3375 
10400 1852 1855 3154 1981 
10401 3289 3323 2139 2136 
10402 3781 3570 3574 497 
10403 4041 3643 2935 3248 
10404 3425 489 566 488 
10405 2424 3884 3549 2110 
10406 3866 3063 2901 2885 
10407 2388 2067 1803 2811 
10408 4041 2139 2890 3293 
10409 4041 1957 2139 4027 
10410 3866 3517 3131 2885 
10411 2669 1597 2501 1645 
10412 3246 3866 2984 3138 
10413 3186 294 556 578 
10414 2387 2984 2983 2388 
10415 3800 1805 3063 2385 
10416 3106 2886 2884 3482 
10417 3167 63 3162 62 
10418 3129 2884 2701 3826 
10419 3106 3436 3107 3517 
10420 3516 3517 3515 2716 
10421 3374 2640 3109 1794 
10422 3373 3375 3374 3744 
10423 3922 3831 3436 3517 
10424 3246 2983 3249 3138 
10425 2886 2598 3413 3383 
10426 2627 480 419 387 
10427 3106 2956 2955 3107 
10428 3374 3482 2884 1794 
10429 2902 2886 3866 2885 
10430 2636 2720 1841 2976 
10431 3768 3231 3769 2238 
10432 2287 527 3574 289 
10433 3999 17 3751 562 
10434 3999 3994 3754 2211 
10435 2701 1794 3482 2954 
10436 2932 3318 3375 3276 
10437 2886 3383 3319 3815 
10438 2886 3413 3319 3383 
10439 2701 2024 1815 1794 
10440 3106 2956 3107 3906 
10441 2715 2717 3076 2718 
10442 2022 3973 2024 2070 
10443 4023 1861 2815 1860 
10444 2885 2886 3106 3482 
10445 2885 2886 3517 3106 
10446 2534 363 360 355 
10447 2287 4042 2623 3090 
10448 2136 2951 2950 3289 
10449 3922 3906 4025 3131 
10450 1958 1959 52 288 
10451 2870 3380 3656 1960 
10452 2136 527 79 294 
10453 2138 578 3186 512 
10454 1641 2673 3032 2672 
10455 2872 1939 1940 990 
10456 3718 1655 2100 1594 
10457 2669 1566 1597 1645 
10458 2238 2000 2001 3960 
10459 2476 3090 2137 3571 
10460 3922 3025 2887 2475 
10461 4023 3729 1863 3333 
10462 3233 4001 3299 2670 
10463 2669 1560 1563 1566 
10464 2346 3973 3345 3064 
10465 1803 1805 2129 2390 
10466 2384 2380 2440 2381 
10467 1805 2067 2984 2901 
10468 1805 2390 2067 2901 
10469 2104 1003 986 1026 
10470 3149 1955 3219 1479 
10471 3113 3312 2685 1399 
10472 2499 2501 2283 2998 
10473 2500 2767 2698 3914 
10474 3469 1557 3489 3026 
10475 2238 1951 1950 1949 
10476 2262 2301 4033 2491 
10477 2500 2918 3914 3299 
10478 2353 971 2479 1163 
10479 2101 3718 3426 3894 
10480 2215 1648 2980 3489 
10481 3718 2100 1670 1594 
10482 2981 3489 3026 2982 
10483 2215 3489 2980 2359 
10484 2215 2359 3297 1614 
10485 2844 1942 2872 3105 
10486 2479 1655 1632 1545 
10487 3273 2100 3718 1655 
10488 2986 2341 1605 2987 
10489 2622 464 2894 581 
10490 3530 3531 2072 2186 
10491 4023 3332 3553 2540 
10492 3555 3332 3553 4023 
10493 2142 3135 2117 2143 
10494 4023 2815 2730 1860 
10495 2511 516 574 571 
10496 2106 3789 2692 3880 
10497 3188 3937 2610 2551 
10498 2715 3335 2902 2716 
10499 3515 3866 3517 3138 
10500 2627 2314 2511 3694 
10501 1973 473 2314 389 
10502 2610 2637 2636 2021 
10503 3110 3111 3252 3251 
10504 2992 3367 2993 3569 
10505 3165 2207 3145 2019 
10506 3110 3111 1921 3875 
10507 2027 2790 3076 3208 
10508 2310 3136 2312 2308 
10509 3191 2225 2223 2224 
10510 324 2552 320 2265 
10511 474 3108 379 2356 
10512 1764 2862 1767 3116 
10513 3110 1921 3876 3875 
10514 3460 2678 1786 2311 
10515 3453 3383 2659 2970 
10516 3480 2210 2832 2142 
10517 2712 2213 2214 3371 
10518 2838 474 475 342 
10519 2715 2717 2902 3413 
10520 1873 3891 3445 1871 
10521 2715 3335 2716 2108 
10522 2170 1154 2105 1066 
10523 3110 4043 3251 3876 
10524 2844 3523 2551 3335 
10525 2101 2353 973 972 
10526 3937 3275 3467 3742 
10527 3335 2716 2108 2391 
10528 2975 2637 2976 2978 
10529 2975 3027 2977 2020 
10530 2844 3503 3105 975 
10531 3257 3784 3594 3228 
10532 2100 2672 1639 1007 
10533 2100 1007 970 1027 
10534 2100 970 1007 1541 
10535 3718 1670 2100 2672 
10536 3273 2549 3133 2481 
10537 2215 1595 3718 1586 
10538 1641 2673 1563 3032 
10539 2100 1007 1639 1541 
10540 3718 1595 1655 1594 
10541 2100 1594 1655 1541 
10542 2100 1639 1594 1541 
10543 3273 2360 3133 2480 
10544 2654 130 934 129 
10545 3370 2170 2173 2105 
10546 2353 973 972 966 
10547 2353 973 966 1008 
10548 3934 3456 3830 3595 
10549 2354 1151 1197 1034 
10550 1879 82 2939 2547 
10551 2480 1155 179 1041 
10552 3126 3198 2339 2343 
10553 3503 1011 3105 975 
10554 2992 3595 3367 3569 
10555 2605 1073 2481 1072 
10556 2170 2606 2994 1064 
10557 2170 1066 1064 1062 
10558 3110 3876 3251 3366 
10559 3414 2608 3145 2611 
10560 2029 2030 1973 390 
10561 2605 2606 2170 1064 
10562 2170 3938 2994 2606 
10563 2526 2527 3556 2226 
10564 2993 2338 2345 1125 
10565 3870 2643 2012 3689 
10566 2413 70 2415 3695 
10567 3818 1900 3930 2589 
10568 3198 1037 1104 1186 
10569 3526 2810 3838 4044 
10570 3133 2353 1158 1180 
10571 3915 2360 2215 2359 
10572 3719 3212 2421 2033 
10573 2992 1074 2993 1067 
10574 3611 3994 1865 3446 
10575 3198 1071 1094 1074 
10576 3837 296 518 18 
10577 2480 1632 1667 1536 
10578 2563 3341 3772 2556 
10579 1914 812 753 693 
10580 3104 2511 3899 2512 
10581 3836 1072 1147 1071 
10582 2482 1071 3836 1147 
10583 2358 2341 3801 3996 
10584 3631 2339 4011 2337 
10585 2810 2644 2814 2939 
10586 3503 2103 2101 974 
10587 2480 1632 179 1155 
10588 3110 3251 3252 3366 
10589 2361 3455 2358 2359 
10590 2480 1041 179 1536 
10591 3688 3689 3681 2643 
10592 2648 1609 2342 1606 
10593 3702 2550 2549 2551 
10594 3273 2479 2100 1655 
10595 1898 3483 1909 1907 
10596 2009 180 1041 1536 
10597 2547 19 83 901 
10598 2004 1106 2339 1104 
10599 3818 3623 3622 2589 
10600 2004 1110 2651 1108 
10601 2986 3489 1680 2359 
10602 3735 66 67 521 
10603 2238 1949 2001 1951 
10604 2919 3117 3169 3168 
10605 2948 1555 3026 2555 
10606 3858 1864 3899 3891 
10607 3126 1186 1103 1037 
10608 2341 1605 1607 1606 
10609 2648 3470 1908 1615 
10610 3645 593 879 859 
10611 2911 3864 3540 1909 
10612 3899 284 516 69 
10613 3625 3414 2526 3145 
10614 3466 3257 3468 3784 
10615 3529 3198 3996 2343 
10616 3340 1950 3115 2834 
10617 3665 4043 3814 1 
10618 2923 658 2596 660 
10619 2923 658 660 667 
10620 1908 1646 1615 1672 
10621 2987 1613 1562 1676 
10622 3930 2463 3540 2219 
10623 2987 1607 1613 1676 
10624 3470 1676 1615 1607 
10625 3665 3814 4043 3876 
10626 2463 2464 2949 3847 
10627 3470 1615 1687 1559 
10628 3670 134 3098 1899 
10629 3470 1676 1687 1615 
10630 3078 4040 76 77 
10631 2341 1605 2987 1607 
10632 3110 4043 3665 2074 
10633 2563 2556 3321 3847 
10634 2563 2834 3341 3233 
10635 2992 3569 2993 1074 
10636 2695 2137 2476 3090 
10637 4045 81 2939 3193 
10638 3934 3753 3983 3838 
10639 3026 2500 2555 1556 
10640 2911 3864 3818 3540 
10641 3320 275 72 73 
10642 3273 2215 2480 1667 
10643 3768 3789 2000 1873 
10644 2948 3470 2463 2219 
10645 2981 3026 2670 2003 
10646 2986 2987 3490 2650 
10647 2215 1595 1586 1596 
10648 2673 3718 1670 1585 
10649 4042 2697 2137 3709 
10650 2986 3490 2358 2650 
10651 2215 1648 3489 1680 
10652 2992 2482 1071 3836 
10653 2000 3539 3469 2589 
10654 3026 2002 2555 3233 
10655 3469 2987 3489 1562 
10656 2219 2000 3469 2589 
10657 1965 75 938 139 
10658 3623 2911 3864 3818 
10659 3983 3753 3569 3529 
10660 3704 763 707 765 
10661 3665 3876 4046 2545 
10662 3469 2002 2982 2219 
10663 3905 2359 2358 3455 
10664 1851 3115 1950 73 
10665 3194 3468 3257 2208 
10666 2622 581 283 568 
10667 1962 2473 3831 1964 
10668 2550 3824 3894 3426 
10669 3469 1676 2987 1562 
10670 2237 3892 4006 3960 
10671 3612 1908 1906 3395 
10672 2642 3428 3984 3535 
10673 2412 2413 2237 3891 
10674 1906 1907 1909 3483 
10675 1999 3238 627 625 
10676 3001 3818 1900 3002 
10677 2364 3098 3097 134 
10678 3469 2948 1557 3026 
10679 2463 1615 3470 1559 
10680 1908 2463 2949 1559 
10681 595 3244 825 2658 
10682 1908 1615 2463 1559 
10683 1916 734 3183 855 
10684 2948 1559 1687 1557 
10685 2648 2987 2341 2650 
10686 2373 3598 3040 3591 
10687 3357 2949 1907 2464 
10688 3358 1567 1636 1553 
10689 2652 3818 3817 2912 
10690 1908 1608 1615 1646 
10691 2595 710 2915 2770 
10692 3916 3357 2464 2007 
10693 3414 2611 2018 3468 
10694 3604 2779 3474 3263 
10695 3357 1672 1636 1567 
10696 2573 1571 1584 1574 
10697 3665 2244 4046 2245 
10698 1885 3728 1886 2778 
10699 3017 3941 3619 4 
10700 3665 4046 1921 2245 
10701 2434 1635 1650 1540 
10702 2930 3394 3604 3396 
10703 3631 2337 3568 2338 
10704 1908 2949 1907 1672 
10705 2340 2342 3291 2343 
10706 2648 3470 1615 1607 
10707 1908 1559 2949 1672 
10708 1909 3540 2463 3470 
10709 2005 2780 3417 2008 
10710 2930 3291 3394 3395 
10711 2648 2987 2649 3470 
10712 1783 3316 2450 630 
10713 733 3408 830 878 
10714 2374 2008 3020 2780 
10715 3917 3394 3984 3474 
10716 3449 716 1913 3362 
10717 1908 3470 2463 1615 
10718 2649 3540 1909 3470 
10719 2673 1670 3718 2672 
10720 3001 1900 3818 3097 
10721 2358 3801 3455 3996 
10722 2648 2341 2987 1607 
10723 3996 3290 2340 3801 
10724 2986 1614 2009 3297 
10725 3768 2979 3770 2003 
10726 3454 2482 2361 2360 
10727 2986 3490 3489 2359 
10728 1908 3470 2649 1909 
10729 3604 2778 3474 2779 
10730 2648 2341 1607 1606 
10731 2930 1646 3604 1610 
10732 2648 2987 2650 2649 
10733 3357 1636 3358 1567 
10734 2363 3712 2922 3240 
10735 2453 3752 2454 3951 
10736 3896 830 130 851 
10737 3512 2460 794 795 
10738 2899 81 4045 3193 
10739 2911 1909 3930 2913 
10740 3565 3911 3790 700 
10741 1907 1906 1908 3396 
10742 1893 3094 3947 1892 
10743 2993 2861 3356 3624 
10744 3539 3858 1874 3623 
10745 3982 3455 3507 3983 
10746 2673 2980 3824 3718 
10747 3565 700 747 744 
10748 3998 296 546 518 
10749 3164 2226 2526 3556 
10750 3231 3768 3770 2003 
10751 3469 3489 1557 1562 
10752 2979 3789 2980 3491 
10753 3892 2027 2512 3913 
10754 2893 74 2622 2894 
10755 3469 3491 3489 3490 
10756 2363 2365 1901 2364 
10757 3469 3490 3539 3491 
10758 3490 3540 3864 2649 
10759 2213 549 285 425 
10760 3630 3290 4047 2961 
10761 2986 2650 2341 2987 
10762 3490 2650 2987 2649 
10763 3490 3864 2650 2649 
10764 2910 129 2653 933 
10765 3905 3864 3539 3978 
10766 3752 4045 3681 4037 
10767 1879 83 2547 902 
10768 3858 3622 2414 1864 
10769 3823 2215 3915 3894 
10770 2211 546 296 542 
10771 3217 3284 1766 23 
10772 3702 3937 2551 2611 
10773 2715 3076 2717 3384 
10774 3695 576 489 71 
10775 3823 3491 3490 2359 
10776 3824 2980 2215 3718 
10777 2004 1104 2339 3198 
10778 3998 425 424 390 
10779 3999 296 18 17 
10780 3915 2550 3824 3894 
10781 2993 3356 2338 3569 
10782 2172 1101 2352 1073 
10783 3982 3983 3507 3632 
10784 1764 23 87 894 
10785 1775 1774 1765 1776 
10786 2453 3569 3568 3355 
10787 4048 3926 3392 3355 
10788 3565 700 3790 747 
10789 3917 2337 2344 2508 
10790 2910 933 2653 6 
10791 2939 82 81 900 
10792 3653 1906 3394 3395 
10793 2004 1104 3198 1037 
10794 2889 2934 2935 3293 
10795 1973 3104 2512 2511 
10796 2413 70 3695 284 
10797 3694 473 574 419 
10798 3664 326 3134 2265 
10799 3694 419 570 409 
10800 2552 320 319 322 
10801 3082 3695 489 570 
10802 1962 2625 3425 386 
10803 2413 3695 3694 284 
10804 3694 574 516 284 
10805 3694 419 574 570 
10806 3695 576 3829 489 
10807 3695 3694 550 570 
10808 3694 574 284 570 
10809 3694 284 550 570 
10810 2626 339 338 362 
10811 3223 401 451 459 
10812 2627 485 480 387 
10813 2624 2554 3134 2265 
10814 2627 387 385 485 
10815 273 3284 2833 2832 
10816 2412 2413 2415 2240 
10817 3082 2627 2625 3274 
10818 2239 3617 2473 2895 
10819 3076 3275 3742 2718 
10820 3318 3375 1964 3376 
10821 3318 3107 3517 3376 
10822 3373 3815 2553 2639 
10823 2975 2977 3692 2978 
10824 3200 1787 2838 375 
10825 2838 342 375 474 
10826 2213 285 3998 425 
10827 3256 3194 3199 21 
10828 2552 3664 2265 326 
10829 3405 2309 2233 2243 
10830 2142 420 467 548 
10831 2713 2789 475 347 
10832 273 3284 2832 552 
10833 2029 1973 2314 389 
10834 2522 444 2969 321 
10835 3565 747 745 744 
10836 3199 2355 2208 2210 
10837 3076 3029 2311 2717 
10838 3565 745 2504 744 
10839 3542 3892 3445 3960 
10840 2932 3318 3276 3966 
10841 3460 2554 2791 3966 
10842 2838 1787 2356 474 
10843 2837 3116 2914 2221 
10844 2209 2020 2210 3135 
10845 3136 2026 2313 380 
10846 2553 2552 2322 2554 
10847 2141 290 30 29 
10848 2020 3405 3135 2677 
10849 37 36 943 3013 
10850 2677 3135 2678 2143 
10851 2213 482 549 481 
10852 3208 2209 3937 3468 
10853 3480 2355 2832 2210 
10854 2310 2678 3136 2143 
10855 3076 3966 3275 3516 
10856 2552 322 333 326 
10857 2712 2357 2356 2789 
10858 2213 425 390 481 
10859 3227 3256 2010 2546 
10860 469 2026 1786 376 
10861 3136 2116 2309 2143 
10862 2541 3122 2130 2542 
10863 2020 3135 3405 3407 
10864 2310 3136 2309 2143 
10865 3833 3136 2313 470 
10866 2311 2717 3029 3319 
10867 2639 2970 2092 3815 
10868 3027 3028 3453 2307 
10869 3200 333 2838 3664 
10870 451 3223 500 401 
10871 2552 333 322 484 
10872 2322 484 319 323 
10873 2322 2312 2311 2313 
10874 1970 349 3533 1963 
10875 3533 348 3223 2932 
10876 3533 1963 348 2932 
10877 377 2142 2143 1787 
10878 26 27 3956 2225 
10879 1787 375 377 379 
10880 1787 420 379 377 
10881 2713 2789 2029 2714 
10882 3664 2791 2789 3460 
10883 1962 3831 2473 3276 
10884 3108 2356 2355 1787 
10885 2713 371 2029 347 
10886 2213 2713 482 481 
10887 2713 475 371 347 
10888 3199 2832 2355 2210 
10889 2193 3481 3314 3591 
10890 2993 2345 2861 3368 
10891 3541 1873 1872 3823 
10892 3816 648 2769 671 
10893 2992 2994 2606 1067 
10894 2345 1183 1125 1105 
10895 3263 3391 3264 2746 
10896 2339 3198 3569 3529 
10897 2993 3569 2338 1074 
10898 3290 4037 4011 3291 
10899 2550 3542 3824 3426 
10900 3103 2512 3994 3754 
10901 3199 2832 22 528 
10902 2754 3726 3760 3849 
10903 3454 2358 2361 3455 
10904 2451 3951 2939 2454 
10905 3443 3742 3467 3275 
10906 2339 1074 2338 3569 
10907 3630 3753 2451 2814 
10908 2993 3356 2345 2338 
10909 3593 3784 3702 2611 
10910 3593 3845 2607 3702 
10911 2861 3355 3392 2345 
10912 4002 3681 4049 3572 
10913 2344 1132 2345 1183 
10914 3456 3569 3830 3595 
10915 2339 2338 1074 1105 
10916 3631 2338 3568 3529 
10917 3689 2453 2454 3951 
10918 1767 2428 2221 3116 
10919 2667 1658 1662 1621 
10920 2546 2547 2631 19 
10921 3331 3792 1919 3902 
10922 2746 2667 1149 1658 
10923 3604 3474 2778 3396 
10924 3427 2808 1132 1081 
10925 2220 26 904 90 
10926 2345 1183 1132 1065 
10927 2038 228 1489 1365 
10928 2807 2345 2861 3392 
10929 2345 1132 1196 1065 
10930 3926 2338 2345 3355 
10931 3263 3855 3535 3428 
10932 3357 1573 1646 1672 
10933 3631 3529 2339 2338 
10934 2808 1075 1059 1145 
10935 2807 3392 2808 2345 
10936 2417 1999 3992 3827 
10937 2905 2450 752 613 
10938 2178 1182 1175 1118 
10939 3926 2345 3392 3355 
10940 3427 2808 2345 1132 
10941 2808 1059 1877 1145 
10942 2010 84 892 85 
10943 2812 3506 2813 3508 
10944 3820 2860 2862 2861 
10945 2010 1879 2546 84 
10946 2010 85 2013 3693 
10947 3819 85 2013 86 
10948 1766 3116 1767 2221 
10949 4048 3031 2012 2011 
10950 3896 3183 830 851 
10951 3003 2564 2807 3052 
10952 3245 3817 131 132 
10953 3126 2009 1605 1604 
10954 2344 1106 2337 2004 
10955 2182 1876 2565 3052 
10956 1870 1171 1194 1156 
10957 3925 3240 2376 3679 
10958 3125 2930 1610 1609 
10959 3391 1649 1662 1612 
10960 2746 1040 1534 1658 
10961 2576 2667 1620 1660 
10962 3451 3010 2857 3979 
10963 3022 2376 3514 2008 
10964 3699 3792 3021 3902 
10965 2851 2293 1256 1264 
10966 3721 2753 3722 675 
10967 3396 1908 1907 1672 
10968 3244 3408 2658 595 
10969 4049 3681 4037 3572 
10970 4033 2261 2262 1948 
10971 648 2595 2769 2923 
10972 3396 1646 1908 1672 
10973 3997 3245 3651 3184 
10974 2433 2278 1599 1666 
10975 714 2450 713 743 
10976 2754 3849 3386 1880 
10977 1823 2787 1905 2502 
10978 2742 659 710 809 
10979 3396 3916 1907 3483 
10980 1907 1906 3396 3483 
10981 2628 1573 1568 1616 
10982 2062 1674 1677 1603 
10983 2651 1609 1611 1656 
10984 2651 1110 1656 1124 
10985 2651 1656 1611 1534 
10986 2651 1656 1534 1124 
10987 3091 2940 2945 2575 
10988 3391 1662 2746 1611 
10989 2663 1575 1572 1574 
10990 2667 1662 1649 1621 
10991 3642 1919 3902 3331 
10992 2667 1621 1649 1618 
10993 2667 1620 1621 1618 
10994 2746 1171 1040 1149 
10995 2746 2651 1040 1156 
10996 2746 1040 1171 1156 
10997 1870 2746 1171 1156 
10998 1088 1869 1078 2744 
10999 3451 3547 3264 2744 
11000 2746 2508 2651 1156 
11001 2576 2667 2666 3092 
11002 2183 1876 2182 2864 
11003 3047 2259 2709 2710 
11004 3330 2585 3007 3792 
11005 3360 3663 3579 1918 
11006 2252 1325 1166 1044 
11007 3700 3791 3764 3592 
11008 2490 3325 2301 3311 
11009 3748 1490 2039 1429 
11010 2047 2048 2284 3442 
11011 2407 1673 1633 1668 
11012 3308 2044 2045 2046 
11013 3058 3010 3546 3091 
11014 3641 3058 1088 1129 
11015 2743 3157 3190 2158 
11016 2666 2667 2278 1660 
11017 2195 2576 1619 1663 
11018 2293 1269 2438 1328 
11019 2333 1439 1433 1440 
11020 3452 2706 2747 3210 
11021 2285 1295 2284 1300 
11022 2945 2694 2940 3092 
11023 3047 2333 3309 3045 
11024 3264 2694 3391 2779 
11025 1870 1128 1127 1194 
11026 1870 2508 2746 1156 
11027 1870 1194 2508 1156 
11028 1870 2508 1194 1126 
11029 1870 1194 1127 1126 
11030 3125 2651 3917 2342 
11031 3263 2508 3604 3391 
11032 2581 1884 1883 2616 
11033 2178 2629 1175 1182 
11034 2155 3853 2122 2123 
11035 2851 2294 2293 2179 
11036 1080 2863 2437 1082 
11037 2863 3060 3010 2857 
11038 3210 2706 1878 3211 
11039 2177 1361 1763 1309 
11040 1917 1919 1918 2484 
11041 2438 1309 1763 1305 
11042 2438 1269 1309 1305 
11043 2438 1326 1269 1305 
11044 2438 1146 1174 1170 
11045 2743 3053 1139 2517 
11046 2851 1255 1253 1352 
11047 2754 3849 3988 3726 
11048 2754 3988 3849 2755 
11049 2411 1328 1205 1297 
11050 3351 1087 1089 1090 
11051 4014 2164 3701 3009 
11052 2050 3853 3863 2124 
11053 2270 3195 1159 1044 
11054 2293 2438 2411 1328 
11055 2843 1138 1093 1135 
11056 3059 3157 3351 2276 
11057 2293 1328 1296 1264 
11058 2162 1278 1279 1351 
11059 2064 1752 1751 1725 
11060 3351 1089 3546 2432 
11061 2043 1475 1462 1518 
11062 2729 1737 1700 1542 
11063 2517 1690 1726 1742 
11064 2750 1714 1731 1711 
11065 2517 1153 1690 1742 
11066 2492 2062 2160 3300 
11067 2517 1157 1185 1153 
11068 2430 1753 1311 1694 
11069 2252 1327 1266 1297 
11070 3351 3010 3546 1134 
11071 3057 3195 2270 2252 
11072 3195 2252 1138 1044 
11073 3055 1135 3195 2843 
11074 2252 1327 1298 1266 
11075 2395 2488 2394 2392 
11076 1752 1356 2064 1762 
11077 3057 1298 1263 1260 
11078 2252 1299 1298 1327 
11079 2064 1752 1762 1751 
11080 2430 2162 1279 1351 
11081 2430 1319 1214 1320 
11082 3057 2252 1298 1266 
11083 3195 1135 1136 1159 
11084 1136 2270 1159 1143 
11085 1136 2270 3195 1159 
11086 2270 1142 1159 1143 
11087 2270 1142 1050 1324 
11088 2270 1050 1142 1143 
11089 2270 1324 1050 1215 
11090 2270 1324 1320 1299 
11091 2270 1215 1320 1324 
11092 2430 1279 2270 1320 
11093 1160 1931 1046 1143 
11094 3053 1091 1139 1137 
11095 3053 1135 1091 1136 
11096 1928 1150 1696 1738 
11097 2430 3054 1931 2064 
11098 2743 2517 3015 2158 
11099 2725 1708 1709 1707 
11100 1926 3277 1927 1259 
11101 3055 2743 3053 1091 
11102 3054 2064 2270 1143 
11103 1933 1722 1723 1692 
11104 1933 1354 1278 1199 
11105 2839 1724 1758 1692 
11106 1933 1278 1354 1274 
11107 3008 3701 2750 3009 
11108 3308 1274 3277 2163 
11109 3499 2277 2907 3886 
11110 2291 1665 2407 1533 
11111 3058 3010 3451 2744 
11112 3442 2285 2052 2039 
11113 1488 2042 1210 1373 
11114 3322 2162 1927 3057 
11115 3592 2251 2903 1932 
11116 3308 1275 1281 1282 
11117 2410 1740 1736 1695 
11118 2726 1706 1717 1733 
11119 2725 3700 3764 2903 
11120 1931 1157 1046 1143 
11121 2157 1745 1931 1742 
11122 2517 1931 1157 1153 
11123 2487 1148 1184 1150 
11124 2517 1690 1741 1726 
11125 1931 1157 1153 1046 
11126 1931 1046 1153 1742 
11127 1931 1699 1046 1742 
11128 1931 1745 1699 1742 
11129 2157 1721 2251 1931 
11130 3351 2486 2743 1090 
11131 2433 1043 1102 1172 
11132 3307 2196 2250 2277 
11133 2855 2292 3060 2843 
11134 3700 3592 3764 2903 
11135 3055 1135 3060 1091 
11136 3053 2517 1157 1137 
11137 2517 1137 1185 1157 
11138 2517 1033 1185 1148 
11139 2517 1139 1148 1137 
11140 2517 1148 1185 1137 
11141 2394 1589 2196 1582 
11142 2729 1737 1757 1700 
11143 3055 3060 2743 1091 
11144 3351 1096 2486 1090 
11145 2392 2394 2431 2488 
11146 3499 3059 3500 2276 
11147 2487 1099 1122 1184 
11148 1928 1696 1150 1048 
11149 1928 3015 2487 1738 
11150 3351 2431 3546 2276 
11151 3351 3546 1089 1134 
11152 1929 1671 1631 1543 
11153 1671 2433 1631 1537 
11154 2726 3015 1928 1703 
11155 2433 1537 1178 1043 
11156 2431 2433 1176 1096 
11157 2433 1666 1599 1537 
11158 2433 1043 1176 1102 
11159 2392 2433 1669 1631 
11160 1671 2433 1929 1631 
11161 2433 1669 1631 1537 
11162 2433 1669 1537 1599 
11163 3072 2394 2250 1582 
11164 2729 1700 1930 1542 
11165 1928 1701 1696 1161 
11166 2719 2008 3514 3301 
11167 2725 2727 3700 2750 
11168 2694 3092 3391 2667 
11169 2392 2433 2486 2431 
11170 2726 2395 2729 2488 
11171 1592 2392 2394 1590 
11172 2392 1631 1590 1630 
11173 3015 1703 1741 1738 
11174 1928 1188 1930 1161 
11175 2392 2431 2486 2488 
11176 2271 3072 3885 2277 
11177 3615 1426 2040 3527 
11178 2195 1581 2250 2196 
11179 2195 2196 2577 1591 
11180 1895 1418 1896 1419 
11181 1527 2393 2435 1681 
11182 2435 1756 1717 1691 
11183 2273 1624 1583 1578 
11184 2617 1379 1465 1499 
11185 2729 1757 1702 1700 
11186 2729 1691 1717 1737 
11187 2726 3016 2395 2488 
11188 2392 1592 2729 1682 
11189 2393 3072 1628 1582 
11190 3072 2277 2250 2196 
11191 2393 1628 1592 1582 
11192 2754 2755 3849 1880 
11193 2750 1731 1714 1749 
11194 3072 3071 3885 2277 
11195 2725 1708 2750 1709 
11196 2435 1717 2395 1691 
11197 2393 1626 1681 1644 
11198 2394 2488 3071 2431 
11199 2271 2336 3885 2395 
11200 2410 1484 1379 1499 
11201 1499 2772 1461 1507 
11202 2409 2434 1740 1755 
11203 2754 3760 3450 3849 
11204 2435 1756 1739 1716 
11205 1755 2336 1716 1715 
11206 2435 1716 1739 1755 
11207 2043 1715 1740 1735 
11208 2434 1698 1740 1755 
11209 2336 2727 2435 1733 
11210 2410 1484 1378 1736 
11211 2668 1363 1746 1475 
11212 1654 2274 2434 1635 
11213 2743 1099 2486 2487 
11214 2290 1460 1447 1462 
11215 1461 1499 2043 2410 
11216 2197 1538 1661 1504 
11217 2486 2488 1928 1929 
11218 3764 3016 2158 3791 
11219 2336 1713 1708 1733 
11220 2290 2410 2043 2409 
11221 3072 2196 2394 3071 
11222 3499 3886 2907 3501 
11223 3700 2336 2727 3885 
11224 2394 3071 2196 2431 
11225 2289 3527 2040 1426 
11226 2903 1932 1734 1723 
11227 3528 2407 2291 1665 
11228 2291 1459 1501 1480 
11229 2273 1578 1583 1579 
11230 2197 1538 1657 1627 
11231 2197 1459 1505 1504 
11232 2197 1458 1505 1457 
11233 2197 1457 1505 1459 
11234 2272 3072 1583 1628 
11235 3528 2273 1578 1624 
11236 2728 1470 3525 1337 
11237 3393 1422 1457 1897 
11238 2271 2336 2272 2409 
11239 2617 1657 2197 1538 
11240 2617 1634 1657 1538 
11241 2617 1635 1657 1634 
11242 2617 1634 1465 1544 
11243 2617 1635 1634 1544 
11244 2617 1465 1634 1370 
11245 2410 1484 1736 1760 
11246 2410 2409 2434 1740 
11247 2408 2043 1715 1740 
11248 2393 3072 2272 1628 
11249 2408 1749 1714 1735 
11250 2408 2043 1749 1735 
11251 2336 1708 2750 2727 
11252 2043 1475 1526 1462 
11253 2408 2410 2043 1740 
11254 2051 1478 1446 1515 
11255 2470 3008 2471 3009 
11256 2051 1697 1747 1732 
11257 2668 1732 1689 1748 
11258 2668 1478 2051 1748 
11259 2668 1363 1478 1748 
11260 2668 1689 1363 1748 
11261 2470 2471 3393 3009 
11262 2906 3927 2944 2710 
11263 2056 1446 1430 1437 
11264 2053 2054 1318 1212 
11265 1515 2041 1437 2056 
11266 2041 1437 1483 1515 
11267 2046 1314 1362 1281 
11268 3047 3928 3927 2710 
11269 2041 1488 2053 1483 
11270 2754 3450 3386 3849 
11271 2839 1728 2046 1724 
11272 2839 2163 1932 1933 
11273 3308 2053 1282 1362 
11274 1933 1314 1692 1758 
11275 2839 1728 1724 1727 
11276 2053 1318 1336 1212 
11277 2289 2056 2040 2997 
11278 2054 1483 1380 1482 
11279 1488 2042 1373 1451 
11280 2050 3853 2124 2284 
11281 1283 2039 1342 2052 
11282 2052 1344 1283 1282 
11283 2052 1342 1344 1210 
11284 2042 2039 1490 1429 
11285 2041 1451 1483 1437 
11286 2052 1342 1283 1344 
11287 2754 3386 3450 3760 
11288 2050 2048 3853 2284 
11289 3748 1428 1490 1429 
11290 2155 3447 3853 2996 
11291 2047 3277 2285 2284 
11292 2772 2409 2274 2617 
11293 2040 2039 3442 2041 
11294 2124 1257 1256 1258 
11295 2719 3514 3302 3301 
11296 2289 1430 1463 1426 
11297 2164 1747 2045 1728 
11298 2123 3399 1253 2396 
11299 3308 2045 2044 3442 
11300 3499 3500 2907 2277 
11301 2903 1932 2251 1720 
11302 2736 3237 2892 2891 
11303 3059 2855 3791 3501 
11304 2040 2470 2997 3614 
11305 3614 2040 2048 2997 
11306 2995 2708 2259 1896 
11307 2771 3334 1859 1985 
11308 2851 1352 2177 1265 
11309 2995 3748 3615 1455 
11310 2995 3748 1455 1431 
11311 3614 2040 1428 3748 
11312 3451 2857 3010 3091 
11313 2259 2709 2708 2156 
11314 3047 2014 2015 2333 
11315 3309 2711 3045 2015 
11316 2995 1456 1491 1431 
11317 2469 2909 2907 3143 
11318 1817 1333 3525 1468 
11319 2995 1520 3390 1471 
11320 2122 1293 1254 1257 
11321 3525 1273 1339 1337 
11322 2858 1386 1385 1387 
11323 1510 1817 1509 1366 
11324 3614 2708 1896 2909 
11325 3525 1251 1267 1273 
11326 3525 1273 1333 1317 
11327 3525 1337 1468 1333 
11328 3525 1337 1333 1273 
11329 3525 1468 1470 1471 
11330 3525 1470 1468 1337 
11331 2332 2709 2259 2156 
11332 2153 2710 2708 2909 
11333 3390 3525 1817 2156 
11334 1859 1998 2334 1495 
11335 1817 3525 1317 1251 
11336 2153 2906 2947 2710 
11337 2155 2728 2996 2156 
11338 2690 2057 2396 1246 
11339 2851 3399 2177 1352 
11340 2057 2297 1816 2485 
11341 2863 1083 3010 1084 
11342 1417 1896 1418 1421 
11343 3022 3441 3856 3873 
11344 2736 3827 1999 3237 
11345 2946 3500 2907 2856 
11346 3641 1870 2745 1128 
11347 2329 2034 1506 1408 
11348 1895 1416 3070 1896 
11349 2736 1999 2892 3237 
11350 3351 1087 3060 1085 
11351 2772 1461 1507 1458 
11352 3306 3317 2908 2273 
11353 1253 2851 1352 3399 
11354 2368 1493 2160 1413 
11355 2063 1633 2407 1673 
11356 2736 3175 2738 3827 
11357 2492 3839 2160 2493 
11358 2368 1415 1500 1497 
11359 2944 2947 3699 3547 
11360 2063 1469 2407 1633 
11361 1895 1416 1896 1418 
11362 3528 1665 1587 1622 
11363 3528 2274 1624 1627 
11364 2291 2574 2571 2407 
11365 2368 2571 2407 1500 
11366 1895 1415 2368 2897 
11367 2449 2694 2628 2663 
11368 2896 3839 3424 2160 
11369 2332 1817 2690 2156 
11370 1895 2572 3070 2571 
11371 2062 1677 1674 1569 
11372 3528 2197 2291 3317 
11373 2407 1622 1584 1668 
11374 2291 1504 1501 1459 
11375 2407 1665 1622 1668 
11376 2407 1665 1668 1533 
11377 2574 1587 1578 1576 
11378 2628 2663 2694 1580 
11379 3614 2708 3143 2996 
11380 1897 3317 2291 1457 
11381 3393 1422 1424 1457 
11382 1895 1454 1416 1419 
11383 2291 2574 3306 2571 
11384 2063 1637 1673 1603 
11385 1895 1480 2407 1500 
11386 2063 1500 2407 1469 
11387 3061 3358 2007 3415 
11388 2063 1673 1584 1674 
11389 2449 2062 2719 2944 
11390 2063 1603 1673 1674 
11391 3307 2575 2196 2277 
11392 2063 2407 1584 1673 
11393 3210 2169 1763 3211 
11394 1917 2484 2483 1919 
11395 2266 1038 1203 205 
11396 2174 1069 3210 1167 
11397 2174 3210 3211 2169 
11398 2174 1167 3210 2169 
11399 2401 1291 2169 1332 
11400 2401 1290 1291 1332 
11401 2401 2174 3353 3211 
11402 2401 2169 2174 3211 
11403 2205 3657 2266 2204 
11404 2401 3353 2174 3423 
11405 2401 1109 207 1290 
11406 1917 1920 1919 3331 
11407 2400 2169 2401 3211 
11408 2400 2401 2169 1332 
11409 2400 3211 1763 2169 
11410 2400 1332 2169 1346 
11411 2400 1332 1346 1239 
11412 2400 1223 1332 1239 
11413 3452 2629 2747 3331 
11414 2815 3141 2090 2816 
11415 3030 1240 1276 1285 
11416 3030 1276 1763 1361 
11417 3030 1276 1361 1285 
11418 1917 1919 3399 3331 
11419 3502 1242 1234 1243 
11420 2228 3663 3030 2707 
11421 2799 1287 1349 1244 
11422 2228 2707 2400 2227 
11423 2228 2227 2400 1223 
11424 2228 1224 1223 1225 
11425 2228 2707 2801 3663 
11426 2688 596 829 99 
11427 2800 2396 1349 1240 
11428 2800 1349 1287 1240 
11429 2800 1240 1287 1225 
11430 2800 3663 2801 3360 
11431 1920 2705 2189 2706 
11432 2189 3352 2706 2705 
11433 2505 3910 2506 3790 
11434 3646 2447 89 88 
11435 2077 1829 3861 1830 
11436 2751 750 844 818 
11437 1920 3030 3663 2707 
11438 1920 2706 3030 2707 
11439 1920 2189 2707 3663 
11440 1920 2706 2189 2190 
11441 2181 3330 2184 2612 
11442 3452 1763 2177 3399 
11443 2855 3863 1925 3322 
11444 3642 2664 3699 1919 
11445 2181 2612 2184 2190 
11446 3168 3169 3118 3117 
11447 3725 869 96 5 
11448 2905 1782 3911 1880 
11449 3432 3433 3196 3202 
11450 1984 1986 2297 3365 
11451 3721 3565 2505 745 
11452 2248 2153 2946 2947 
11453 3322 1927 3863 1925 
11454 2736 3237 2738 3175 
11455 2595 657 710 659 
11456 3179 3206 3286 3287 
11457 2445 3316 2738 2580 
11458 2456 2403 2457 105 
11459 3648 1983 1995 3741 
11460 2736 3175 3828 3237 
11461 2797 3579 3360 3410 
11462 3870 2643 4021 2012 
11463 3579 3410 3663 3360 
11464 3720 1918 2189 2190 
11465 3720 2612 1918 2190 
11466 3158 3812 3510 3464 
11467 3720 2612 2613 1918 
11468 2820 3567 3908 2819 
11469 1829 2446 2077 2429 
11470 3452 2629 2178 3210 
11471 2177 1361 3030 1763 
11472 2295 2797 3578 2484 
11473 2177 1265 1361 1309 
11474 2176 2851 2249 3399 
11475 3452 2178 1763 1118 
11476 2153 3143 3863 2856 
11477 2176 3699 2248 2665 
11478 3865 3537 3654 3328 
11479 1783 615 630 613 
11480 3980 3601 3872 2570 
11481 2248 2247 2153 2123 
11482 2016 4036 4010 3779 
11483 2483 2249 2154 2396 
11484 3980 3006 3813 3659 
11485 3387 3512 3241 2460 
11486 2374 3022 2591 2593 
11487 3449 759 2450 743 
11488 2584 3280 3659 3281 
11489 2592 2581 2615 2616 
11490 3911 3790 3910 3565 
11491 3238 624 2915 768 
11492 1911 3487 2596 662 
11493 1877 2174 3350 1057 
11494 2642 3926 4048 4002 
11495 1869 2629 2180 1195 
11496 3021 2483 3928 3046 
11497 80 3017 3995 2950 
11498 1774 3315 837 730 
11499 2337 2339 1106 1105 
11500 2736 2445 3237 2891 
11501 3778 4010 4036 3779 
11502 3484 2017 719 703 
11503 3724 3912 3715 3992 
11504 2567 778 793 683 
11505 2083 3192 2077 3585 
11506 3811 3326 3325 1772 
11507 3040 3038 3795 783 
11508 2248 2947 2946 2665 
11509 3170 3488 3419 3168 
11510 2153 2709 2156 2708 
11511 2016 721 805 801 
11512 3021 2483 3600 1919 
11513 1882 1915 3562 2083 
11514 2450 3316 1914 814 
11515 1837 3330 3901 2594 
11516 2183 3861 2182 2565 
11517 2705 2538 2227 2539 
11518 3984 1886 3535 3474 
11519 3688 4021 2641 2192 
11520 2181 1918 2612 2190 
11521 2181 2864 3901 2747 
11522 3452 3210 2178 1118 
11523 3805 3650 3860 2565 
11524 3004 2641 3428 3392 
11525 3688 3870 2193 3690 
11526 2323 3361 599 735 
11527 4021 2455 2192 2194 
11528 3481 790 2373 3243 
11529 3452 1763 3210 1118 
11530 2629 1076 1078 1077 
11531 2629 1077 1175 1182 
11532 2587 1145 1877 1059 
11533 3263 1126 3427 2344 
11534 3452 3210 1763 3211 
11535 2629 1077 1078 1079 
11536 2629 1175 1077 1079 
11537 3608 1079 2744 1080 
11538 1127 1869 1195 1088 
11539 2437 1082 1079 1080 
11540 3641 3092 3091 2666 
11541 2437 1175 2178 1079 
11542 3452 2706 3210 3211 
11543 2743 3190 2517 2158 
11544 3352 2747 2706 1878 
11545 2183 3349 1876 1878 
11546 3352 3211 1878 2706 
11547 3352 3211 2706 2705 
11548 3557 3649 3558 2647 
11549 2821 1831 3361 2819 
11550 2183 1876 2747 1878 
11551 3349 1877 1878 3350 
11552 2189 3352 2190 2706 
11553 3349 3352 3350 1878 
11554 2587 1065 1196 1145 
11555 2587 1061 1065 1145 
11556 1877 3350 2174 1878 
11557 2536 2586 2537 1060 
11558 2445 2580 2738 3237 
11559 1875 1059 2808 1075 
11560 2808 2345 1132 1196 
11561 3349 1877 1876 1878 
11562 3349 1876 1877 2588 
11563 2808 1081 2180 1075 
11564 2808 1081 1075 1132 
11565 2808 1145 1196 1075 
11566 2808 1075 1196 1132 
11567 3948 3765 1835 1834 
11568 2323 3362 735 819 
11569 3271 2224 3559 3146 
11570 2427 2429 2565 3052 
11571 1766 903 24 25 
11572 2564 2427 2565 3052 
11573 2209 2210 3480 3135 
11574 3146 92 2225 28 
11575 2427 2565 2224 2566 
11576 2807 3051 2808 3392 
11577 2221 90 89 896 
11578 2220 2428 2223 3116 
11579 2076 2428 1767 2862 
11580 2807 2587 3368 2345 
11581 3590 2309 2306 2233 
11582 3820 3556 2566 2427 
11583 3004 3855 3901 2864 
11584 2076 2564 2428 2862 
11585 2587 1876 3368 2566 
11586 2587 2588 1877 1876 
11587 2587 2588 1876 2566 
11588 2537 2731 2822 3607 
11589 2587 1058 1061 1145 
11590 1056 2206 2537 1121 
11591 2537 2586 2229 1056 
11592 2536 1062 1060 1154 
11593 2586 2588 2731 3607 
11594 2586 2588 3607 3350 
11595 2229 1057 3350 1055 
11596 2229 2586 3350 1057 
11597 2586 2587 1058 1061 
11598 2536 1061 1060 1062 
11599 2586 1058 1060 1061 
11600 2586 1056 1060 1058 
11601 1121 2235 2537 1154 
11602 2027 2790 2791 3076 
11603 2736 3992 2892 1999 
11604 3352 3991 2183 3805 
11605 2229 3350 2586 3607 
11606 3349 1876 2588 2565 
11607 3725 869 2614 96 
11608 3459 3353 3352 2705 
11609 3588 3349 3948 3459 
11610 3459 3350 3352 3353 
11611 2730 3012 3582 99 
11612 604 2323 95 863 
11613 32 31 3666 3903 
11614 1835 2731 2224 2588 
11615 1835 3607 2731 2588 
11616 1835 2588 3349 3607 
11617 2565 1835 2588 3349 
11618 3087 2266 2401 2201 
11619 3596 898 2850 95 
11620 3588 3350 3349 3459 
11621 3554 2801 3663 3410 
11622 3893 2086 1922 3589 
11623 2084 2086 2204 3587 
11624 1833 1835 3589 3607 
11625 3761 3066 2115 3667 
11626 3893 3877 2203 3254 
11627 2074 3977 1922 2073 
11628 3590 3691 3692 3967 
11629 2244 2545 3603 5 
11630 3012 3013 100 953 
11631 3761 1842 2721 3066 
11632 2084 2822 2537 2206 
11633 2445 3316 751 813 
11634 2188 2823 2528 2822 
11635 32 31 898 3666 
11636 2084 3587 3588 3589 
11637 2142 548 467 406 
11638 3503 2352 2353 2549 
11639 2188 2822 1833 2073 
11640 2175 2305 30 29 
11641 3907 3765 3846 4009 
11642 1833 2224 1835 2731 
11643 2323 2819 3846 3557 
11644 3110 1921 3111 2087 
11645 3559 3146 3558 3649 
11646 1978 952 1977 34 
11647 2175 93 3146 897 
11648 2445 3316 2580 751 
11649 2230 2302 3737 3532 
11650 3596 1833 3531 2188 
11651 2140 3956 2242 28 
11652 2445 2739 2738 1784 
11653 3559 1835 1833 2224 
11654 3956 2225 905 28 
11655 2084 3589 2086 3587 
11656 2087 2822 2073 1922 
11657 3069 2073 2087 2822 
11658 2319 3014 2202 1353 
11659 2205 1038 1054 1055 
11660 2085 2087 2822 2823 
11661 2084 3657 2205 2204 
11662 2205 2206 1056 1121 
11663 3479 1115 1114 1113 
11664 3657 2084 2085 2204 
11665 2084 3589 3588 2229 
11666 2235 1154 1121 1114 
11667 3887 1844 2316 2085 
11668 3479 1112 3014 1113 
11669 2537 3607 2229 2586 
11670 2266 206 1109 1290 
11671 2206 1121 1054 1112 
11672 2206 1114 1121 1112 
11673 2822 2527 2537 2528 
11674 3613 1064 2994 1063 
11675 3613 1065 2345 3368 
11676 3613 3624 2993 2994 
11677 2536 2587 2586 1061 
11678 3613 3624 2994 2529 
11679 2116 2143 3135 2309 
11680 26 27 2225 904 
11681 2527 2536 2566 2731 
11682 2527 2528 2536 2537 
11683 2527 2537 2536 2731 
11684 2822 2527 2731 2537 
11685 2527 2224 2188 2731 
11686 2527 2224 2731 2566 
11687 2527 2529 2536 2528 
11688 3440 2225 2185 2187 
11689 2072 2073 2075 3531 
11690 3970 3069 2234 2528 
11691 3956 905 2225 27 
11692 3970 2527 2226 2188 
11693 3069 2188 2823 2528 
11694 2141 30 290 554 
11695 2445 2738 3316 1784 
11696 3665 2245 2074 2091 
11697 2608 2171 3806 2636 
11698 3068 2234 3806 2186 
11699 3479 1841 1844 3887 
11700 3970 2186 3069 2188 
11701 2354 1197 1151 1100 
11702 3970 2528 2527 2188 
11703 2677 2309 2308 2307 
11704 2833 2117 2142 3135 
11705 1974 431 510 427 
11706 3204 2542 3066 3122 
11707 2310 2678 2311 2313 
11708 2976 2721 3067 2877 
11709 2610 2021 2636 2173 
11710 2637 1942 3523 2720 
11711 3757 3222 2989 3566 
11712 2900 3413 2901 2598 
11713 562 2211 3999 296 
11714 2900 3335 2715 3412 
11715 3757 3066 2988 3204 
11716 2242 282 2233 555 
11717 290 2230 426 2141 
11718 3590 3532 2306 3738 
11719 2141 555 290 29 
11720 2738 3175 1798 3280 
11721 2140 2242 555 28 
11722 2524 408 2306 405 
11723 1975 2230 3737 3532 
11724 523 26 27 3956 
11725 2350 91 92 591 
11726 2225 27 905 91 
11727 2225 905 92 91 
11728 2225 92 905 28 
11729 3227 3266 3257 3228 
11730 3596 2175 3560 1833 
11731 3146 93 906 29 
11732 3146 93 29 897 
11733 3557 3805 3765 3650 
11734 3558 3649 3146 93 
11735 3191 2225 92 91 
11736 791 3481 3314 824 
11737 2175 94 95 3560 
11738 2185 2186 3531 2305 
11739 2738 3175 3280 3827 
11740 2175 30 94 897 
11741 2175 30 907 94 
11742 2597 2243 2116 402 
11743 2140 2305 3440 29 
11744 2523 3033 327 443 
11745 2243 468 2233 282 
11746 2243 551 468 282 
11747 2243 468 402 403 
11748 2243 468 551 402 
11749 2833 2142 2210 3135 
11750 2117 519 406 523 
11751 2117 402 2243 551 
11752 2117 402 551 406 
11753 2117 551 523 406 
11754 2116 382 383 402 
11755 2597 383 2116 381 
11756 2524 450 408 405 
11757 3136 380 470 384 
11758 2597 404 503 505 
11759 467 2116 382 2026 
11760 382 2026 378 467 
11761 3136 381 382 378 
11762 2116 383 382 381 
11763 2833 26 3406 25 
11764 2027 2714 2029 2789 
11765 2142 421 1787 420 
11766 2142 273 421 420 
11767 3257 2208 3468 3228 
11768 2712 3208 2790 2714 
11769 2833 519 2117 523 
11770 3108 553 422 528 
11771 2592 2615 2581 3421 
11772 2077 2083 1839 3192 
11773 3820 3625 3556 3116 
11774 1879 3693 1916 83 
11775 3561 3629 687 776 
11776 1838 2594 3279 2585 
11777 86 1774 1765 3819 
11778 2350 93 2647 864 
11779 3747 2635 777 860 
11780 3805 3991 4009 3458 
11781 2323 3362 3361 735 
11782 2919 3117 2922 3679 
11783 2323 3557 3558 2647 
11784 3861 2565 2429 3052 
11785 2220 26 2225 904 
11786 3629 715 3747 711 
11787 3191 2350 3385 92 
11788 2220 2428 2222 2429 
11789 2220 2221 1767 2428 
11790 3191 3385 2350 3649 
11791 2220 2221 2837 2225 
11792 3385 2446 2222 90 
11793 3385 2222 2446 2429 
11794 2337 1107 1183 1105 
11795 3649 3146 93 92 
11796 3271 3559 1835 3650 
11797 2323 2614 2820 604 
11798 2350 91 3385 92 
11799 3850 3760 606 587 
11800 1913 1882 2082 1915 
11801 1913 3628 2082 1882 
11802 2323 3558 3846 95 
11803 3386 2450 1881 636 
11804 3448 822 742 737 
11805 3907 2850 3765 1834 
11806 1913 2450 3449 3450 
11807 2323 2819 3361 3362 
11808 2820 3567 2819 3362 
11809 2323 94 3558 95 
11810 2183 2747 1876 2864 
11811 3512 3795 635 649 
11812 3315 3819 837 862 
11813 1999 793 628 631 
11814 3481 791 2373 858 
11815 2634 712 3139 777 
11816 3214 2320 313 445 
11817 3214 313 310 445 
11818 445 2969 308 3214 
11819 2092 3416 2094 3214 
11820 3062 457 3599 455 
11821 310 2094 308 309 
11822 3214 310 308 445 
11823 3034 2523 505 444 
11824 3034 3136 3833 384 
11825 3034 504 3833 2969 
11826 2969 306 304 321 
11827 2738 1798 2584 3280 
11828 445 2969 442 308 
11829 2969 306 442 308 
11830 2969 321 444 442 
11831 2969 306 321 442 
11832 2898 3011 3112 2367 
11833 3416 311 310 312 
11834 2638 448 1785 312 
11835 3416 313 2320 314 
11836 3416 313 314 312 
11837 3416 313 3214 2320 
11838 2092 2970 2659 3815 
11839 309 2095 317 1785 
11840 1785 2094 310 309 
11841 309 2095 1785 2094 
11842 2638 3250 1968 315 
11843 3028 3383 3319 2543 
11844 3673 2599 2659 3383 
11845 2310 2308 2677 2309 
11846 3028 3319 2311 3029 
11847 2310 3028 2312 2311 
11848 3034 2312 3833 3136 
11849 2312 2970 3028 2308 
11850 2312 3028 2970 2321 
11851 2312 2311 3028 2321 
11852 2322 2312 2321 2311 
11853 2522 2969 304 321 
11854 2597 403 2243 402 
11855 2310 2309 2677 2143 
11856 2026 2313 380 469 
11857 1781 1783 2580 3316 
11858 2026 380 376 469 
11859 378 3136 380 2026 
11860 2026 1787 376 377 
11861 2026 376 378 377 
11862 2026 2143 1787 377 
11863 2026 376 380 378 
11864 3833 469 2322 323 
11865 3833 3214 2969 445 
11866 3136 2143 2026 2116 
11867 3136 2143 1786 2026 
11868 382 2026 3136 378 
11869 2445 811 3237 2891 
11870 3136 381 2116 382 
11871 2306 3532 2233 407 
11872 2524 2308 2306 2307 
11873 2597 2309 3136 2116 
11874 2597 3136 2309 2308 
11875 1975 426 3532 407 
11876 2306 403 2597 404 
11877 2306 405 403 404 
11878 2306 407 2243 403 
11879 2306 407 403 405 
11880 2306 2309 2597 2243 
11881 2306 2243 2597 403 
11882 2523 2597 505 404 
11883 2523 505 434 404 
11884 2523 505 443 434 
11885 2968 3453 3011 2093 
11886 3034 2969 3833 2312 
11887 3112 304 2969 306 
11888 2523 2597 2306 2308 
11889 3590 3532 3714 2233 
11890 3691 2601 3692 3967 
11891 3590 2309 2677 2307 
11892 3737 3207 1974 1975 
11893 3691 2759 2601 3738 
11894 2522 3033 2523 321 
11895 2522 2312 2308 2970 
11896 2522 2969 2312 2970 
11897 2522 2523 3033 2525 
11898 2968 3011 3112 2093 
11899 2522 2308 2523 2525 
11900 3453 3383 3028 2543 
11901 3453 2308 3028 2970 
11902 3027 2543 3453 3028 
11903 3673 3011 2758 3453 
11904 3253 1843 3761 1842 
11905 1781 2584 1782 1784 
11906 2758 2759 3691 2525 
11907 2968 2367 303 3112 
11908 3011 3638 2061 3201 
11909 3011 2367 2061 3638 
11910 2646 436 1788 2898 
11911 3112 328 305 307 
11912 3112 435 2367 303 
11913 3112 305 435 303 
11914 2036 2060 2802 2071 
11915 3112 305 328 435 
11916 1788 509 441 439 
11917 2646 1788 436 437 
11918 2898 3112 3011 2093 
11919 2898 3011 2061 2093 
11920 2646 309 2095 446 
11921 1943 1944 3225 1945 
11922 2080 298 3225 278 
11923 4029 2367 2828 2366 
11924 3673 2541 1827 3638 
11925 2366 391 1840 530 
11926 1789 276 3073 2366 
11927 3225 299 301 432 
11928 3225 299 522 278 
11929 3225 522 299 432 
11930 2828 2827 3073 2829 
11931 2828 1788 1840 2061 
11932 1824 3871 2079 2532 
11933 2230 3532 1975 426 
11934 1788 509 2059 441 
11935 1840 2061 2898 2367 
11936 2738 2580 3175 3237 
11937 1989 3867 2656 2657 
11938 3943 3971 2792 2957 
11939 3418 2366 529 432 
11940 2817 3579 2818 3411 
11941 3348 3932 2971 3065 
11942 2366 530 276 529 
11943 2080 2830 297 287 
11944 3215 2367 3225 301 
11945 1943 1826 4029 1944 
11946 4029 1944 2367 3225 
11947 1944 3011 3638 2367 
11948 3518 3862 3932 2792 
11949 3204 3205 3067 2601 
11950 3252 3251 3111 3253 
11951 2505 2402 2507 750 
11952 3971 3874 2530 3496 
11953 3793 37 2079 2080 
11954 2081 1945 3207 2601 
11955 3140 2532 2825 3871 
11956 3665 2244 2091 1 
11957 2079 36 2080 37 
11958 2830 2759 2831 3207 
11959 2830 2831 2759 1945 
11960 2830 2759 3207 1945 
11961 3215 1944 2525 2759 
11962 2830 2831 3225 298 
11963 2830 3207 2081 1945 
11964 3793 522 38 278 
11965 3465 36 287 297 
11966 2302 3532 2141 2233 
11967 2231 431 1974 520 
11968 3737 2601 3691 3967 
11969 2244 1834 3907 2246 
11970 2230 1975 1974 427 
11971 3737 3967 3691 3738 
11972 2531 2825 3987 2089 
11973 3974 3496 2988 3204 
11974 3965 2990 3797 3944 
11975 2542 1827 3067 2978 
11976 105 2971 947 41 
11977 2236 1115 3479 2847 
11978 2230 2141 3532 426 
11979 4029 2828 2367 3638 
11980 2079 2080 3465 2081 
11981 2976 2978 2637 2877 
11982 2988 2990 3204 3854 
11983 3495 2530 3498 3518 
11984 3635 3717 2971 107 
11985 3971 3804 3498 2792 
11986 1887 2612 4017 2184 
11987 3397 1848 2661 3123 
11988 2971 106 3717 105 
11989 2533 40 3074 39 
11990 105 3074 954 104 
11991 3418 529 522 432 
11992 1777 1997 1778 3741 
11993 2756 2403 3790 838 
11994 3729 2540 1923 3333 
11995 1887 1838 1888 2585 
11996 3346 2826 3943 3949 
11997 3073 3418 276 40 
11998 2971 3348 947 3347 
11999 1989 3675 2865 3919 
12000 4019 3958 3900 2883 
12001 105 3074 104 2972 
12002 3163 3849 3988 2613 
12003 1935 3073 3347 2827 
12004 2689 2227 3730 2228 
12005 1813 3401 1814 1812 
12006 3932 3518 2792 2530 
12007 3099 109 3634 948 
12008 3235 1862 2793 2809 
12009 3347 3348 3932 2972 
12010 2189 2817 3720 3163 
12011 2795 1779 3401 3410 
12012 3759 606 3760 822 
12013 2531 103 945 39 
12014 2531 944 3987 2825 
12015 2457 946 104 103 
12016 3726 831 102 103 
12017 3174 1799 4016 755 
12018 2088 3518 2531 2825 
12019 3140 2793 2089 2825 
12020 2817 3410 2090 2801 
12021 3579 2189 1918 3663 
12022 2817 2189 3579 3410 
12023 3448 739 822 737 
12024 3449 1913 716 714 
12025 2402 840 585 105 
12026 3450 3785 3567 3849 
12027 2817 3410 3579 3411 
12028 2756 103 3726 2403 
12029 2754 3988 2757 3726 
12030 35 36 3013 953 
12031 3448 596 739 829 
12032 1811 2088 1814 3862 
12033 2531 2825 3518 2532 
12034 1887 1889 4017 2612 
12035 2531 103 39 946 
12036 2088 3862 3518 1814 
12037 2506 2757 3790 2755 
12038 612 3565 1797 744 
12039 3790 838 839 741 
12040 3463 1798 1797 1799 
12041 3980 3006 3872 3601 
12042 3579 3007 1918 2613 
12043 3163 3988 3579 2613 
12044 2795 2797 2796 3360 
12045 3202 788 3437 848 
12046 2795 2798 3305 2468 
12047 3788 2958 3993 3958 
12048 4023 1976 3333 1863 
12049 2795 3741 3648 2468 
12050 3554 2707 3730 2539 
12051 3012 99 98 952 
12052 3012 2089 3013 3141 
12053 3759 606 822 596 
12054 3785 3582 2815 2818 
12055 3449 2450 714 743 
12056 1813 2904 2793 1814 
12057 3450 3386 636 742 
12058 1880 3450 1881 1889 
12059 3163 3579 3988 2818 
12060 3990 3583 4009 3908 
12061 4017 3567 3908 2612 
12062 3352 3981 3805 3349 
12063 2643 3870 4021 3688 
12064 3596 3666 2091 898 
12065 3458 2189 3352 3584 
12066 3583 2687 3725 3603 
12067 3990 3725 2687 2614 
12068 1783 614 1797 616 
12069 1828 2635 2634 3747 
12070 4017 3628 3567 1889 
12071 2184 3861 3805 3860 
12072 37 36 3013 2079 
12073 2189 2817 3163 3554 
12074 3765 1834 3560 1835 
12075 759 3450 742 737 
12076 2730 3141 3012 1860 
12077 2183 3352 3349 1878 
12078 3553 2539 3458 2705 
12079 3584 3352 2190 2189 
12080 3991 2190 2184 2612 
12081 3163 2612 3584 3908 
12082 3584 3991 3908 2612 
12083 2072 3903 3666 3531 
12084 3981 3553 3583 3907 
12085 3805 3991 2183 2184 
12086 1829 2077 3861 2429 
12087 3860 3650 3649 2565 
12088 3860 2429 3861 2565 
12089 3332 3583 3725 3603 
12090 3805 2183 3352 3349 
12091 2183 2565 1876 3349 
12092 3991 3805 3352 3458 
12093 3557 3765 3805 4009 
12094 3560 1834 1833 1835 
12095 2323 599 2647 94 
12096 3990 3846 2323 2819 
12097 3893 1922 2086 1923 
12098 1887 1882 1888 1838 
12099 3981 3907 3765 1834 
12100 3559 1835 3560 1833 
12101 3191 3385 2225 91 
12102 3990 2820 2819 2614 
12103 3449 714 716 717 
12104 3558 3560 94 2175 
12105 2730 2815 3141 1860 
12106 3558 93 2647 3649 
12107 3558 2647 93 94 
12108 2091 5 96 891 
12109 3110 3111 3251 2075 
12110 2730 1977 3012 98 
12111 4046 1976 3877 3333 
12112 1887 2184 4017 1830 
12113 2074 2087 2075 2073 
12114 2091 891 32 1 
12115 2091 5 891 1 
12116 2538 3588 3893 3589 
12117 3666 2091 3977 1834 
12118 1832 1923 2538 2246 
12119 3666 32 3903 1 
12120 3110 3875 3252 3111 
12121 2244 2245 1923 3333 
12122 3893 2203 3087 3254 
12123 3729 2539 3730 2227 
12124 3353 3087 3423 2401 
12125 3087 2203 2201 3088 
12126 1832 2245 2244 1834 
12127 2705 2538 3353 2227 
12128 3877 3875 2203 3224 
12129 2245 3977 2091 1834 
12130 2545 950 5 1 
12131 2072 3531 3666 2073 
12132 2545 33 950 1 
12133 295 2231 2230 3089 
12134 1975 427 426 408 
12135 1975 427 408 428 
12136 1975 450 428 408 
12137 1975 3738 2306 3532 
12138 3737 3738 1975 3532 
12139 2140 29 3440 28 
12140 2302 3714 3532 2233 
12141 3814 3965 2231 3089 
12142 3737 3738 3532 3967 
12143 1887 2612 2184 2594 
12144 3737 1975 3738 3207 
12145 2231 33 540 34 
12146 3007 1887 2585 2594 
12147 3252 2990 2989 3366 
12148 3713 2304 3068 2186 
12149 3814 2544 3797 3366 
12150 2544 951 1977 33 
12151 30 2303 3531 31 
12152 3531 2073 2188 1833 
12153 1976 3218 2544 3876 
12154 2319 2202 3014 2316 
12155 3440 2225 3956 28 
12156 3531 2073 2186 2188 
12157 3814 33 560 540 
12158 2075 1842 1844 3111 
12159 2230 2231 1974 3737 
12160 2302 3967 3590 3714 
12161 34 3944 3465 520 
12162 3207 3944 2601 3737 
12163 34 3944 520 2231 
12164 2610 2637 3523 2173 
12165 2072 3069 2186 3531 
12166 2687 3603 2688 98 
12167 2305 2230 2302 2303 
12168 2077 1828 2083 3585 
12169 34 3465 3797 1978 
12170 3205 3944 3737 2601 
12171 3814 33 2231 34 
12172 3944 3737 2231 3965 
12173 2977 3590 3692 3967 
12174 1861 3236 3730 2801 
12175 1825 1826 2541 3638 
12176 3205 3737 3944 3965 
12177 3944 1974 2081 520 
12178 3252 3218 3877 3366 
12179 2140 29 2141 2305 
12180 1842 1843 2721 1841 
12181 2319 2318 3014 1353 
12182 3068 2976 2636 1841 
12183 3027 2677 2310 2307 
12184 3593 3784 3783 3702 
12185 4043 3666 3903 1 
12186 4046 2244 2545 3333 
12187 1813 1812 2458 2467 
12188 3943 2792 3971 2530 
12189 1976 3876 2544 2545 
12190 3110 3251 4043 2075 
12191 2202 2315 2203 2204 
12192 3757 2990 2988 2989 
12193 2793 3236 1814 2904 
12194 1825 2541 1827 2542 
12195 3495 3871 2988 3854 
12196 3068 3069 1844 2234 
12197 3495 3518 3498 2793 
12198 1842 3761 3757 3066 
12199 1976 3333 2545 3603 
12200 2096 2113 2241 1268 
12201 2989 3566 3222 3224 
12202 3797 3251 2990 3965 
12203 3757 3761 2315 3222 
12204 3495 3497 3669 3498 
12205 2990 3944 3205 3854 
12206 3495 2793 3498 3669 
12207 3730 3254 2227 2809 
12208 3566 2112 3497 3667 
12209 1863 3254 2809 3224 
12210 3730 2801 2228 2707 
12211 2817 3554 2189 3410 
12212 100 101 3013 3987 
12213 1828 3585 3629 2083 
12214 2801 3554 3663 2707 
12215 2705 2189 3553 3554 
12216 35 36 3465 3013 
12217 3218 3366 2989 2991 
12218 3218 2991 2989 3224 
12219 1862 1863 3218 1860 
12220 2989 1862 3495 3566 
12221 3087 2227 2201 2401 
12222 2244 2850 2091 5 
12223 1842 2990 3251 3205 
12224 2084 3607 2537 2822 
12225 3877 3254 1863 3224 
12226 4046 2545 1976 3333 
12227 3981 3805 4009 3458 
12228 2086 2085 3111 2087 
12229 2074 1922 2087 2073 
12230 2815 3582 2816 2818 
12231 2539 2227 2705 2707 
12232 3555 3332 4023 3603 
12233 2538 3087 3893 3587 
12234 3583 3555 2688 3603 
12235 3110 3252 3876 3366 
12236 2203 2086 2204 2315 
12237 3729 3254 3730 2809 
12238 2539 3459 2540 3458 
12239 2539 3459 3458 2705 
12240 1828 3747 3629 3585 
12241 1832 2538 1923 3589 
12242 3981 3553 3907 2540 
12243 3981 2246 3907 1834 
12244 2801 3554 2707 3730 
12245 3012 3013 3582 100 
12246 3729 1863 3254 2809 
12247 3448 737 736 739 
12248 3729 3087 2540 2227 
12249 3729 3730 3254 2227 
12250 3221 1315 1284 1316 
12251 4023 3603 2730 2815 
12252 1814 2090 3401 3236 
12253 2801 2689 3730 2228 
12254 2266 2401 2201 1221 
12255 3140 2089 3013 2825 
12256 2089 1814 2793 3141 
12257 1861 2090 1814 3236 
12258 2817 2818 2816 3411 
12259 2817 3579 2189 3720 
12260 2730 3582 2688 99 
12261 2817 3410 2801 3554 
12262 2635 2350 3361 864 
12263 3235 3669 3119 2794 
12264 105 2971 41 2972 
12265 4023 2540 3553 2539 
12266 2531 2533 39 38 
12267 4043 3814 3903 3089 
12268 1828 2446 3747 3585 
12269 1976 2544 1978 1977 
12270 1828 2082 1830 2083 
12271 2817 2816 2090 3411 
12272 3012 98 1977 952 
12273 3658 1812 1813 2467 
12274 2801 3730 2817 3554 
12275 4023 1860 1976 1863 
12276 2801 3730 2090 2817 
12277 3401 2090 3410 2801 
12278 3401 3410 1779 2801 
12279 3401 3410 2090 3411 
12280 1813 2904 3637 2794 
12281 3401 3411 3478 3410 
12282 3401 3478 3411 1812 
12283 1828 1830 2082 1831 
12284 1812 3401 2090 3411 
12285 3119 1231 1229 1227 
12286 2904 1779 3637 1780 
12287 2904 1780 3637 2794 
12288 2904 1779 3401 3637 
12289 2904 3401 1779 3236 
12290 1777 2904 3119 2794 
12291 1777 1779 3119 2904 
12292 3943 3949 2826 3874 
12293 1828 1830 1829 2446 
12294 2088 2089 2531 3987 
12295 3074 2457 2972 3862 
12296 1811 3411 2090 2816 
12297 3850 101 3987 102 
12298 1862 1860 3140 3141 
12299 2988 1824 3495 3854 
12300 2112 3802 3804 3968 
12301 2826 3638 2541 3397 
12302 2971 3717 2467 2458 
12303 3498 2793 3518 2792 
12304 1943 2533 3418 2827 
12305 1824 2079 2081 1945 
12306 4029 3418 3225 2366 
12307 2533 3418 40 39 
12308 1813 2904 3401 3637 
12309 2793 2794 2792 3669 
12310 1861 1814 2793 3236 
12311 3218 3140 1860 1978 
12312 2531 2825 38 944 
12313 3013 3871 2079 3796 
12314 2531 38 102 944 
12315 3235 3221 3566 3224 
12316 3140 1978 3012 1860 
12317 3119 3236 2904 1779 
12318 3119 3236 1779 1227 
12319 2227 1223 1224 3088 
12320 3221 2203 3088 1316 
12321 2689 3730 2227 2809 
12322 3235 2794 2793 3669 
12323 3119 1229 1228 1227 
12324 3235 2904 2793 2794 
12325 3119 1228 1226 1227 
12326 3804 2112 3669 3803 
12327 3803 1232 1228 1230 
12328 3803 1228 3119 1229 
12329 3803 1228 1229 1230 
12330 2801 2689 3236 3730 
12331 2689 3236 3730 2809 
12332 2634 3139 1913 2082 
12333 2689 2228 2801 1224 
12334 2112 1228 1232 1315 
12335 2689 1226 1222 1224 
12336 2201 2203 2202 1316 
12337 3893 3877 3729 1923 
12338 3254 3221 2203 3088 
12339 2266 1109 206 1038 
12340 3235 2112 3566 3221 
12341 1228 3235 1226 3221 
12342 3221 1226 1228 1315 
12343 3221 3088 1226 1316 
12344 3221 3224 3222 3566 
12345 3221 1226 1315 1316 
12346 3014 2318 1113 1141 
12347 2202 1219 1207 1053 
12348 2634 3361 2635 1831 
12349 2202 1207 1348 1353 
12350 2315 3252 3222 3224 
12351 2202 1219 1348 1207 
12352 2202 2315 2204 2316 
12353 1219 1348 2201 2202 
12354 2201 2227 3088 1221 
12355 2538 3893 3588 3587 
12356 3087 3254 3088 2227 
12357 2201 3088 2203 1316 
12358 2201 1222 3088 1316 
12359 2201 1220 1222 1316 
12360 2201 1221 3088 1222 
12361 2201 1221 1222 1220 
12362 2266 2202 3657 1053 
12363 2976 2877 2637 2720 
12364 1842 2976 1841 3067 
12365 3479 2847 1113 2318 
12366 3665 1921 2074 2245 
12367 3252 2989 3218 3366 
12368 1921 2074 3977 1922 
12369 3014 1112 3657 1042 
12370 2244 3725 2850 5 
12371 3893 2204 3587 2203 
12372 4023 3729 2540 2539 
12373 3332 3907 2244 3725 
12374 3087 3587 2201 2203 
12375 2201 2266 1219 2202 
12376 3657 1053 1042 1112 
12377 2084 2822 3589 3607 
12378 3657 2206 1054 1112 
12379 3657 1054 1053 1112 
12380 3657 2202 2204 2316 
12381 3814 32 3089 560 
12382 2319 3222 2202 2316 
12383 3014 1207 2202 1353 
12384 3014 2202 3657 2316 
12385 3014 1042 3657 1053 
12386 3014 1042 1053 1207 
12387 1844 3479 2316 1843 
12388 2847 1116 1120 1115 
12389 2847 2318 1116 1113 
12390 2847 1116 1115 1113 
12391 3530 3068 3067 3967 
12392 2232 1954 1979 2847 
12393 2844 2103 975 976 
12394 2103 2107 2106 2104 
12395 3479 2085 3657 2206 
12396 3479 3657 2085 2316 
12397 3479 3014 3657 2316 
12398 3479 2206 3657 1112 
12399 3713 3068 2636 3806 
12400 1121 2235 2206 2537 
12401 1841 2721 2720 1843 
12402 3970 2234 3069 2186 
12403 2170 1062 2994 2529 
12404 2526 2171 2529 2528 
12405 2789 2712 2714 2713 
12406 3242 3598 3505 3241 
12407 3970 2187 2186 2188 
12408 2170 2606 2172 3938 
12409 2170 1068 1064 1164 
12410 2236 1120 2847 1954 
12411 2608 2636 2173 2171 
12412 2975 2637 2977 2976 
12413 3713 2636 2977 2021 
12414 3530 1842 3251 3205 
12415 2105 2636 2173 2419 
12416 2171 2234 2105 2528 
12417 2170 2529 2528 1062 
12418 3370 1953 1165 1120 
12419 3370 1165 1177 1120 
12420 3105 3523 2419 2173 
12421 3370 1954 1953 1120 
12422 2235 2528 2823 2537 
12423 2236 2847 1120 1115 
12424 3370 2105 1177 1187 
12425 2354 148 960 1008 
12426 3105 2720 1979 2419 
12427 3370 2173 2419 2105 
12428 2114 1277 1335 1238 
12429 1979 1015 1954 995 
12430 1979 1015 995 991 
12431 1979 989 1015 991 
12432 3105 1953 1979 996 
12433 2354 1197 2352 1953 
12434 3503 3105 2352 3523 
12435 3503 2352 2551 3523 
12436 3105 1011 988 975 
12437 3105 996 988 1011 
12438 2232 1954 1934 995 
12439 2232 1979 995 991 
12440 2232 2125 1979 991 
12441 964 2232 995 991 
12442 2634 3139 3747 777 
12443 2634 3747 2635 777 
12444 2232 995 1934 964 
12445 2232 1286 1934 2318 
12446 2232 1934 2847 2318 
12447 2232 2318 2847 1843 
12448 1939 1940 990 992 
12449 2241 1340 1286 1268 
12450 2113 2115 3066 2876 
12451 2241 1340 1850 2125 
12452 1939 2721 2113 2241 
12453 1939 2232 2720 1843 
12454 1940 2066 990 1004 
12455 1940 990 993 1004 
12456 1940 1850 993 992 
12457 1940 993 990 992 
12458 1940 1941 1942 2066 
12459 2821 3649 1829 3860 
12460 3068 1841 2636 2234 
12461 2419 3523 2637 2173 
12462 3068 2977 3067 3967 
12463 2419 3523 2720 2637 
12464 2758 3692 3691 1827 
12465 2758 3453 2307 2543 
12466 2758 2307 3692 2543 
12467 4029 3874 2826 1826 
12468 2758 1827 2543 2978 
12469 2758 3692 1827 2978 
12470 2758 2543 3692 2978 
12471 3414 3468 3228 3784 
12472 3405 2117 3407 3135 
12473 2821 2819 3361 2647 
12474 2636 2720 2637 2419 
12475 3593 3594 3595 3830 
12476 3937 3208 3467 3275 
12477 3713 2020 2019 2021 
12478 933 3506 2 1866 
12479 2609 2172 2352 2549 
12480 3414 3594 3367 3595 
12481 2221 26 90 896 
12482 2900 2978 2975 2543 
12483 3027 3028 3319 2543 
12484 3414 3367 2606 3595 
12485 2610 2551 3937 2611 
12486 3068 1844 3069 2075 
12487 3252 3877 3218 3224 
12488 3067 3692 2601 3967 
12489 3673 1944 2758 3011 
12490 3067 2978 1827 3692 
12491 3067 3692 1827 2601 
12492 3974 3971 3498 3496 
12493 3713 2019 3806 2021 
12494 2636 2720 2976 2637 
12495 1841 1844 3887 2234 
12496 1841 2721 2976 2720 
12497 3673 3011 2659 3201 
12498 3713 2020 2977 3714 
12499 2636 2105 2234 2419 
12500 1987 2619 48 561 
12501 3740 3077 2114 3968 
12502 2821 3361 2350 2647 
12503 1941 3382 2382 2390 
12504 3943 3971 3949 3874 
12505 3943 2826 2827 3874 
12506 2130 3740 2115 3122 
12507 1824 3793 2080 1945 
12508 2541 2542 2599 2543 
12509 3794 3121 2128 3786 
12510 2542 2978 3067 2877 
12511 2542 2599 2978 1941 
12512 2542 1941 2978 2877 
12513 2112 1235 2114 1236 
12514 2112 3077 1235 1230 
12515 1315 2112 1241 1232 
12516 1236 2096 1241 1268 
12517 2112 3566 3221 3667 
12518 2096 2319 3761 3222 
12519 2113 1289 2241 1268 
12520 2112 3802 3077 1230 
12521 2112 3667 3221 1315 
12522 1939 992 990 991 
12523 3066 2877 3067 2721 
12524 3066 2542 2877 2876 
12525 3066 2877 2721 2876 
12526 2096 3222 3221 1315 
12527 2112 2115 2096 2113 
12528 1939 2125 992 991 
12529 2113 1850 2241 1289 
12530 2114 1289 2113 1236 
12531 3253 1844 2316 1843 
12532 3253 2316 2319 1843 
12533 3111 2085 1844 2087 
12534 3757 3252 2989 3222 
12535 2315 3222 2202 2203 
12536 2114 1335 1289 1236 
12537 2128 3740 2317 2131 
12538 2114 2131 1277 1238 
12539 2114 1850 1350 1277 
12540 2439 2874 1441 1517 
12541 1845 1432 1443 1441 
12542 3077 2883 1238 1237 
12543 3077 1238 1235 1237 
12544 3077 3802 2883 1237 
12545 3787 3900 4019 4022 
12546 2382 2130 1941 2390 
12547 2114 1850 2113 1289 
12548 1350 2114 1335 1289 
12549 2114 1277 2131 1850 
12550 2114 3077 2131 1238 
12551 2132 1790 1801 1802 
12552 2882 2378 2514 2442 
12553 2378 2883 1271 1238 
12554 2378 1271 1272 1238 
12555 2384 2514 2379 2381 
12556 2130 2114 2131 2876 
12557 2378 1334 1272 1271 
12558 3073 3074 3347 2827 
12559 2317 2883 2378 3077 
12560 2317 3077 2378 2131 
12561 2317 2440 2378 2442 
12562 2317 2442 2378 2883 
12563 2317 2131 2378 2440 
12564 3160 2657 2656 1996 
12565 1808 2442 2874 2521 
12566 2519 3794 3758 2441 
12567 2515 541 64 561 
12568 3758 2704 1802 2442 
12569 2518 2867 2520 2444 
12570 3740 2883 2317 3077 
12571 3740 2883 3077 3802 
12572 2496 602 850 854 
12573 1789 3707 3706 533 
12574 3740 3802 3077 3968 
12575 3216 3063 2598 2390 
12576 3216 2128 3123 2129 
12577 3740 3077 2317 2131 
12578 3327 3804 2957 2958 
12579 2675 2130 3216 2599 
12580 3943 2826 2829 2827 
12581 1937 2957 4022 3804 
12582 4029 2828 2826 2827 
12583 3675 3634 3099 3919 
12584 3675 3099 948 110 
12585 2060 1849 2069 2071 
12586 3794 3121 4019 2128 
12587 3397 1848 1849 2661 
12588 3397 1849 3473 2059 
12589 2659 2675 3201 2661 
12590 4029 2367 2366 3225 
12591 3656 492 496 412 
12592 2129 3063 2674 2390 
12593 3973 2660 3826 2024 
12594 3121 3397 2722 3949 
12595 2675 2541 2130 2599 
12596 1846 2579 1847 2070 
12597 2441 2385 2129 2386 
12598 1941 3382 1940 2382 
12599 3063 2901 1805 2984 
12600 3931 2200 3005 3438 
12601 3786 3123 2129 2674 
12602 2150 2516 2515 2443 
12603 2385 1803 1804 1805 
12604 3246 3131 3866 3138 
12605 3780 2346 3457 3064 
12606 2150 2443 1846 2516 
12607 4030 2441 2347 2386 
12608 4030 2347 2442 2521 
12609 2422 2269 2267 2268 
12610 3644 2964 3810 3840 
12611 2966 2478 2200 2198 
12612 3621 3800 2966 4030 
12613 3246 3064 3063 2885 
12614 2966 2200 3344 2198 
12615 2516 541 2443 545 
12616 3973 2071 2660 2024 
12617 3521 113 917 49 
12618 1803 2385 2129 1805 
12619 3457 2385 3800 3063 
12620 3621 4030 2966 3564 
12621 3403 524 281 557 
12622 58 3660 3931 3403 
12623 2884 3383 2886 3815 
12624 2884 1815 3383 3815 
12625 2092 2970 2094 2093 
12626 2884 1815 2640 1794 
12627 2701 3844 2954 3482 
12628 2701 3826 2884 1815 
12629 3922 3131 3106 3906 
12630 3063 2390 2901 2598 
12631 3063 2390 1805 2901 
12632 1805 2129 3063 2385 
12633 2382 2131 2130 2129 
12634 2129 2674 2385 3137 
12635 3121 3794 3787 3786 
12636 3786 2674 3345 1848 
12637 2675 3122 2541 3949 
12638 2132 2882 1790 1802 
12639 2129 2131 2317 2440 
12640 3382 998 2380 1000 
12641 2821 1829 1831 3860 
12642 2441 2317 2129 3137 
12643 2441 2129 2317 2440 
12644 2441 2440 2317 2442 
12645 1800 2874 1512 1442 
12646 2441 2386 2129 2440 
12647 1790 1517 1467 1372 
12648 2130 2542 2876 1941 
12649 2382 2381 1940 1850 
12650 2382 1850 2114 2131 
12651 3382 2066 2390 1941 
12652 2382 2114 1850 2876 
12653 2382 2131 2114 2876 
12654 2382 1941 2130 2876 
12655 2382 1939 1941 2876 
12656 1939 2877 2721 2720 
12657 2382 2130 2131 2876 
12658 2514 2381 1277 1355 
12659 994 3382 997 998 
12660 3382 2380 1803 1000 
12661 1803 2067 1000 1001 
12662 2387 2671 2098 3435 
12663 2388 2389 2097 1806 
12664 1803 2383 2811 1002 
12665 1803 1000 2380 2383 
12666 3382 993 994 997 
12667 1803 2390 2380 2067 
12668 1803 1805 2390 2067 
12669 2514 1272 2378 1334 
12670 2514 1322 1272 1334 
12671 2514 1211 2379 2381 
12672 2514 2379 1211 1322 
12673 2441 2347 2439 2442 
12674 2439 1382 2379 1218 
12675 2514 1303 1322 1334 
12676 2514 2379 1322 1218 
12677 2514 1322 1303 1218 
12678 2384 2440 2380 2386 
12679 2384 1803 2380 2383 
12680 2439 2384 1845 2386 
12681 2439 1441 2874 2347 
12682 2384 2383 2380 2379 
12683 1845 1375 2383 1443 
12684 1845 2383 1375 1503 
12685 1845 1375 1443 1503 
12686 1845 1432 1503 1443 
12687 1790 1800 1802 2874 
12688 2882 2514 2378 1334 
12689 2347 1432 1845 1441 
12690 2347 1405 1432 1441 
12691 2347 2521 1405 1442 
12692 2347 1405 1441 1442 
12693 3113 2098 3114 2389 
12694 1396 3522 1399 1394 
12695 1956 1399 1400 1396 
12696 3312 1956 1955 1399 
12697 1958 1959 3380 52 
12698 1956 1399 1498 1400 
12699 1955 1396 1479 1392 
12700 3312 3800 1804 1806 
12701 1955 1399 1956 1396 
12702 3149 3939 1955 3869 
12703 3312 1806 3247 3800 
12704 1955 3985 3869 3564 
12705 3780 2583 3931 2200 
12706 3800 1805 2385 1804 
12707 3800 1806 1805 1804 
12708 3621 2347 1955 1956 
12709 3113 3114 2098 1436 
12710 2148 2582 3162 2149 
12711 3621 2347 1956 1804 
12712 3312 2685 3840 3697 
12713 3249 3716 3884 2424 
12714 3746 1802 2132 2166 
12715 2967 3939 3869 3564 
12716 4030 2442 2347 2441 
12717 3621 3800 4030 1804 
12718 3403 58 524 517 
12719 3941 4 3476 3619 
12720 2967 3564 3869 3985 
12721 4030 2385 2478 3137 
12722 2385 2441 4030 2386 
12723 4030 2385 2386 1804 
12724 3312 3800 3621 1804 
12725 4030 2347 1804 2386 
12726 2385 2441 3137 4030 
12727 1987 2515 2619 561 
12728 2518 2198 2478 3563 
12729 3219 3564 3939 2521 
12730 3563 4030 2521 3564 
12731 3563 2521 3939 3564 
12732 2519 2441 4030 3137 
12733 2519 3794 2441 3137 
12734 2519 3563 4030 2521 
12735 2519 4030 2442 2521 
12736 2519 2442 4030 2441 
12737 2519 2442 2441 3758 
12738 1808 2960 1810 2121 
12739 1808 2960 2121 2875 
12740 1808 3563 1810 2519 
12741 1808 3563 2519 2521 
12742 2874 2442 2347 2521 
12743 2439 2514 2440 2442 
12744 2439 1845 2379 1443 
12745 2439 1441 1845 1443 
12746 2439 1441 1443 1467 
12747 2439 1443 1382 1467 
12748 2439 1441 2347 1845 
12749 2439 2347 2874 2442 
12750 2439 1303 2514 1334 
12751 2439 1382 1303 1467 
12752 2882 1345 1271 1329 
12753 2882 1334 2378 1271 
12754 2882 1345 1334 1271 
12755 2882 1334 1345 1206 
12756 2882 2883 2378 2442 
12757 2882 2883 2442 2704 
12758 2882 2442 1802 2704 
12759 1372 1801 1512 1383 
12760 1790 2882 2442 1802 
12761 1790 2442 2874 1802 
12762 1345 2132 1270 2704 
12763 3668 3745 4007 3848 
12764 1800 2875 2874 1442 
12765 1801 1288 1360 1347 
12766 1384 2165 1367 1801 
12767 1801 1360 1367 1383 
12768 1801 1372 1790 1347 
12769 2821 3649 3557 2647 
12770 1801 1372 1347 1383 
12771 1372 1801 1790 1512 
12772 1801 1347 1360 1383 
12773 3952 3 2774 2868 
12774 2132 2882 1802 2704 
12775 2132 2133 2135 2166 
12776 2132 1802 1801 2166 
12777 2132 2166 1801 2133 
12778 2165 2168 1800 1384 
12779 3191 3146 3271 3649 
12780 2655 1995 3327 3919 
12781 3220 3219 3339 2121 
12782 2655 1995 2936 1996 
12783 1987 1989 2619 1990 
12784 2148 3167 2199 3166 
12785 3945 4031 2510 3947 
12786 3953 3746 2135 2166 
12787 1800 1790 1801 1512 
12788 2858 1386 3377 3338 
12789 1800 2874 1790 1512 
12790 1800 1801 1802 2166 
12791 1800 1386 3220 1481 
12792 2858 3377 2859 1994 
12793 3220 3746 2166 2875 
12794 2167 2168 3745 2166 
12795 1384 2165 1801 1800 
12796 2858 1495 1385 1449 
12797 1800 1801 1384 1383 
12798 1800 1512 1801 1383 
12799 1800 1384 1512 1383 
12800 1800 1384 1481 1512 
12801 1800 3220 2166 2875 
12802 3219 1955 3564 2521 
12803 2165 1367 222 1449 
12804 1859 1998 1301 1331 
12805 1385 2165 1384 2168 
12806 2655 2936 2656 1996 
12807 2165 1338 1204 222 
12808 3338 2858 3662 3377 
12809 3848 3685 3745 3807 
12810 2803 3900 1807 3758 
12811 1983 2135 3429 3685 
12812 1984 1986 2771 1985 
12813 3278 1988 46 47 
12814 3807 1996 2135 3953 
12815 3685 3940 3662 3365 
12816 2775 2937 3807 1996 
12817 3191 3385 2220 2225 
12818 2165 1801 1360 1367 
12819 2165 1367 1360 222 
12820 2165 222 1360 1338 
12821 2165 1800 2168 2166 
12822 3334 1308 1204 1338 
12823 2165 1859 1204 3334 
12824 1859 1204 1450 1449 
12825 1859 3662 2165 1449 
12826 2165 1859 1449 1204 
12827 2297 3365 2771 1816 
12828 1308 1331 1243 2771 
12829 1308 1331 2771 3334 
12830 3334 1204 1308 1331 
12831 2771 1985 1859 3365 
12832 2690 2156 1817 3525 
12833 3191 3649 3271 2429 
12834 1816 1249 1245 1246 
12835 2771 1985 1243 1308 
12836 2771 1331 1243 1245 
12837 3191 2225 3146 92 
12838 3191 3146 3649 92 
12839 1998 1330 1331 1816 
12840 1998 1330 1301 1331 
12841 1816 1817 1998 1330 
12842 1816 1249 1330 1245 
12843 1816 1245 1330 1331 
12844 1777 2794 3803 2958 
12845 2771 1331 1859 3334 
12846 1859 1204 3334 1331 
12847 1859 3662 2858 2334 
12848 1859 2334 1816 3365 
12849 1859 1816 2334 1998 
12850 1859 1816 1998 1331 
12851 1859 2334 3365 3662 
12852 2295 3303 3601 3511 
12853 2297 3046 3493 2485 
12854 3578 1919 2483 2484 
12855 2057 2796 2799 1986 
12856 2057 2771 2297 1986 
12857 2297 3493 1816 2485 
12858 2795 2468 3658 3741 
12859 2868 2869 7 3 
12860 3626 2773 2804 3969 
12861 2798 2297 1986 2796 
12862 2295 2297 2296 2798 
12863 2798 3359 2796 1986 
12864 2795 2798 2797 3305 
12865 3196 2507 3265 107 
12866 3658 3401 1813 1812 
12867 3202 109 3102 600 
12868 2799 3360 3359 2796 
12869 2799 1307 2800 1287 
12870 2799 1307 1287 1343 
12871 2799 1343 1287 1244 
12872 2057 2799 1349 1244 
12873 2057 2297 2396 2796 
12874 2057 2396 2799 2796 
12875 1778 1307 1343 1231 
12876 1778 1780 3741 1779 
12877 3502 1234 1244 1243 
12878 1778 3359 2799 1779 
12879 1778 1986 2799 3359 
12880 1778 1343 2799 1234 
12881 1778 1231 1343 1234 
12882 1778 3741 3359 1779 
12883 1778 1233 1231 1234 
12884 1778 3359 3741 1986 
12885 3993 3803 1310 1230 
12886 3993 3802 3803 1230 
12887 3993 2958 3803 3804 
12888 3993 3804 3803 3802 
12889 3993 2958 3804 3802 
12890 3993 3958 2883 1329 
12891 3993 2883 3802 1237 
12892 3993 3958 3802 2883 
12893 2516 2443 2748 545 
12894 1777 3803 3993 2958 
12895 1777 1233 1310 1229 
12896 1777 1997 1780 2958 
12897 3788 1997 2958 3958 
12898 3788 1997 3958 2134 
12899 3788 2958 1777 3993 
12900 3788 1777 2958 1997 
12901 3788 3993 1777 1310 
12902 3429 1242 1248 1247 
12903 2167 3429 3685 1985 
12904 3429 1248 3334 2133 
12905 3429 1985 3334 1308 
12906 3429 1985 1308 1242 
12907 3429 3788 1242 1247 
12908 3429 2133 3788 1247 
12909 3191 2224 3146 2225 
12910 3682 3762 2509 2869 
12911 2804 2806 3969 2777 
12912 3848 1991 3685 3940 
12913 2296 1984 3648 1986 
12914 2296 2798 3648 3305 
12915 3635 108 3101 107 
12916 2865 2866 3099 3102 
12917 2465 2468 3036 3226 
12918 2806 2805 3036 3035 
12919 3191 2224 3271 3146 
12920 3648 1986 3741 3359 
12921 3953 2656 2775 1996 
12922 3648 3226 1995 1983 
12923 2795 2797 3410 3478 
12924 2937 1984 1983 3226 
12925 2999 123 59 921 
12926 3721 2504 3565 745 
12927 3475 2422 3945 3213 
12928 2118 3431 2959 2120 
12929 3605 3947 3209 3921 
12930 2140 3714 2141 2233 
12931 1989 2865 3675 47 
12932 1807 1809 3758 1810 
12933 2869 3763 3762 915 
12934 3848 4008 1991 3749 
12935 2773 2937 2936 3226 
12936 3431 3581 2869 2119 
12937 1989 1988 3675 3867 
12938 2140 3405 3404 3714 
12939 3888 2468 2466 3859 
12940 1935 3976 43 3706 
12941 2773 2656 2866 2936 
12942 3867 2657 3900 3958 
12943 3327 3993 3958 3802 
12944 4019 3740 3802 2883 
12945 3372 3313 2600 359 
12946 1995 3226 3859 2936 
12947 3074 41 2972 105 
12948 2531 946 3074 2457 
12949 1987 3674 1988 1990 
12950 3971 2530 3498 3496 
12951 3327 3867 3918 4022 
12952 3900 4019 4022 3327 
12953 4019 3802 3958 2883 
12954 3327 1938 2957 4022 
12955 3327 3919 3767 3867 
12956 2655 3919 2656 2936 
12957 3121 1848 2723 2722 
12958 4022 3802 3739 3804 
12959 3327 3867 4022 3900 
12960 3348 2971 947 106 
12961 3975 1936 3918 2723 
12962 3675 3633 3975 1988 
12963 1935 3976 1938 3348 
12964 2972 3065 1813 2467 
12965 3348 947 42 106 
12966 3971 3739 3949 3122 
12967 3099 109 948 110 
12968 1937 4022 2957 1938 
12969 3327 3919 1995 3767 
12970 3327 4022 2957 3804 
12971 3348 955 2971 106 
12972 2957 3804 2792 2794 
12973 2957 2958 3804 2794 
12974 2140 2242 3404 3405 
12975 3327 3802 3804 2958 
12976 3065 3767 2957 1780 
12977 3862 3932 2957 2972 
12978 1813 2794 2957 2792 
12979 3888 2466 2467 3065 
12980 3717 107 842 106 
12981 3433 3680 1894 3035 
12982 3065 1938 2957 3767 
12983 3658 3741 2468 3637 
12984 2906 2946 2944 3723 
12985 3074 41 954 40 
12986 2457 2088 2531 3197 
12987 1813 3065 2957 1780 
12988 1813 3637 3065 1780 
12989 2906 2572 2944 3070 
12990 3888 3859 1995 2468 
12991 3943 2957 3932 1938 
12992 3888 3741 1995 1780 
12993 3327 3767 2957 1938 
12994 1995 2936 1983 3226 
12995 1995 2468 3859 3226 
12996 2865 3102 3099 110 
12997 2906 2944 2662 3723 
12998 3327 4019 4022 3802 
12999 3635 2466 3101 3859 
13000 3283 2351 823 876 
13001 3658 1813 3401 3637 
13002 2795 1779 3410 3360 
13003 2795 3648 2798 2468 
13004 3872 3281 3022 2593 
13005 2506 3510 2757 2755 
13006 2507 3717 842 106 
13007 3626 2296 3749 1984 
13008 2296 3940 1984 3365 
13009 2399 843 3935 704 
13010 2369 3601 2295 3303 
13011 3790 749 748 747 
13012 3158 3265 2507 2466 
13013 2804 602 2777 2866 
13014 3778 4010 1890 3959 
13015 1781 1797 3461 1798 
13016 3639 3684 2268 3094 
13017 2399 3202 3203 2777 
13018 3942 665 669 664 
13019 3484 719 2016 805 
13020 2399 787 2351 843 
13021 3343 3344 3986 3939 
13022 2937 3940 3807 3685 
13023 2865 2866 3102 111 
13024 2868 2495 3581 3627 
13025 1838 3421 2083 3562 
13026 3721 3462 2504 4016 
13027 2460 2926 2161 3513 
13028 3605 3543 3209 2496 
13029 3462 3083 4016 3647 
13030 3882 3504 2733 141 
13031 3303 3036 2805 3035 
13032 2296 1986 2798 2297 
13033 3303 3036 3035 3304 
13034 2925 3045 3493 3046 
13035 3083 3086 3085 3019 
13036 3196 2507 2751 3434 
13037 2324 845 2326 2325 
13038 1947 2262 114 2144 
13039 3544 124 590 834 
13040 2751 769 675 818 
13041 2756 3726 103 831 
13042 2402 840 749 585 
13043 3202 3102 2806 2777 
13044 2402 750 749 840 
13045 3265 107 108 589 
13046 3635 3065 2466 3859 
13047 3888 3767 3859 3065 
13048 3265 108 846 589 
13049 3363 3203 3433 1894 
13050 3265 108 109 846 
13051 2906 2908 2572 2909 
13052 3202 3102 2777 600 
13053 1789 276 2366 440 
13054 3969 3036 2465 2806 
13055 2324 2348 4010 722 
13056 3969 3859 3099 3100 
13057 3159 3658 3305 2468 
13058 3626 3303 2296 3305 
13059 2804 2805 3969 2806 
13060 3099 3634 3101 3859 
13061 3158 2506 3812 3464 
13062 2465 3304 3035 3036 
13063 4007 2774 2775 3953 
13064 2777 852 600 110 
13065 3220 3219 2121 2875 
13066 3704 3268 3267 3705 
13067 2777 2866 602 111 
13068 3969 2806 2805 3036 
13069 2777 3102 111 110 
13070 2016 678 721 801 
13071 3101 3265 2466 107 
13072 3101 3100 3202 3102 
13073 3348 1938 3932 3065 
13074 3101 108 3265 107 
13075 3888 3767 3065 1780 
13076 2971 2467 3717 2466 
13077 2971 3348 3347 2972 
13078 2507 3717 107 842 
13079 2757 2457 2973 2403 
13080 2325 764 766 767 
13081 2456 2402 2403 105 
13082 3158 3717 2458 2467 
13083 3975 3635 3634 3065 
13084 2456 2973 3159 2458 
13085 3717 107 2466 3265 
13086 2972 3065 3932 2957 
13087 3635 2466 3717 107 
13088 2972 2457 2458 1812 
13089 1811 1814 1813 3862 
13090 3099 3102 3101 109 
13091 2972 2458 2457 105 
13092 2957 1813 2792 3862 
13093 2957 1813 3862 2972 
13094 3862 3932 2792 2957 
13095 1813 1811 2972 1812 
13096 2972 1813 1812 2458 
13097 3634 3859 3635 3101 
13098 2971 3347 947 41 
13099 106 107 2971 3717 
13100 2971 3932 2972 3065 
13101 106 107 955 2971 
13102 2828 1840 2366 2367 
13103 2828 3073 2827 2366 
13104 3736 539 537 461 
13105 3736 1936 2724 3473 
13106 3706 280 43 533 
13107 3975 1936 2723 3633 
13108 3706 533 43 42 
13109 1788 508 436 437 
13110 2646 2094 309 307 
13111 2058 2071 2036 2660 
13112 1788 436 508 439 
13113 1788 508 509 439 
13114 3636 2059 3473 1849 
13115 2059 2058 2802 1788 
13116 3707 2802 3636 460 
13117 2036 2802 2881 2071 
13118 2349 3212 3471 2267 
13119 1847 2069 3636 1849 
13120 3346 3397 3473 2059 
13121 3346 2829 3707 3706 
13122 1935 2829 3073 2827 
13123 4029 2826 3874 2827 
13124 1789 531 441 533 
13125 3867 3674 1990 1988 
13126 1808 3746 2960 2875 
13127 2869 2120 3762 3763 
13128 1937 3804 4022 3739 
13129 3121 3787 4019 3739 
13130 2674 2151 3786 3345 
13131 3346 1936 1935 3706 
13132 2722 3473 3397 1848 
13133 1935 43 3976 3348 
13134 1935 3348 3347 42 
13135 2906 2572 2908 3723 
13136 3918 4022 2722 1938 
13137 1987 293 48 47 
13138 2907 2906 2908 3723 
13139 3278 1988 1987 2723 
13140 3278 1987 47 293 
13141 2724 3473 2722 1848 
13142 3636 396 461 460 
13143 2748 545 543 479 
13144 2069 346 367 365 
13145 2060 1849 2802 2069 
13146 2153 2906 2946 2947 
13147 1987 293 541 561 
13148 2069 396 365 367 
13149 2069 365 396 460 
13150 2068 368 367 346 
13151 2802 365 2069 460 
13152 2802 366 365 460 
13153 2036 334 2881 345 
13154 2036 2037 2660 2071 
13155 2802 2059 1788 509 
13156 2802 509 366 460 
13157 2802 1788 508 509 
13158 2802 508 366 509 
13159 3636 2802 2069 460 
13160 3636 2069 2802 1849 
13161 532 2578 3161 2023 
13162 1846 2070 1847 1849 
13163 1910 2068 335 487 
13164 2579 477 395 478 
13165 3687 3176 3296 3878 
13166 2035 2070 1846 2149 
13167 3635 2466 2971 3717 
13168 3101 3100 2466 3265 
13169 3101 3859 2466 3100 
13170 2881 2069 2802 365 
13171 2346 3826 3973 3064 
13172 2022 3599 2025 4018 
13173 2869 64 915 128 
13174 1846 2724 2748 1848 
13175 2724 2748 3278 291 
13176 3975 3918 3675 1988 
13177 3633 3635 3976 44 
13178 2121 3219 3939 2521 
13179 3278 2443 1987 293 
13180 1987 561 48 293 
13181 2443 1848 2748 2724 
13182 1987 293 2443 541 
13183 1989 2656 3867 3919 
13184 3278 479 2748 543 
13185 3633 45 3634 957 
13186 3043 3044 3519 3869 
13187 2700 2583 3780 4018 
13188 2518 2520 3137 2444 
13189 1846 2748 2516 2443 
13190 3973 2661 3345 2676 
13191 2035 2516 2748 545 
13192 3675 46 45 3633 
13193 3634 45 109 957 
13194 1987 2443 2516 541 
13195 3794 3758 2441 2317 
13196 2723 1848 2443 2724 
13197 2723 1848 2724 2722 
13198 3121 1848 3674 2723 
13199 2803 1809 1810 3758 
13200 2510 4008 3798 3581 
13201 3121 3674 3787 2723 
13202 1989 1990 1988 3867 
13203 1987 47 1989 1988 
13204 2906 2944 2947 2710 
13205 3674 2443 1848 2444 
13206 3975 1938 3976 3065 
13207 3787 3674 3786 3794 
13208 3900 4019 3327 3958 
13209 2128 3739 4019 3740 
13210 3787 2722 2723 4022 
13211 3047 2259 2332 2709 
13212 3787 3900 4022 3867 
13213 3787 3900 2803 3794 
13214 3047 2709 2332 3046 
13215 2128 2130 3740 2131 
13216 3786 2674 1848 3123 
13217 2618 2867 2150 2444 
13218 2618 2444 2520 2867 
13219 2068 2069 2881 346 
13220 3430 64 2869 908 
13221 3047 3309 3928 3046 
13222 3047 3928 2709 3046 
13223 3047 3927 3928 3309 
13224 2520 3794 3137 2444 
13225 64 63 3166 3763 
13226 2803 1810 2520 3758 
13227 3851 3939 2121 3151 
13228 4013 2803 2620 2959 
13229 2118 4007 3581 3799 
13230 3762 3851 3972 2119 
13231 2118 2959 4007 2960 
13232 64 63 2516 3166 
13233 3986 3563 1810 2121 
13234 2685 3522 2836 1394 
13235 2518 3563 1810 2867 
13236 3047 2259 3927 2014 
13237 3762 63 3763 62 
13238 1808 2121 3563 2521 
13239 3763 915 64 63 
13240 2119 3851 3151 3180 
13241 2148 3166 2199 2198 
13242 2119 3151 3799 3180 
13243 2777 600 3102 110 
13244 3471 3176 2999 3178 
13245 4007 2773 3807 2775 
13246 3933 3851 3878 3519 
13247 1993 3798 3946 4008 
13248 3626 3749 2937 1984 
13249 3471 3295 3179 3043 
13250 2372 3749 4031 3936 
13251 3980 3872 3006 3659 
13252 3969 3099 3859 3226 
13253 2372 2370 3749 3940 
13254 3969 2936 2773 2866 
13255 2298 2296 2805 3303 
13256 2777 602 854 852 
13257 3269 3543 3545 834 
13258 2937 1984 3940 3685 
13259 2656 2775 1996 2936 
13260 3952 3 2868 7 
13261 2351 850 2496 823 
13262 2495 602 112 870 
13263 1989 47 48 949 
13264 45 3634 948 3675 
13265 2804 602 2495 2496 
13266 2298 3940 3048 2370 
13267 2866 602 111 112 
13268 2865 958 47 111 
13269 2804 2806 2777 2496 
13270 3283 601 2351 876 
13271 3209 3035 3203 1894 
13272 3544 124 3545 3775 
13273 2804 2866 3969 2773 
13274 4014 2049 3008 4005 
13275 2752 2399 3000 676 
13276 2349 2267 3471 2146 
13277 2777 852 854 788 
13278 2351 2496 850 854 
13279 3196 589 842 107 
13280 3969 3100 2465 3226 
13281 3174 3175 619 621 
13282 3433 2753 2751 2752 
13283 1993 3798 4008 3799 
13284 3962 3044 3295 3042 
13285 3441 3309 2328 2741 
13286 3921 3545 3177 3775 
13287 3083 1868 3239 645 
13288 4014 3700 3008 3701 
13289 3626 3648 3226 3305 
13290 3626 2296 3648 3305 
13291 2324 2327 583 845 
13292 2751 2505 2507 750 
13293 3239 2448 3602 761 
13294 3176 2422 3178 3213 
13295 2349 2264 1770 119 
13296 2325 868 845 767 
13297 3545 601 125 834 
13298 3945 3946 2510 4031 
13299 2145 2327 2269 121 
13300 3363 2752 3433 3203 
13301 3267 3684 3639 3544 
13302 2406 117 847 588 
13303 3605 3921 3945 3947 
13304 2372 2296 3940 3749 
13305 3682 3878 3798 3889 
13306 2161 697 797 695 
13307 2504 616 1797 637 
13308 2298 3940 2370 2372 
13309 3471 3043 3472 3042 
13310 3544 3545 124 834 
13311 3179 3043 3295 3519 
13312 1891 2420 2371 2924 
13313 3945 3947 3094 2422 
13314 3475 2422 2421 1892 
13315 3936 3627 2804 3749 
13316 3704 763 765 764 
13317 3798 3799 3152 3180 
13318 4014 4005 3008 3700 
13319 3798 3180 3181 3177 
13320 3471 2682 2999 3295 
13321 2372 3947 4031 3946 
13322 3773 4003 1903 3822 
13323 1891 1893 3524 2570 
13324 3239 758 2448 761 
13325 2399 788 3202 2777 
13326 3209 2496 2351 3203 
13327 1781 3175 2738 2580 
13328 2399 3000 3935 2752 
13329 1856 2102 1911 1858 
13330 3935 843 706 704 
13331 2369 2805 2372 1894 
13332 3475 1892 2372 3947 
13333 2325 868 2327 845 
13334 2325 2327 868 826 
13335 3969 3859 3100 3226 
13336 3936 2495 2804 3627 
13337 3269 590 841 834 
13338 2269 2422 3639 2268 
13339 3269 3935 843 706 
13340 3704 2325 764 766 
13341 3536 3484 3485 2017 
13342 2445 813 779 693 
13343 1820 3298 3311 3229 
13344 1820 3311 1819 3229 
13345 2264 53 4032 117 
13346 3269 3544 590 834 
13347 3639 2327 2268 2325 
13348 3639 2422 3178 3775 
13349 652 4020 653 2055 
13350 4014 3008 3009 3701 
13351 2420 2371 2924 2741 
13352 57 3963 3520 58 
13353 3176 3775 3178 3177 
13354 3475 3213 3181 3286 
13355 3945 3094 3921 2422 
13356 2055 668 652 1868 
13357 3647 3602 4016 639 
13358 2349 912 55 119 
13359 2260 3325 3486 3485 
13360 2584 3872 3279 3281 
13361 3178 3775 2422 3177 
13362 3661 3044 3295 3005 
13363 2324 774 2326 804 
13364 2682 913 121 122 
13365 3963 3520 3881 3964 
13366 3179 3181 3286 3152 
13367 3661 2967 3044 3005 
13368 3661 3344 3044 2967 
13369 2263 2761 2764 3388 
13370 2764 3810 3597 3576 
13371 2300 3313 3573 2953 
13372 2349 55 2263 119 
13373 3780 3129 2346 3064 
13374 2582 3162 292 61 
13375 3344 2966 2198 3563 
13376 1846 2150 2149 2151 
13377 492 3656 3492 412 
13378 2681 56 920 57 
13379 4014 2997 2047 2044 
13380 3062 3403 3520 3931 
13381 490 2300 399 356 
13382 3660 3403 58 59 
13383 3686 3296 3606 3878 
13384 3403 524 59 281 
13385 3369 495 414 536 
13386 2299 413 2845 414 
13387 3283 126 601 823 
13388 2845 274 3369 536 
13389 3933 3519 3295 3044 
13390 3295 2682 2683 3042 
13391 455 1910 3372 357 
13392 2349 2682 920 121 
13393 3660 3661 3294 3295 
13394 3686 3687 3878 3120 
13395 2869 908 7 3 
13396 3295 3043 3044 3519 
13397 3005 2200 2967 2966 
13398 3062 2700 2025 3599 
13399 2035 2149 2578 2070 
13400 3372 494 2600 455 
13401 2346 3129 3826 3064 
13402 3881 3438 3964 3577 
13403 3780 3457 3129 3064 
13404 4014 3592 2047 4005 
13405 3129 2676 2884 3826 
13406 2346 2478 2966 3457 
13407 2346 2966 2478 2200 
13408 2299 3313 2702 3573 
13409 4014 2049 2047 2997 
13410 2600 2700 3062 3369 
13411 2022 2023 2068 2024 
13412 1846 2661 2070 1849 
13413 3599 456 457 557 
13414 2300 369 3492 400 
13415 2600 3313 3369 495 
13416 2035 567 514 545 
13417 3599 456 455 457 
13418 2578 3162 534 565 
13419 1910 335 453 487 
13420 3372 336 1795 343 
13421 2953 2954 2701 3573 
13422 2952 344 1795 337 
13423 2952 1795 2953 1794 
13424 2068 2579 367 368 
13425 315 3109 2638 448 
13426 2023 3599 456 455 
13427 2035 567 3162 514 
13428 2068 367 2579 2069 
13429 2701 1815 2024 3826 
13430 3973 3826 2676 3064 
13431 2025 2701 2024 3826 
13432 2700 3129 2701 2025 
13433 3780 3826 2346 3129 
13434 3162 292 534 565 
13435 1846 1847 2724 1848 
13436 2583 2149 3161 2582 
13437 4014 3592 3700 3701 
13438 2070 2661 2071 1849 
13439 2068 367 2069 346 
13440 1910 3372 2023 455 
13441 1847 2579 479 539 
13442 2070 2069 2579 1849 
13443 2070 2069 1849 2071 
13444 1795 2703 1794 2024 
13445 1793 335 332 453 
13446 1910 453 336 357 
13447 1795 337 344 343 
13448 3372 455 2600 3062 
13449 3372 2703 3313 2953 
13450 1795 331 337 336 
13451 1795 337 343 336 
13452 1793 331 1795 336 
13453 1793 332 331 336 
13454 1793 1796 331 330 
13455 1793 331 332 330 
13456 2036 506 507 334 
13457 1793 1796 1795 331 
13458 2037 332 1793 335 
13459 2036 508 2802 1788 
13460 2058 2660 2036 2037 
13461 2037 332 335 334 
13462 2881 345 334 335 
13463 2037 1793 332 330 
13464 2037 332 334 330 
13465 2037 1796 1793 330 
13466 2037 2095 1796 330 
13467 2037 507 2095 330 
13468 2037 507 330 334 
13469 1910 336 1793 1795 
13470 2036 366 506 345 
13471 1910 1795 2024 2703 
13472 2022 2578 2070 2068 
13473 2068 368 346 487 
13474 2023 456 454 455 
13475 2068 398 368 487 
13476 2068 2881 2071 2024 
13477 2068 2071 2070 2024 
13478 1910 2024 2025 2703 
13479 2952 1969 2824 447 
13480 2701 2024 1794 2703 
13481 2025 2701 2703 2024 
13482 3369 559 458 536 
13483 2964 3005 3044 2967 
13484 2559 3248 2965 3247 
13485 3129 3482 2884 2885 
13486 1910 2023 454 455 
13487 2560 3844 3482 3131 
13488 2700 3826 2025 4018 
13489 2092 2659 1815 3815 
13490 1785 2092 2095 1796 
13491 3373 3250 2638 2639 
13492 2092 2640 1815 1796 
13493 2638 315 448 312 
13494 1815 3815 2884 2640 
13495 2047 2284 2050 3277 
13496 1815 3815 2640 2092 
13497 2060 2802 1849 2059 
13498 2060 3397 2061 2059 
13499 2060 1849 3397 2059 
13500 2060 2071 2660 2661 
13501 2060 1849 2071 2661 
13502 2036 437 506 508 
13503 2646 328 446 437 
13504 2646 2095 2094 2093 
13505 2646 446 328 307 
13506 2646 328 2898 3112 
13507 2646 3112 2898 2093 
13508 2058 2646 2036 1788 
13509 2036 507 2646 2095 
13510 2036 2095 2037 507 
13511 1785 448 311 312 
13512 1785 1796 329 448 
13513 1785 329 311 448 
13514 1785 2092 1796 2640 
13515 2639 3416 3142 3250 
13516 1785 2094 2092 3416 
13517 2047 2050 4005 3277 
13518 2854 3912 3279 3827 
13519 2923 660 775 667 
13520 3929 835 598 3882 
13521 3602 2448 757 761 
13522 2905 2450 1782 1881 
13523 3602 757 2448 621 
13524 2047 2050 2049 4005 
13525 1867 3704 1768 764 
13526 4014 2997 2164 3009 
13527 2369 3980 3035 1894 
13528 2919 3169 3679 1904 
13529 3602 620 757 621 
13530 3174 1798 3175 3084 
13531 2418 3698 2852 2854 
13532 2915 768 710 792 
13533 2504 1799 1797 616 
13534 2581 2192 2641 2455 
13535 3493 3600 2298 2925 
13536 1946 144 603 872 
13537 2449 2062 2944 2573 
13538 3360 3663 1918 2484 
13539 3872 2570 3601 3873 
13540 4010 722 884 721 
13541 2420 3843 3524 2842 
13542 2332 2485 3493 3046 
13543 2725 1707 1718 1705 
13544 2896 3920 2330 2329 
13545 2483 1917 2396 2484 
13546 3300 2062 2063 2571 
13547 2372 3946 4031 2370 
13548 3196 2751 3437 3433 
13549 3578 3511 3601 3006 
13550 2725 1718 3015 1705 
13551 2176 2179 2851 2177 
13552 2369 2925 3048 2298 
13553 2295 3511 3578 2797 
13554 1991 2370 1993 1992 
13555 2333 1403 3045 2334 
13556 2332 1817 2333 1998 
13557 1891 2925 3601 3873 
13558 3048 3940 2298 3365 
13559 3048 2298 3493 3365 
13560 3605 3545 3543 601 
13561 2372 2370 4031 3749 
13562 3878 3180 3798 3177 
13563 1991 3749 2370 3940 
13564 3848 2937 3940 3807 
13565 2711 2741 2931 2032 
13566 2925 3309 2741 2931 
13567 3045 2931 3048 1994 
13568 3045 3048 3493 3365 
13569 3045 3493 2334 3365 
13570 3045 1994 3048 3365 
13571 3045 2334 1994 3365 
13572 2859 1403 2333 1404 
13573 3132 3342 2031 1395 
13574 2333 1404 1433 1439 
13575 2332 2690 2154 2156 
13576 3390 1520 1440 1471 
13577 3920 1413 2330 1410 
13578 2333 1439 1440 1516 
13579 2333 2015 1404 1439 
13580 3856 3654 3328 3514 
13581 2858 1385 1495 1387 
13582 1389 2858 1403 1387 
13583 2859 2931 3045 1994 
13584 2859 2931 1994 1992 
13585 2859 2711 3045 2931 
13586 2127 3377 2859 1389 
13587 2859 1994 3377 1992 
13588 2711 2031 2032 2127 
13589 2126 1391 1388 1472 
13590 2711 2031 2034 2032 
13591 2127 2859 2711 1444 
13592 3776 3909 3288 3777 
13593 2422 2269 3178 2267 
13594 2763 2764 2762 3234 
13595 3719 2490 1820 1772 
13596 3475 3213 3286 2032 
13597 3719 1821 2490 1771 
13598 3897 2740 1820 2034 
13599 2421 2033 3212 3213 
13600 2420 2924 3524 3843 
13601 3475 2421 2422 3213 
13602 2421 2033 3213 2032 
13603 2685 1394 1401 1399 
13604 2761 3577 3388 3964 
13605 3682 2509 3798 3581 
13606 3952 2959 3430 2620 
13607 1991 3048 2370 1994 
13608 3179 3176 3178 3213 
13609 3343 3851 3519 3151 
13610 3430 2620 2959 4013 
13611 3798 3152 3181 3180 
13612 3945 3181 3213 3177 
13613 3660 2582 3294 3661 
13614 1991 3749 4008 2370 
13615 3180 3152 3206 3151 
13616 3430 2620 4013 2515 
13617 2725 3015 2726 1705 
13618 2349 2264 2763 1771 
13619 3475 2372 3946 3947 
13620 2773 2775 2656 2936 
13621 3430 4013 3166 2515 
13622 3181 3286 3152 1992 
13623 3338 1993 3799 3152 
13624 3471 2999 2682 3178 
13625 2167 2165 3662 2168 
13626 3799 3152 3180 3151 
13627 3799 3152 3151 3339 
13628 2725 1706 1707 1705 
13629 3799 3152 3339 3338 
13630 3338 1993 3152 3377 
13631 3762 2119 3878 3851 
13632 4031 3627 3936 3749 
13633 3848 3377 1991 1993 
13634 1993 3946 3181 1992 
13635 3209 3094 3921 3947 
13636 1993 3798 3152 3181 
13637 3268 3544 3921 3094 
13638 1993 3181 3946 3798 
13639 3945 3946 4031 3947 
13640 3848 3685 1991 3662 
13641 3475 2032 3286 1992 
13642 4007 2959 2774 3953 
13643 3848 3685 3807 3940 
13644 3848 3749 1991 3940 
13645 1993 1992 3377 1994 
13646 4008 3799 3798 3581 
13647 3475 3945 3181 3213 
13648 2420 3475 2371 2032 
13649 3475 2032 1992 2931 
13650 3945 3947 3921 3094 
13651 3283 128 127 850 
13652 2372 3936 4031 3947 
13653 3936 2496 2804 2495 
13654 1993 3181 3152 1992 
13655 2372 3749 3936 2805 
13656 2126 3149 3150 1391 
13657 1709 2725 1707 1710 
13658 2126 1388 3150 2127 
13659 2126 2031 1391 1472 
13660 3150 1388 1390 1386 
13661 3150 3339 3151 3152 
13662 3150 1388 1391 1390 
13663 3519 3180 3206 3151 
13664 3219 1955 2521 1479 
13665 3219 1479 2521 1442 
13666 3219 1481 1479 1442 
13667 3219 1479 1481 1390 
13668 1386 3219 3339 3220 
13669 2251 2725 3764 2903 
13670 1800 3219 2875 1442 
13671 3219 2521 2875 1442 
13672 3430 2619 2620 2515 
13673 2167 3662 3334 3685 
13674 2167 3334 3429 1985 
13675 1924 2855 3055 2843 
13676 3668 3953 3745 2960 
13677 3986 1810 3563 2867 
13678 2121 3939 3219 3339 
13679 1808 2875 2121 2521 
13680 3430 908 2869 3 
13681 3933 3606 3878 3851 
13682 2510 4008 3946 3798 
13683 2121 3151 3939 3339 
13684 3986 3344 2198 3563 
13685 2518 3137 2520 2519 
13686 2520 3794 3900 3758 
13687 3986 2119 2120 3851 
13688 2518 3137 4030 2478 
13689 2618 2520 4013 2867 
13690 3787 3900 3867 2657 
13691 3166 3430 64 3763 
13692 3294 60 59 922 
13693 3166 3972 2150 2867 
13694 2509 3120 126 127 
13695 3762 63 62 924 
13696 3581 2118 2119 3431 
13697 3389 3369 2871 2845 
13698 3952 1836 3 7 
13699 2118 3431 4007 2959 
13700 2119 3851 2121 3151 
13701 2118 2119 3431 2120 
13702 2119 3581 3798 3799 
13703 2959 2121 1810 2960 
13704 1836 1989 2619 48 
13705 3294 3296 3686 922 
13706 2999 921 58 122 
13707 2199 3661 3686 2582 
13708 3962 3295 3044 3005 
13709 3687 2999 3296 3176 
13710 2999 122 123 921 
13711 2264 3234 4032 2764 
13712 3606 914 3120 62 
13713 3878 3180 2119 3798 
13714 914 3686 3606 3120 
13715 3878 3176 3519 3180 
13716 3878 3851 2119 3180 
13717 3878 3180 3519 3851 
13718 2966 2967 3344 2200 
13719 3962 3963 2683 3005 
13720 3343 3851 3151 3939 
13721 3343 3519 3206 3151 
13722 3343 3206 3519 3869 
13723 3344 2966 3563 2967 
13724 3344 2967 3563 3939 
13725 3343 3869 3044 2967 
13726 3343 3851 3986 3344 
13727 2964 3985 3869 3841 
13728 3041 3044 3043 3841 
13729 2349 119 2146 120 
13730 2846 3124 572 2845 
13731 2871 2702 3844 3573 
13732 57 3963 58 2683 
13733 3471 3176 3179 3295 
13734 3179 3286 3213 3287 
13735 3043 3869 3519 3206 
13736 3687 124 125 923 
13737 3043 3841 3044 3869 
13738 2263 2764 2761 2763 
13739 2257 4 916 49 
13740 3389 2700 2702 3369 
13741 3719 1821 1771 3212 
13742 3043 3287 3212 1821 
13743 3043 3287 1821 3841 
13744 3179 2033 3287 3213 
13745 3471 3179 3176 3178 
13746 3078 2760 2286 78 
13747 3043 3287 3841 3206 
13748 3522 3869 1955 3985 
13749 3522 1955 1392 1396 
13750 1924 2293 2843 2252 
13751 3522 1392 1394 1396 
13752 1396 3522 1955 1399 
13753 2685 2686 2836 3575 
13754 3597 3575 2254 3697 
13755 2685 3697 2686 3575 
13756 3522 1393 1394 1392 
13757 3522 3841 3869 3985 
13758 3149 3151 3206 3152 
13759 3095 1398 1397 1395 
13760 3149 3206 3869 3841 
13761 3343 3149 3151 3206 
13762 2489 2254 2491 3147 
13763 2126 3342 2031 3287 
13764 3342 3149 1391 1392 
13765 3342 3522 3149 1392 
13766 3342 3841 3522 3842 
13767 3132 1818 2034 1821 
13768 1818 3229 1820 1819 
13769 3342 1393 3522 1392 
13770 3342 1391 1393 1392 
13771 3128 2836 2256 3575 
13772 3342 1395 1393 1391 
13773 2126 2127 2031 1472 
13774 3148 2762 3842 3575 
13775 2836 1397 1474 1393 
13776 2762 3575 3697 3842 
13777 1771 2490 1772 2405 
13778 3148 3472 3234 1821 
13779 3472 3841 3043 1821 
13780 3472 3841 1821 3842 
13781 2761 3810 3388 3577 
13782 3148 2762 3234 3472 
13783 3811 2423 117 116 
13784 3810 2964 3041 2762 
13785 3471 3295 3042 2682 
13786 3124 2870 3379 3380 
13787 3472 3043 3212 1821 
13788 2983 2388 2984 1806 
13789 2264 2405 1771 1770 
13790 3810 3964 2964 3577 
13791 1958 511 3187 558 
13792 2489 2256 2254 3575 
13793 3260 3898 3261 3328 
13794 2369 3035 3980 3303 
13795 2263 54 3379 2264 
13796 2324 804 2326 845 
13797 2055 1768 4020 3398 
13798 3378 4032 909 52 
13799 4035 2258 2938 51 
13800 3811 2405 3808 116 
13801 3127 3832 1434 1411 
13802 1924 2293 1925 2843 
13803 2489 2254 3148 3575 
13804 2282 2283 2281 2933 
13805 2253 4000 3549 3777 
13806 1946 143 3504 836 
13807 2489 3148 2490 1819 
13808 1958 3534 3656 1960 
13809 2282 2933 2425 2110 
13810 2253 2255 2254 3549 
13811 3548 2253 2254 3549 
13812 2254 3575 2256 3548 
13813 2941 1434 2110 1492 
13814 2254 3548 3549 3697 
13815 2254 3575 3548 3697 
13816 3769 3770 4026 3640 
13817 2301 1980 3229 1982 
13818 3292 3618 3777 3293 
13819 2406 588 805 884 
13820 2785 2397 1981 2603 
13821 2258 2262 3521 2491 
13822 3017 3619 3288 4 
13823 2280 3619 2783 2786 
13824 3825 2878 3032 3435 
13825 2424 2935 3249 2389 
13826 2846 3520 3389 274 
13827 2280 2282 3777 2253 
13828 2783 3731 3733 3914 
13829 2280 3777 2282 2281 
13830 2890 3289 2697 3292 
13831 4035 3378 2764 3576 
13832 2500 3914 2698 2501 
13833 3733 3299 2501 3914 
13834 3310 1982 1981 1853 
13835 2489 3128 3229 2256 
13836 1924 3057 1926 2252 
13837 2941 2253 3548 3549 
13838 2280 2283 2282 2785 
13839 3259 3154 3171 3676 
13840 2766 1552 1550 1551 
13841 3704 763 3705 707 
13842 2136 3186 2138 294 
13843 3942 669 679 672 
13844 3127 1492 1474 1411 
13845 2941 3548 2253 2256 
13846 3127 3230 2941 3832 
13847 3127 1434 1492 1411 
13848 2098 2699 3114 3435 
13849 2941 2397 3230 2256 
13850 3127 1492 2686 1474 
13851 2941 2253 2397 2256 
13852 2686 1394 1474 1401 
13853 2686 3697 3144 3548 
13854 1506 3095 2031 1395 
13855 3128 3096 3229 3230 
13856 2497 1502 2604 1445 
13857 1818 1820 2034 1821 
13858 3128 1397 1406 1411 
13859 3128 3230 3229 2256 
13860 3128 2836 1397 1411 
13861 1982 3189 3230 3096 
13862 1982 3954 3189 3096 
13863 3310 1981 1982 3954 
13864 2490 2301 1819 3311 
13865 1982 3230 3229 3096 
13866 3882 1902 835 141 
13867 1854 3310 1853 3311 
13868 2557 1792 2974 1551 
13869 3402 2734 3772 3677 
13870 2144 3486 3811 2423 
13871 2110 2282 2941 3549 
13872 4024 3079 2733 3924 
13873 1981 1982 3954 3189 
13874 2489 2301 1819 2491 
13875 3311 3298 2740 2331 
13876 116 4032 2938 52 
13877 3324 3843 3898 3897 
13878 2840 2348 2404 4010 
13879 1820 2034 1821 2033 
13880 2301 1980 3477 2491 
13881 1912 3019 4020 3239 
13882 2490 3808 3325 1772 
13883 1980 2253 2398 2255 
13884 1980 2397 1981 2398 
13885 1924 1925 2292 2843 
13886 3311 2490 1820 1819 
13887 2490 2938 2684 3808 
13888 2420 2421 3897 2841 
13889 3132 3287 1821 2033 
13890 3639 122 826 833 
13891 3132 1397 3095 2836 
13892 3128 2489 3575 2256 
13893 2420 2741 2924 3897 
13894 1820 2740 3311 3298 
13895 1820 2740 3298 2034 
13896 1891 2925 2369 3601 
13897 2420 2422 3094 1892 
13898 3778 3538 4036 3843 
13899 2031 1472 2127 1506 
13900 2031 1472 1506 1395 
13901 3095 1506 2034 1408 
13902 1506 3095 1395 1398 
13903 3132 2836 3342 1393 
13904 2126 3342 3149 1391 
13905 2126 3152 3206 3286 
13906 3095 1397 3128 2836 
13907 3095 1406 3128 1397 
13908 3095 1406 1397 1398 
13909 3132 2031 3095 1395 
13910 1818 2836 3128 3575 
13911 3095 1506 2031 2034 
13912 1924 2292 2855 2843 
13913 3309 2931 3045 2711 
13914 2332 2485 2690 1817 
13915 3920 1410 1453 1414 
13916 2368 1413 2897 1415 
13917 2329 2711 2015 1513 
13918 2329 2015 1410 1513 
13919 3070 1896 1416 1417 
13920 2896 1413 3920 2897 
13921 3424 3839 2159 2160 
13922 3920 1453 2014 1414 
13923 2498 1494 1368 1473 
13924 1946 1948 1947 2261 
13925 3242 3243 2373 3598 
13926 3400 139 1967 938 
13927 3387 3241 3512 3795 
13928 2328 2329 2331 2740 
13929 3324 3260 3311 2740 
13930 3778 1890 3779 3049 
13931 3307 2196 2575 2250 
13932 3715 3992 2417 3580 
13933 2374 3020 3022 2780 
13934 3882 3929 2494 3857 
13935 3639 3544 3684 3094 
13936 2301 1853 3477 1980 
13937 1774 837 87 861 
13938 3329 2331 2328 3301 
13939 3261 3898 3843 3538 
13940 1838 1837 2594 2184 
13941 3260 2331 3328 3329 
13942 2449 2944 2662 2573 
13943 3925 3679 2376 3655 
13944 3693 1916 83 594 
13945 3487 775 662 785 
13946 2416 3238 2915 627 
13947 1893 3947 1894 1892 
13948 2461 2362 859 798 
13949 1887 2082 3628 1882 
13950 2375 3117 2377 3698 
13951 2854 3281 3280 3279 
13952 1891 3873 3601 2570 
13953 3260 3262 3261 3325 
13954 3856 2376 3654 3514 
13955 652 4020 2055 1868 
13956 2176 2247 2249 2179 
13957 3514 2328 3302 3301 
13958 3514 2008 3655 3301 
13959 2741 3441 3309 2925 
13960 3093 3959 2327 2842 
13961 2161 671 2769 802 
13962 2842 2268 3094 2841 
13963 2404 1770 1769 1772 
13964 3093 3703 2568 1893 
13965 3774 1904 2494 3857 
13966 1912 681 808 756 
13967 3929 835 592 886 
13968 690 1914 812 692 
13969 1999 628 629 631 
13970 2374 2591 2375 2377 
13971 3629 3747 3139 711 
13972 3260 3329 1855 2331 
13973 2553 3075 2311 2321 
13974 3250 318 483 459 
13975 2638 3373 1968 3250 
13976 3250 315 314 459 
13977 459 1968 315 451 
13978 1961 1963 388 493 
13979 2176 2178 2664 2179 
13980 3223 350 500 401 
13981 2639 2970 2321 2320 
13982 2638 1785 2639 3416 
13983 315 3109 448 449 
13984 2952 1796 1795 1794 
13985 3109 2640 1796 1794 
13986 3109 1968 499 451 
13987 2952 2824 501 447 
13988 2638 1785 3416 312 
13989 3373 1968 3223 3744 
13990 3109 2638 1968 315 
13991 3109 499 449 451 
13992 2176 2178 3452 2664 
13993 2952 452 3109 373 
13994 3109 449 499 373 
13995 3109 452 449 373 
13996 3374 1969 3109 1968 
13997 3109 499 1968 1969 
13998 1962 1961 1963 388 
13999 3223 483 2932 348 
14000 3223 401 483 348 
14001 3223 350 401 348 
14002 451 3223 1968 500 
14003 3223 3744 1968 500 
14004 3373 2932 3223 3250 
14005 2553 2311 2322 2321 
14006 2624 2932 1964 3276 
14007 1963 339 349 348 
14008 1963 358 349 493 
14009 1963 493 339 362 
14010 1963 493 349 339 
14011 3374 1968 3109 2640 
14012 2621 568 283 415 
14013 3670 928 134 135 
14014 1961 3436 1971 2765 
14015 2535 466 1972 353 
14016 2535 351 466 353 
14017 2535 353 354 352 
14018 352 3533 2535 351 
14019 1970 466 2535 351 
14020 2535 351 353 352 
14021 352 3533 351 350 
14022 3533 500 2535 3744 
14023 3375 1964 2932 3276 
14024 2791 3966 2624 3276 
14025 3318 1964 3375 3276 
14026 3375 1964 1963 2932 
14027 2621 3090 415 577 
14028 363 3570 392 393 
14029 3318 1964 3276 3831 
14030 2477 1959 1958 288 
14031 3570 3683 3336 363 
14032 1970 3744 3533 2535 
14033 2534 363 3683 360 
14034 2462 2218 3321 3847 
14035 3107 1964 3375 3376 
14036 2621 464 568 417 
14037 2248 2249 2483 1919 
14038 2621 415 283 577 
14039 3374 1969 1968 3744 
14040 2534 2535 2956 1972 
14041 2956 3107 2535 3744 
14042 3375 3374 3107 3376 
14043 3106 2955 3844 2954 
14044 2884 3106 3374 3376 
14045 3373 3250 3223 1968 
14046 2884 3373 3374 2640 
14047 3374 2884 2640 1794 
14048 3375 3374 3744 3107 
14049 2824 2954 3573 2955 
14050 344 3313 343 359 
14051 3372 343 3313 359 
14052 3313 359 344 501 
14053 2952 452 1795 1796 
14054 369 2300 3492 356 
14055 2953 1795 2703 1794 
14056 2299 413 414 400 
14057 2956 1972 3107 3436 
14058 3844 2955 3573 2954 
14059 3844 4025 3906 3131 
14060 4041 2890 2935 3293 
14061 3656 3755 3492 412 
14062 2701 3844 3573 2954 
14063 410 3781 394 370 
14064 1961 3436 1970 1971 
14065 2561 3534 3683 3571 
14066 1851 3115 73 930 
14067 3574 527 579 289 
14068 1971 3336 2476 1972 
14069 3336 476 1972 416 
14070 3336 393 476 416 
14071 3570 392 393 411 
14072 2621 2765 2894 463 
14073 2956 3336 1972 2476 
14074 2476 2956 3336 3571 
14075 2956 3336 3571 3683 
14076 1957 1959 1958 3187 
14077 2534 363 3336 3683 
14078 2534 354 2535 355 
14079 3106 2955 2956 3844 
14080 3922 4025 2890 3138 
14081 2248 2483 3699 1919 
14082 2561 2562 3844 3573 
14083 2561 3573 3844 2955 
14084 2561 3492 3573 2955 
14085 2299 3492 2300 3573 
14086 3113 1402 1435 1436 
14087 4041 2139 1957 4028 
14088 360 3534 3492 492 
14089 3492 492 369 360 
14090 1965 4040 2835 2834 
14091 2870 3656 2562 1960 
14092 2300 3313 2953 501 
14093 3755 400 3492 412 
14094 3492 369 492 412 
14095 3492 400 369 412 
14096 2534 360 369 356 
14097 2534 356 355 360 
14098 2534 3683 3492 360 
14099 2534 3492 3683 2955 
14100 2534 3683 2956 2955 
14101 2300 2953 2824 501 
14102 2824 354 2534 356 
14103 2824 354 356 490 
14104 352 2824 2535 1969 
14105 2824 447 1969 372 
14106 2824 447 372 490 
14107 2824 372 354 490 
14108 2952 447 344 373 
14109 2952 499 1969 447 
14110 2952 499 447 373 
14111 2952 499 3109 1969 
14112 2952 3109 499 373 
14113 2600 495 3369 536 
14114 2600 2700 2703 2025 
14115 3313 3573 2953 2703 
14116 3062 458 457 455 
14117 2299 414 465 400 
14118 3963 3438 3931 3005 
14119 3372 1795 2953 343 
14120 495 2299 465 3313 
14121 3313 359 465 495 
14122 3656 3492 3755 2562 
14123 3962 2683 3963 2681 
14124 2845 3369 414 536 
14125 2845 414 418 536 
14126 2299 2871 3755 2562 
14127 3124 3379 54 279 
14128 1958 52 538 288 
14129 2477 288 1958 558 
14130 4027 3323 3293 3552 
14131 2870 2562 3656 3755 
14132 3755 413 400 412 
14133 2561 3683 3492 2955 
14134 2561 2562 3534 1960 
14135 3643 3249 2935 3248 
14136 1958 538 3380 3656 
14137 3380 53 538 52 
14138 4041 3138 2890 4025 
14139 2935 3138 3249 2983 
14140 1957 3550 4027 3576 
14141 2695 4042 2137 3090 
14142 3884 3549 2110 3144 
14143 3551 2491 3476 2255 
14144 3597 2762 3575 3697 
14145 3616 2696 1965 4040 
14146 2561 3683 2562 3492 
14147 3090 415 411 393 
14148 3963 3964 3881 3438 
14149 2702 3482 3844 2701 
14150 3129 3482 2701 2884 
14151 4035 2764 3378 4032 
14152 2702 2703 2701 3573 
14153 2702 2701 3844 3573 
14154 3781 498 394 497 
14155 2983 2389 2388 1806 
14156 3378 2264 3379 53 
14157 492 3656 3534 3492 
14158 3062 3403 524 517 
14159 3962 2681 3041 3042 
14160 3810 2762 3840 2964 
14161 2669 2501 2500 1645 
14162 3041 2964 3044 3841 
14163 3469 2589 3539 3540 
14164 2965 3247 3800 3985 
14165 3881 3389 2702 2871 
14166 3963 3438 3881 3931 
14167 3312 3716 3249 1806 
14168 1374 2063 1469 2368 
14169 2368 1497 1469 1374 
14170 1374 2063 2368 2160 
14171 2176 2248 3699 1919 
14172 2368 1500 1469 1497 
14173 2368 1500 2063 1469 
14174 2368 1493 1413 1497 
14175 1374 2368 1497 1493 
14176 3306 2572 1897 2291 
14177 3306 2572 2908 1897 
14178 3306 3317 3528 2291 
14179 3306 2572 3307 2908 
14180 3306 1897 3317 2291 
14181 3306 1897 2908 3317 
14182 2574 3306 3307 2273 
14183 2248 3699 3021 2947 
14184 2574 2250 2848 1577 
14185 2574 1575 1574 1576 
14186 2574 2407 2573 2571 
14187 2574 1575 2848 1574 
14188 3307 2273 2277 2250 
14189 3307 2273 2908 2277 
14190 3307 2250 2575 2848 
14191 2574 1578 3528 2273 
14192 2062 2573 2063 2571 
14193 2368 2407 2063 1500 
14194 2719 3300 2944 2062 
14195 2492 2062 3300 2006 
14196 2374 2593 2591 2592 
14197 2062 2063 1584 1674 
14198 2062 2063 2573 1584 
14199 2896 2328 2331 3301 
14200 2368 2571 2063 2407 
14201 3300 2368 2897 2571 
14202 3300 2896 2492 2006 
14203 2896 2330 2328 2329 
14204 2573 2848 2663 1574 
14205 2908 3886 2907 2277 
14206 2908 2273 2471 2277 
14207 2908 2471 3886 2277 
14208 2908 2471 2273 3317 
14209 2275 2196 2276 2575 
14210 2907 2856 3500 3501 
14211 2946 3979 2665 2945 
14212 2469 3615 1897 2909 
14213 2946 3979 3500 2856 
14214 2946 2907 3143 2856 
14215 2946 3143 2907 2909 
14216 2906 2153 2946 2909 
14217 1895 1896 3070 1897 
14218 1895 1896 1420 1419 
14219 3070 2897 3927 2014 
14220 3070 1896 3927 2710 
14221 2719 2006 3300 2062 
14222 2574 1587 3528 1578 
14223 1415 1895 1454 1416 
14224 2574 1576 1578 1577 
14225 2469 2471 2908 1897 
14226 1897 3615 1896 2909 
14227 2289 2997 2470 3009 
14228 3927 3302 3928 3309 
14229 3070 3300 2897 2571 
14230 2275 2908 2907 2277 
14231 3927 3920 3302 3309 
14232 2896 2331 2330 3839 
14233 3070 3927 1896 2014 
14234 3047 2709 3928 2710 
14235 2897 1414 1415 1413 
14236 2062 1584 2573 1571 
14237 3920 2330 2329 1410 
14238 2897 1415 1414 1416 
14239 2897 1414 1417 1416 
14240 2995 3390 2259 2156 
14241 2995 1520 2259 3390 
14242 2155 1267 1293 1294 
14243 2995 1491 1456 1471 
14244 1365 2728 1470 1491 
14245 2995 1455 3615 1896 
14246 2259 1896 2708 2710 
14247 3045 2332 3047 2333 
14248 2259 1896 2014 1421 
14249 2155 1267 2156 1251 
14250 2995 2259 1520 1421 
14251 1895 2571 2368 1500 
14252 2014 1453 1417 1414 
14253 3920 1410 2015 1453 
14254 2014 1417 1453 1516 
14255 2014 1421 1417 1516 
14256 3300 2896 2368 2160 
14257 3070 1896 1417 2014 
14258 1417 2897 1416 3070 
14259 2375 2377 2591 3698 
14260 2906 2946 2907 2909 
14261 3928 2709 2947 2710 
14262 3920 3047 2014 2015 
14263 3021 3600 2483 3046 
14264 2944 2780 3417 3547 
14265 2483 2485 2154 3046 
14266 2483 2154 2709 3046 
14267 2483 2485 2297 2484 
14268 2248 2154 2483 2249 
14269 2153 2247 2946 2856 
14270 3047 2014 3927 3920 
14271 2332 2259 3390 2156 
14272 2259 1516 3390 1520 
14273 3928 2483 2709 3046 
14274 2925 3493 3048 2298 
14275 2176 2249 2248 1919 
14276 2995 2156 2259 2708 
14277 3047 2015 3309 2333 
14278 3045 2332 2333 2334 
14279 2153 2156 2709 2154 
14280 2248 2946 2247 2665 
14281 2123 2294 3853 2124 
14282 2155 1252 1267 1251 
14283 2155 2690 2156 2154 
14284 2123 1252 1253 1254 
14285 2155 1252 1293 1267 
14286 2248 3928 3021 2483 
14287 2295 2796 2797 2484 
14288 2995 2156 2708 2996 
14289 2995 3525 1491 1471 
14290 3047 2259 2014 2333 
14291 2176 1919 3699 2664 
14292 2123 1256 2294 2124 
14293 2248 2249 2247 2123 
14294 3021 3601 3600 3873 
14295 2690 2123 2396 2249 
14296 2690 1249 1816 1246 
14297 3853 2996 2708 2156 
14298 3853 2996 3143 2708 
14299 2155 1293 1252 1254 
14300 2248 2153 2947 2709 
14301 3447 1294 1295 1341 
14302 2038 2039 2042 1342 
14303 2155 2728 1267 1294 
14304 2122 3853 2048 2284 
14305 1295 2122 1294 3447 
14306 2122 1300 1262 1259 
14307 3447 1341 1295 1342 
14308 2122 2124 2123 3853 
14309 2153 3863 2247 2856 
14310 2946 2945 2665 2947 
14311 2038 3447 2996 2039 
14312 3528 1578 1587 1624 
14313 3614 3615 1426 2040 
14314 2470 2997 3614 2048 
14315 2708 2710 1896 2909 
14316 3047 3920 3927 3309 
14317 2995 3525 3390 2156 
14318 2995 1896 3615 2996 
14319 3927 2014 2259 1896 
14320 2690 1252 1250 1253 
14321 3615 1423 1420 1425 
14322 3615 1420 1455 1425 
14323 3615 1420 1896 1455 
14324 3615 1426 1423 1425 
14325 3615 1426 3527 1423 
14326 3615 1420 1423 1422 
14327 3615 1423 3527 1422 
14328 1895 1422 1897 1427 
14329 1417 2897 3070 2014 
14330 3615 1455 1431 1425 
14331 3615 1431 3748 1425 
14332 3615 1455 3748 1431 
14333 1896 1455 1418 1421 
14334 2469 3527 1897 3615 
14335 1896 1418 1455 1420 
14336 3528 2197 3317 1627 
14337 2259 2333 3390 1516 
14338 2944 2572 2573 2571 
14339 3748 1428 1431 1452 
14340 3748 1431 1428 1425 
14341 3748 1428 1452 1490 
14342 1569 2492 2006 2062 
14343 2995 3390 3525 1471 
14344 2995 1455 1896 1421 
14345 3748 1491 1452 1431 
14346 2040 1429 1430 1426 
14347 2469 1897 2908 2909 
14348 2040 1437 1430 1429 
14349 2040 2041 1437 1429 
14350 2289 3527 2470 2040 
14351 2469 2907 2049 3143 
14352 2289 2056 1446 1430 
14353 2289 3393 2470 3527 
14354 2289 2290 2056 3009 
14355 2040 1437 2056 1430 
14356 2050 3863 1927 2124 
14357 2995 1896 2259 1421 
14358 2469 2471 2470 3886 
14359 3527 1423 3393 1422 
14360 3614 2040 1426 1428 
14361 3008 2750 3700 2336 
14362 3614 2909 3143 2708 
14363 3008 4005 3886 3885 
14364 2289 1446 1447 1430 
14365 1420 1422 1895 1419 
14366 2289 1463 3527 1426 
14367 2997 2164 3009 2056 
14368 2044 1712 2164 1730 
14369 2038 3748 2995 1491 
14370 3442 2284 2285 2039 
14371 2044 1734 2839 2903 
14372 2040 2041 3442 2045 
14373 2044 2839 1734 1727 
14374 2038 1304 2042 1489 
14375 3442 2052 2285 2053 
14376 2285 1282 2053 2052 
14377 2285 1283 1275 1282 
14378 2285 2052 1283 1282 
14379 2285 2052 2039 1283 
14380 2285 1275 1283 1300 
14381 2284 1927 3277 2124 
14382 2050 3143 3863 3853 
14383 1428 3615 3614 3748 
14384 1292 2690 2396 1246 
14385 2284 2124 3277 1259 
14386 3592 3277 2162 2163 
14387 2040 1437 2041 2056 
14388 2122 3447 2048 3853 
14389 1468 3390 3525 1817 
14390 2728 1201 2038 1365 
14391 2248 3021 3699 2483 
14392 2122 2124 1259 1257 
14393 2284 3277 1261 1259 
14394 2176 1919 2664 3331 
14395 1488 2042 2052 1210 
14396 2042 1489 1373 1490 
14397 2042 1373 229 1210 
14398 2042 1373 1489 229 
14399 2042 2039 2041 2052 
14400 2042 1489 1490 1452 
14401 2038 1342 2042 1304 
14402 2038 3748 1491 1452 
14403 2042 1342 2039 2052 
14404 2041 1451 1437 1429 
14405 1429 2042 1451 1490 
14406 3442 3308 2053 2285 
14407 3308 3442 2044 2285 
14408 2155 2728 3447 2996 
14409 2042 1451 1490 1373 
14410 2038 1489 228 1304 
14411 2053 2045 2054 2046 
14412 3308 1274 2163 1933 
14413 2176 2664 3452 3331 
14414 2285 1275 1300 1261 
14415 2053 1336 2046 1212 
14416 2053 2046 2054 1212 
14417 2053 1306 1336 1216 
14418 1318 2053 1336 1216 
14419 2053 1488 2052 1306 
14420 2053 1336 1306 1344 
14421 2053 1306 2052 1344 
14422 2047 2044 3308 2163 
14423 2839 1724 1723 1727 
14424 2839 1723 1734 1727 
14425 2047 3277 3308 2285 
14426 2839 1723 2903 1734 
14427 4014 2044 2047 3592 
14428 2044 2903 3592 3701 
14429 2839 1932 2903 1723 
14430 2839 2163 2903 1932 
14431 4014 2044 3592 3701 
14432 2044 1730 2164 1728 
14433 3442 2053 2041 2052 
14434 3701 3009 2164 2750 
14435 2725 1706 1708 1707 
14436 2573 2663 1571 1574 
14437 3008 3885 2471 2271 
14438 1758 2839 1933 2046 
14439 2725 2727 2750 1708 
14440 4014 2997 2044 2164 
14441 2040 2039 2997 3442 
14442 2164 2056 2045 2051 
14443 2164 2750 3009 1731 
14444 2164 3009 2056 2668 
14445 2164 1732 1730 1731 
14446 2290 3009 3393 2471 
14447 2290 3393 2772 2471 
14448 2290 2471 2772 2409 
14449 2290 2043 2408 2409 
14450 2772 1507 2197 1458 
14451 2772 1507 2617 2197 
14452 2772 2197 1457 1458 
14453 2772 1457 3393 1458 
14454 2772 2197 3317 1457 
14455 2772 3317 3393 1457 
14456 3393 1424 1463 1460 
14457 3393 1424 1460 1458 
14458 3393 1424 1423 1463 
14459 2289 1460 2290 3393 
14460 2772 2271 2471 3317 
14461 2289 2470 3393 3009 
14462 1897 1420 3615 1422 
14463 2725 1709 2750 3701 
14464 2469 2908 2907 2909 
14465 2471 2271 2273 3317 
14466 2471 3885 3886 2277 
14467 2471 2271 3885 2277 
14468 4014 2047 2049 4005 
14469 2437 2179 2178 2438 
14470 2290 2772 3393 1460 
14471 2290 1461 2772 1460 
14472 2289 3393 2290 3009 
14473 2772 2409 2271 2274 
14474 2408 3008 2471 2336 
14475 2271 2274 2273 3317 
14476 3701 2750 1712 1709 
14477 3886 3885 4005 3501 
14478 1261 2285 1275 3308 
14479 3499 3071 3016 3157 
14480 3499 3016 3071 3885 
14481 2437 3608 2178 2179 
14482 3008 3701 3700 2750 
14483 2271 3072 2273 2272 
14484 2290 2471 2408 3009 
14485 3020 3873 2925 3441 
14486 2997 2045 2164 2056 
14487 2047 2048 2050 2284 
14488 2155 3447 2728 1294 
14489 2273 2250 3072 2277 
14490 2275 2946 2907 3723 
14491 2271 3885 3072 2395 
14492 2908 1897 2572 2909 
14493 2574 3306 3528 2291 
14494 2571 2572 2574 3306 
14495 3307 2573 2848 3723 
14496 2290 2668 2056 3009 
14497 2274 2409 2272 2434 
14498 2274 2434 2617 2409 
14499 2437 2438 2178 1174 
14500 2274 1654 2272 1625 
14501 2274 2434 2272 1654 
14502 2274 1625 1624 1657 
14503 2274 1583 1624 1625 
14504 2274 2272 1583 1625 
14505 2434 2336 2272 2435 
14506 2434 2336 2409 2272 
14507 2274 2197 2617 1657 
14508 2272 2435 2336 2395 
14509 2271 2272 2336 2395 
14510 1897 1422 3615 3527 
14511 2271 3072 2272 2395 
14512 2437 1092 1133 1140 
14513 3072 1583 1628 1579 
14514 3393 1422 1423 1424 
14515 2272 1626 1583 1625 
14516 2272 1654 1626 1625 
14517 3072 3071 2395 3885 
14518 2274 2617 2434 1635 
14519 2336 2727 2395 2435 
14520 2336 2409 2408 1755 
14521 2393 1626 2272 1681 
14522 2393 3072 3071 2395 
14523 2336 2395 2727 3885 
14524 3701 3700 2725 2903 
14525 2471 2273 2271 2277 
14526 2772 2617 2274 2197 
14527 2336 2435 2434 1755 
14528 2289 1446 2056 1447 
14529 1740 2408 2410 2409 
14530 2408 2409 2043 2410 
14531 2408 1714 1715 1735 
14532 2408 1715 2043 1735 
14533 2408 3009 2750 1749 
14534 2408 2750 1714 1749 
14535 2408 1715 1714 1713 
14536 3701 2750 2164 1731 
14537 2750 1731 1712 1711 
14538 2750 1712 1709 1711 
14539 3008 3700 3885 2336 
14540 2164 2668 1732 1749 
14541 2164 1730 1747 1728 
14542 2750 1709 1708 1711 
14543 2750 1711 1708 1713 
14544 2272 1583 1626 1628 
14545 2251 2725 1718 2157 
14546 2437 2292 3608 2179 
14547 2725 1710 1718 1707 
14548 2726 2729 1928 2488 
14549 2726 2488 1928 3015 
14550 2726 3015 3016 2488 
14551 2726 3016 2727 2395 
14552 2726 1717 1704 1757 
14553 2727 2395 3016 3885 
14554 2336 2750 1708 1713 
14555 2044 2046 2839 1728 
14556 2725 1706 2726 2727 
14557 3700 3791 3592 4005 
14558 2395 2488 2392 2729 
14559 2392 1928 2488 1929 
14560 2392 2488 1928 2729 
14561 2392 2488 2486 1929 
14562 2392 1930 1928 1929 
14563 2392 2729 1928 1930 
14564 1592 2392 1590 1630 
14565 2394 1592 1590 1582 
14566 2393 2392 1592 2729 
14567 2392 1930 1678 1542 
14568 1682 2392 1630 1542 
14569 2392 2729 1930 1542 
14570 2392 1930 1929 1678 
14571 3016 3071 3885 2395 
14572 3016 3071 2395 2488 
14573 3008 2750 2336 2408 
14574 2437 2292 2863 3608 
14575 2727 1708 1706 1733 
14576 2750 1713 1714 1711 
14577 2725 3700 2727 3016 
14578 2726 1704 1717 1706 
14579 2044 1712 3701 2164 
14580 2743 1139 1091 1087 
14581 2743 1139 1087 1090 
14582 2743 1091 3060 1087 
14583 2743 3053 1091 1139 
14584 3059 3351 3060 2857 
14585 3351 2432 2431 1096 
14586 2743 2487 2517 1139 
14587 3157 2486 2488 2487 
14588 3157 2486 2431 2488 
14589 3499 3500 3059 3501 
14590 3072 2394 2196 2250 
14591 3157 3791 3190 2158 
14592 2743 1099 1139 1090 
14593 2273 1583 2272 3072 
14594 2394 3071 2488 2395 
14595 3351 2486 1096 2431 
14596 3059 2855 3500 2857 
14597 2486 1176 1123 1097 
14598 2486 1123 1122 1097 
14599 2392 1929 2433 1631 
14600 2486 1176 1097 1096 
14601 2486 2431 1176 1096 
14602 2486 1176 2431 2433 
14603 2486 1097 1090 1096 
14604 3351 1089 1096 1090 
14605 3015 1741 1705 1718 
14606 3015 2158 1741 1718 
14607 3015 1741 1703 1705 
14608 3015 2158 2517 1741 
14609 3015 2517 2487 1741 
14610 3015 3157 2487 2743 
14611 1703 2726 1705 1704 
14612 1928 1696 1702 1703 
14613 2726 1704 1706 1705 
14614 2903 1734 1709 1712 
14615 2903 1710 1709 1734 
14616 1720 2903 1734 1710 
14617 3592 3791 3322 4005 
14618 1709 2725 1710 2903 
14619 2725 2158 3764 3016 
14620 3701 1712 2750 1731 
14621 2251 1710 1719 1718 
14622 2251 1710 1720 1719 
14623 2157 1726 1745 1742 
14624 2157 1741 1718 1726 
14625 3641 3264 2745 1870 
14626 1932 3054 2162 3056 
14627 1932 2163 2162 1933 
14628 1932 2162 2430 1933 
14629 1932 3054 2430 2162 
14630 2157 2517 1741 1726 
14631 1932 1722 1721 1720 
14632 1931 1932 3054 2430 
14633 2430 1214 1311 1351 
14634 2430 1311 1214 1694 
14635 2430 1320 1214 1351 
14636 1278 2430 1933 1311 
14637 1932 1720 1723 1722 
14638 1932 2430 1721 1722 
14639 2430 1694 1214 1752 
14640 3308 2163 2839 1933 
14641 1924 3055 3054 3195 
14642 3592 3056 1932 2162 
14643 2469 3527 2470 1897 
14644 2248 2709 3928 2483 
14645 2049 3143 2050 2048 
14646 2162 1263 3057 1279 
14647 2430 2270 2162 3054 
14648 2162 3057 2270 1279 
14649 2162 2270 3057 3054 
14650 2162 3057 3056 3054 
14651 2430 1694 1721 1722 
14652 2162 1933 2163 1278 
14653 2044 1728 2839 1727 
14654 3641 3264 3092 2745 
14655 2162 1278 1263 1279 
14656 3277 1263 2162 1274 
14657 3322 3056 2162 3057 
14658 1924 3057 2252 3195 
14659 1924 2843 3195 2252 
14660 2725 2158 3016 3015 
14661 3791 4005 3885 3501 
14662 2044 1728 2164 2045 
14663 1924 3322 3057 3056 
14664 3322 2162 3277 1927 
14665 1924 3054 3057 3195 
14666 3499 3500 2275 2276 
14667 3351 2432 3546 2431 
14668 3863 1925 2292 2856 
14669 2855 2856 2292 1925 
14670 1924 2293 1926 1925 
14671 3053 2517 3190 2158 
14672 2157 2251 1721 1719 
14673 2251 2725 2157 3764 
14674 3053 1157 2517 1931 
14675 2157 3054 2251 3056 
14676 3059 3060 3351 2743 
14677 3499 2276 3071 3157 
14678 3057 1298 1299 1279 
14679 3351 2276 3546 2857 
14680 3060 1087 1091 1086 
14681 3060 1091 1135 1086 
14682 3060 1085 1087 1086 
14683 3060 1093 1086 1135 
14684 3060 2843 1093 1135 
14685 2336 2434 2409 1755 
14686 3055 3054 3053 3056 
14687 2292 2856 2857 3979 
14688 2292 2857 3608 3979 
14689 3055 3053 1135 1091 
14690 2855 3060 2292 2857 
14691 2050 3863 3143 3501 
14692 2725 1710 2251 1718 
14693 2153 2155 3853 2156 
14694 3608 2247 3979 2665 
14695 3016 3157 3071 2488 
14696 1703 2726 3015 1705 
14697 2855 3500 2857 2856 
14698 3190 3322 2855 3055 
14699 3055 3060 1135 2843 
14700 1926 2294 1925 2293 
14701 2292 3010 3608 2857 
14702 1924 2855 3322 3055 
14703 2153 3143 2946 2909 
14704 2436 2292 2293 2843 
14705 3592 3277 3322 2162 
14706 2123 2249 3399 2396 
14707 2176 2665 2247 2179 
14708 2176 1919 3399 2249 
14709 1254 2851 1255 1253 
14710 3641 2744 1869 1870 
14711 2155 2156 2690 1251 
14712 2177 2293 2179 2851 
14713 2293 1269 1328 1264 
14714 1926 3057 1298 1266 
14715 2176 3452 3399 3331 
14716 1917 2800 1240 2396 
14717 2177 2438 2178 2179 
14718 2177 1763 2178 2438 
14719 2177 1763 2438 1309 
14720 2293 2438 2177 2179 
14721 1924 3322 2855 1925 
14722 2123 1256 2124 1257 
14723 3399 2396 1240 1285 
14724 3399 1240 3030 1285 
14725 3399 3030 1361 1285 
14726 2483 2249 3399 1919 
14727 1917 1240 3399 2396 
14728 1917 2484 3663 3360 
14729 3399 1361 1352 1285 
14730 2177 1265 1269 1264 
14731 3399 1292 1285 1352 
14732 3399 1292 2396 1285 
14733 3642 2664 1919 3331 
14734 2690 1253 1250 1292 
14735 1926 3277 1260 3057 
14736 2293 1296 1328 1297 
14737 2247 3608 2292 2179 
14738 3699 2665 2664 3547 
14739 2176 2177 3452 2178 
14740 3021 3600 3792 1919 
14741 2155 2123 2690 2154 
14742 2449 2062 1571 1569 
14743 2247 2665 3608 2179 
14744 3614 3615 1896 2996 
14745 2863 1093 3060 2843 
14746 2665 2664 3608 2179 
14747 3699 3642 3547 2664 
14748 2664 2179 2178 3608 
14749 3641 3092 2666 2745 
14750 2155 1293 2122 1294 
14751 2744 2178 3608 2664 
14752 2177 3030 3399 1763 
14753 2483 3399 2249 2396 
14754 2437 1092 1175 1079 
14755 2178 1175 2629 1079 
14756 2178 1118 2438 1763 
14757 2436 1133 2843 1169 
14758 2436 2293 2292 2179 
14759 2437 1174 1092 1140 
14760 3641 3091 3058 2666 
14761 3351 3157 2431 2276 
14762 3608 2857 3010 3979 
14763 2292 1925 2293 2843 
14764 2292 2293 1925 2294 
14765 3642 3855 1869 2864 
14766 2176 3699 2665 2664 
14767 3641 2666 3058 1129 
14768 3451 2665 2945 3547 
14769 2284 1261 1300 1259 
14770 3264 3855 3547 2779 
14771 3264 3547 3417 2779 
14772 3264 3417 2694 2779 
14773 3264 3547 2694 3417 
14774 3642 1869 2747 2864 
14775 3427 3926 2344 2345 
14776 1869 1081 1127 1195 
14777 3642 3547 2664 2744 
14778 2906 2947 2944 2946 
14779 2437 2178 3608 1079 
14780 3546 3091 3010 2857 
14781 3546 2666 2577 2432 
14782 3546 2666 3091 2577 
14783 3010 1083 1080 1168 
14784 1080 2863 1083 3010 
14785 3641 3264 3451 3092 
14786 3451 2664 2665 3547 
14787 3546 2577 3091 2276 
14788 3546 2276 2431 2577 
14789 3546 1181 2666 2432 
14790 3053 2270 3054 3195 
14791 2276 2196 2431 2577 
14792 2276 2575 2196 2577 
14793 3015 3157 2743 2158 
14794 3546 2431 2432 2577 
14795 3546 1134 1181 1098 
14796 2275 2945 3091 3979 
14797 2275 2907 2908 3723 
14798 3500 2857 2856 3979 
14799 3057 1298 2252 1299 
14800 2743 3190 3053 2517 
14801 3499 3059 3791 3501 
14802 2907 2906 3723 2946 
14803 3641 2744 3451 3264 
14804 3091 2940 2575 2576 
14805 2275 2907 2946 3500 
14806 3642 1919 3699 3902 
14807 3641 1869 3264 1870 
14808 2945 3417 2694 3547 
14809 2719 3301 3300 2006 
14810 2662 2694 2945 3417 
14811 3351 2743 1087 1090 
14812 2195 1619 1617 1623 
14813 2940 2576 2667 1618 
14814 2940 2667 2576 3092 
14815 2940 2663 2848 1617 
14816 2574 3307 3306 2572 
14817 2940 1618 1617 1619 
14818 2940 1580 1617 1618 
14819 2574 3528 3306 2273 
14820 2663 1571 1574 1572 
14821 2663 1572 1570 1571 
14822 3641 3264 1869 2744 
14823 3641 1088 2744 1870 
14824 2944 3723 2946 2945 
14825 3528 3317 2274 1627 
14826 2663 2848 1575 1574 
14827 2940 2694 1580 1618 
14828 2940 2694 1618 2667 
14829 2945 2575 2940 3723 
14830 2195 1617 2848 1623 
14831 2275 2276 3091 2575 
14832 2906 3070 2944 3927 
14833 2486 1178 1123 1043 
14834 2290 2772 2410 2409 
14835 3091 3092 2576 2666 
14836 2848 1623 1617 1575 
14837 2848 1623 1575 1577 
14838 2848 2250 1623 1577 
14839 2195 2575 2196 2250 
14840 2663 1570 1572 1580 
14841 2574 1578 2273 2250 
14842 2848 1575 1576 1577 
14843 2574 3528 2407 2291 
14844 3499 3157 3059 2276 
14845 3307 2572 2573 3723 
14846 3451 2857 3091 3979 
14847 2250 1578 1579 1577 
14848 2250 1579 1581 1577 
14849 2195 2848 2940 2575 
14850 2574 1578 2250 1577 
14851 2896 2328 3920 2329 
14852 3351 1087 2743 3060 
14853 2195 2250 1581 1623 
14854 3091 2857 3500 3979 
14855 2196 1581 1589 1591 
14856 2196 1582 1589 1581 
14857 2196 1589 2431 1599 
14858 2196 2431 2577 1599 
14859 2195 1591 2577 1663 
14860 2940 2575 2848 3723 
14861 3528 2274 2273 1624 
14862 2576 2577 2278 1663 
14863 2437 1079 3608 1080 
14864 2576 2666 2278 2577 
14865 2576 1619 1663 1620 
14866 2576 1663 2278 1620 
14867 2195 2196 2575 2577 
14868 2666 2278 2432 1131 
14869 2666 2432 1181 1131 
14870 2666 2278 2577 2432 
14871 2273 1583 3072 1579 
14872 2666 1131 1181 1129 
14873 2666 2667 2745 3092 
14874 2666 2745 2667 1144 
14875 2745 2746 3092 2667 
14876 3263 2344 3427 2508 
14877 2275 3979 2946 3723 
14878 3451 3608 2664 2744 
14879 2195 2575 2940 2576 
14880 2666 1144 1131 1130 
14881 2005 3357 3396 3916 
14882 2628 3604 1573 1612 
14883 2005 2008 3417 2006 
14884 2005 2778 3916 3396 
14885 2374 2592 2591 2615 
14886 2005 3357 3916 2007 
14887 2628 2779 3604 3391 
14888 2005 3604 2778 3396 
14889 2930 2342 2648 1609 
14890 2930 3291 2648 2342 
14891 2930 3395 2648 3291 
14892 3125 2342 2930 1609 
14893 3474 3125 2930 3604 
14894 3604 2779 3263 3391 
14895 3917 4011 3984 3291 
14896 3604 3396 3394 3474 
14897 2930 3395 3396 1908 
14898 2930 1908 3396 1646 
14899 2930 3604 3394 3474 
14900 2930 3395 3394 3396 
14901 3604 1646 1573 1610 
14902 3604 1646 3396 1573 
14903 2662 2663 2940 2694 
14904 3604 1610 1573 1612 
14905 3125 3917 2508 3474 
14906 3125 3604 3391 1612 
14907 2694 1618 1649 1580 
14908 3391 2667 2746 1662 
14909 3391 2667 3092 2746 
14910 3125 2342 3917 2930 
14911 3642 1869 3547 2744 
14912 3263 2344 2508 1126 
14913 3984 2337 2344 3926 
14914 3535 2778 2616 2779 
14915 3535 2778 1886 2616 
14916 3535 1886 1884 2616 
14917 3535 3855 2780 2616 
14918 3535 2780 2779 2616 
14919 3535 2779 2780 3855 
14920 3642 3855 3901 3902 
14921 2592 3004 3428 3855 
14922 3125 1610 1611 1609 
14923 2642 3572 3984 3926 
14924 3984 3291 4011 3572 
14925 1886 2778 3474 3394 
14926 3535 1886 2778 3474 
14927 2005 2008 3655 3916 
14928 2778 3916 3396 3483 
14929 2778 3728 3916 3483 
14930 2778 3916 3728 2616 
14931 2779 2694 2628 3417 
14932 2005 2007 2006 3357 
14933 2461 797 1952 798 
14934 2363 3711 2365 2362 
14935 2628 1570 1616 1568 
14936 3351 1085 3060 3010 
14937 3020 3417 2944 2780 
14938 2694 1618 2667 1649 
14939 3417 3547 2780 2779 
14940 3653 3612 2963 2913 
14941 2780 3902 3855 3547 
14942 2780 3855 2779 3547 
14943 2628 3417 2005 2779 
14944 2005 2007 3655 2008 
14945 2662 2663 2573 2848 
14946 2944 3927 3300 3302 
14947 2906 2573 2662 2944 
14948 2005 2778 3604 2779 
14949 3451 2664 3547 2744 
14950 3535 2778 2779 3474 
14951 2665 2947 2945 3547 
14952 3330 2593 2594 2585 
14953 3642 3901 3855 2864 
14954 3263 2508 3474 3604 
14955 1869 2864 3427 2180 
14956 1869 2744 3264 3547 
14957 2344 1107 1126 1132 
14958 3984 2508 2344 2337 
14959 2344 1108 1126 1107 
14960 1126 3427 1132 1081 
14961 3263 1126 1870 1127 
14962 2344 3926 2337 2345 
14963 2344 1126 1108 1156 
14964 2344 1108 2508 1156 
14965 3427 2864 3428 3051 
14966 2642 3572 4002 2643 
14967 2453 3752 4002 3568 
14968 4048 2012 4002 3355 
14969 4048 4002 3926 3355 
14970 2645 2679 2010 2546 
14971 2645 2631 2547 2644 
14972 2452 2631 2645 2644 
14973 1879 1916 3693 3870 
14974 4048 2012 4021 2643 
14975 2645 2453 2012 3354 
14976 3354 2011 2679 3356 
14977 2547 2546 2645 1879 
14978 2011 2862 2861 3031 
14979 3820 2862 2428 2564 
14980 2807 2861 2345 3368 
14981 2662 3723 2944 2945 
14982 3263 3984 3535 3474 
14983 2337 2339 2004 1106 
14984 3631 3572 4011 4037 
14985 4011 2004 2337 2339 
14986 3572 3291 4037 3394 
14987 3984 2344 2508 3926 
14988 2337 1106 1107 1105 
14989 2642 1886 3984 3572 
14990 4011 2343 2004 2339 
14991 2899 2910 4045 6 
14992 2591 2377 2615 3809 
14993 4049 3394 3572 4037 
14994 3125 2651 2746 2508 
14995 3984 3291 3572 3394 
14996 1872 1873 4050 3491 
14997 3905 3801 2650 3864 
14998 3466 2632 2212 3194 
14999 3864 2961 4047 2650 
15000 2814 3838 2813 3632 
15001 2451 2910 3506 6 
15002 2813 3982 3506 3507 
15003 2451 2939 2810 2814 
15004 2662 2945 2940 3723 
15005 3983 3996 3455 3801 
15006 3454 3983 3456 3529 
15007 2361 2482 3456 3836 
15008 3630 2962 2910 2963 
15009 3593 3784 3594 2633 
15010 3905 3801 2358 2650 
15011 3982 3610 2361 3455 
15012 3934 3983 3456 3610 
15013 3456 3845 3836 3595 
15014 1872 3823 1873 3491 
15015 2361 3672 2359 2360 
15016 3456 2992 3595 3836 
15017 3456 3595 2992 3569 
15018 1067 2605 1071 1068 
15019 4049 3394 4037 2963 
15020 2992 1067 1071 1074 
15021 2605 1072 3836 1071 
15022 2605 1072 2481 3836 
15023 2605 2170 2172 1164 
15024 2993 1063 1067 1125 
15025 2993 1063 2994 1067 
15026 2993 3569 3367 3356 
15027 2993 1074 1125 1067 
15028 3508 3978 1866 3509 
15029 2993 3356 2861 2345 
15030 3613 1062 2994 1064 
15031 3613 2345 2993 3368 
15032 2170 2105 3370 1187 
15033 3370 2170 2172 2173 
15034 2662 2940 2945 2694 
15035 2994 1063 1064 1067 
15036 3414 3468 2018 2208 
15037 3367 3594 3830 3595 
15038 3367 3569 3830 3356 
15039 3367 3595 3830 3569 
15040 2993 1065 1063 1125 
15041 1766 2221 89 903 
15042 3466 3194 2212 3371 
15043 3820 2564 2807 2861 
15044 3820 3031 2862 2564 
15045 1766 89 1767 88 
15046 2076 1765 1776 3031 
15047 3820 2428 3556 2427 
15048 2860 2680 2011 2679 
15049 1764 23 895 87 
15050 1764 3266 2862 3116 
15051 3217 23 2832 3284 
15052 3466 3257 2632 3194 
15053 2010 2849 2011 2013 
15054 3820 2862 2860 3116 
15055 3255 22 86 893 
15056 1764 87 86 894 
15057 3367 3228 2679 3594 
15058 2607 3845 3595 3836 
15059 1766 903 88 24 
15060 1766 89 88 903 
15061 3593 3845 3456 3595 
15062 3594 2633 2631 3830 
15063 3593 3702 3783 3845 
15064 2630 3782 2632 3837 
15065 2860 3116 3266 3625 
15066 3414 3625 2526 3938 
15067 3414 2018 3145 2208 
15068 3613 1062 1064 1063 
15069 1766 2221 1767 89 
15070 3556 2427 2226 2224 
15071 1767 2222 1776 2447 
15072 2993 3356 3367 3624 
15073 2679 3830 3594 2631 
15074 3354 3355 2011 2861 
15075 3556 2566 3613 3368 
15076 3556 3624 3613 2529 
15077 2526 3970 2527 2226 
15078 3556 2529 3625 3624 
15079 2712 2713 2214 2213 
15080 3467 2611 3702 3784 
15081 2837 2226 2223 2225 
15082 2020 3714 3405 2677 
15083 2712 3194 3199 2355 
15084 2209 2790 3029 2678 
15085 1764 1765 1767 2862 
15086 2453 3354 3569 3355 
15087 3164 3116 3556 3625 
15088 3367 3594 2679 3830 
15089 2209 3937 2018 3384 
15090 2837 2225 3406 3956 
15091 2209 3029 2790 3384 
15092 3414 2994 3625 3938 
15093 3284 24 2833 25 
15094 3404 3406 3165 3407 
15095 3284 2914 24 25 
15096 3145 3806 2526 3165 
15097 3466 3754 3208 3371 
15098 2214 2713 553 482 
15099 3199 277 22 21 
15100 2833 3407 3406 2117 
15101 2212 3371 3998 3837 
15102 3284 273 24 552 
15103 2790 3029 2678 2357 
15104 2662 2940 2848 3723 
15105 3480 1787 2355 2357 
15106 3480 1787 2832 2355 
15107 2020 3407 3405 2019 
15108 2714 2030 3371 3754 
15109 2714 3371 3208 3754 
15110 2713 2789 2356 475 
15111 2214 3194 3199 3108 
15112 2027 3913 3275 3274 
15113 2027 3443 3467 3275 
15114 2662 2848 2940 2663 
15115 2027 3274 2791 2028 
15116 3443 1871 3445 3892 
15117 2833 273 2142 548 
15118 3443 2512 3994 1871 
15119 3467 3702 3783 3784 
15120 3782 3446 3611 3783 
15121 2191 3734 2193 2013 
15122 3561 3629 690 687 
15123 1828 1915 3139 2082 
15124 3003 3031 4048 3392 
15125 2078 2455 4021 2194 
15126 1797 614 612 744 
15127 3646 3585 3747 2446 
15128 2077 3052 3861 2429 
15129 2191 3819 3734 2013 
15130 3819 586 837 862 
15131 3734 586 3819 862 
15132 3819 837 586 86 
15133 3037 3040 2194 3591 
15134 3693 3734 824 85 
15135 2193 3690 3481 3182 
15136 3734 2013 3819 85 
15137 1773 3050 3646 3585 
15138 2076 2222 2428 2429 
15139 1830 3861 2077 1839 
15140 1767 2222 2447 89 
15141 2374 2780 3022 2593 
15142 1767 89 2447 88 
15143 2076 1767 2428 2222 
15144 3819 586 85 86 
15145 2076 1776 1767 2222 
15146 3561 3562 1915 2083 
15147 2220 2428 1767 2222 
15148 3217 2832 3199 3284 
15149 2860 2862 3266 3116 
15150 3688 3182 2193 2192 
15151 3734 3315 3314 862 
15152 2191 3870 2013 2193 
15153 3734 3314 824 862 
15154 3257 3228 3468 3784 
15155 1879 2939 2454 2547 
15156 3688 3681 3185 2643 
15157 2181 2190 2183 2747 
15158 3004 3428 3855 2864 
15159 3987 3013 3582 2089 
15160 1837 2184 3901 3330 
15161 2744 3642 2629 2664 
15162 3785 2815 2817 2818 
15163 2628 3396 3357 1573 
15164 3003 3031 2076 2078 
15165 3420 2194 3040 3591 
15166 1774 837 861 730 
15167 2705 2189 3458 3553 
15168 1837 2182 2184 3861 
15169 2564 3031 2076 3003 
15170 2615 3240 1883 2928 
15171 2531 2457 3074 3862 
15172 2635 2446 1829 2350 
15173 3192 2077 3585 2447 
15174 3003 2182 3861 3052 
15175 2635 864 3361 738 
15176 1915 1784 2445 1914 
15177 4017 2819 3908 3567 
15178 2504 755 616 637 
15179 3050 3629 776 857 
15180 2214 553 2713 3108 
15181 3315 837 730 731 
15182 3227 2632 2546 2679 
15183 3561 687 686 776 
15184 3040 784 800 783 
15185 3850 3759 100 606 
15186 3315 3037 688 730 
15187 3646 89 582 88 
15188 3182 3408 3184 3183 
15189 2078 4021 2191 2194 
15190 1774 1765 88 87 
15191 2374 2376 3022 2008 
15192 1773 3646 2447 3585 
15193 2567 3715 3580 3992 
15194 3724 3422 3039 3038 
15195 1913 3139 712 713 
15196 2615 1883 3240 2616 
15197 2161 2942 1952 697 
15198 2374 2778 2780 2616 
15199 1838 1839 1830 2083 
15200 3421 2737 3279 3912 
15201 1784 1838 1882 3562 
15202 2374 3240 3916 2616 
15203 3242 3598 2373 3591 
15204 3856 3328 3654 3538 
15205 2821 2819 3557 3860 
15206 3243 734 790 699 
15207 2739 2891 3561 1915 
15208 3724 3715 3038 3992 
15209 2781 2929 2459 2460 
15210 3816 2161 647 671 
15211 3828 3827 2418 2853 
15212 2374 2376 2375 3022 
15213 2374 3916 2376 2008 
15214 3715 3513 2768 3241 
15215 3641 2744 3058 3451 
15216 1856 2055 774 810 
15217 3022 2780 3021 2593 
15218 3420 3037 3192 3039 
15219 3050 3561 3585 3039 
15220 684 2567 2776 3038 
15221 4004 1858 3779 3942 
15222 3142 2932 3250 483 
15223 3142 3250 318 483 
15224 2553 2639 3815 2321 
15225 3142 318 319 320 
15226 3142 320 483 318 
15227 3142 320 2932 483 
15228 323 3142 2322 2320 
15229 3142 2321 2322 2320 
15230 2552 2265 3664 2554 
15231 2552 3460 3664 3200 
15232 2552 3460 2554 3664 
15233 2374 2780 2592 2616 
15234 2639 2320 3214 2970 
15235 2322 1786 469 2313 
15236 3200 376 374 469 
15237 1786 375 3200 376 
15238 3200 374 484 469 
15239 3200 484 2322 469 
15240 2838 2789 2356 2357 
15241 2838 2789 3664 340 
15242 3460 3966 3075 2554 
15243 3460 3200 2552 2322 
15244 2838 2357 2356 1787 
15245 2838 475 2356 2789 
15246 2838 342 475 340 
15247 2552 326 2265 324 
15248 3664 333 340 326 
15249 3142 319 316 323 
15250 2552 322 319 484 
15251 2552 2322 3200 484 
15252 3664 340 341 326 
15253 1786 2357 3200 2838 
15254 2838 3664 333 340 
15255 2214 3199 277 3108 
15256 2028 341 361 485 
15257 2028 361 2627 485 
15258 3664 2789 2028 347 
15259 2028 361 341 347 
15260 3460 3664 3200 2838 
15261 2029 390 1973 389 
15262 2029 389 364 390 
15263 3998 2212 2213 3371 
15264 3080 3082 3425 2625 
15265 2624 2265 2626 2932 
15266 2374 2593 2592 2780 
15267 1964 1962 2626 2624 
15268 2626 2932 1963 1964 
15269 3080 3829 3695 2240 
15270 1962 1961 388 2749 
15271 2791 3664 2624 2554 
15272 3664 340 2789 347 
15273 2626 339 2265 338 
15274 3134 486 341 485 
15275 2838 475 2789 340 
15276 2626 2932 2265 1963 
15277 2624 1962 2625 3276 
15278 2265 324 338 325 
15279 2028 3134 341 485 
15280 3134 2627 385 485 
15281 2624 2554 2932 3276 
15282 2626 3134 2627 385 
15283 2265 325 338 339 
15284 3081 3274 2625 3276 
15285 2511 3082 3274 2627 
15286 3899 284 2413 3694 
15287 3082 3695 3829 489 
15288 2624 2554 2265 2932 
15289 3082 419 3694 409 
15290 3425 488 2625 409 
15291 2625 488 386 409 
15292 2625 409 386 387 
15293 3934 3830 3456 3569 
15294 2625 2627 409 387 
15295 2412 3097 2414 2590 
15296 3934 3610 3526 3838 
15297 1962 3425 388 386 
15298 2240 3080 3320 2239 
15299 2028 2627 3134 485 
15300 2027 2030 3913 2314 
15301 1973 571 423 569 
15302 2624 3276 2625 3274 
15303 2626 2627 2625 385 
15304 2213 390 3998 2030 
15305 2791 3275 3966 3276 
15306 2027 3892 3443 3275 
15307 3023 3276 3081 3831 
15308 3880 3789 4006 3542 
15309 3023 3081 2473 3831 
15310 2791 2624 3274 3276 
15311 387 2625 2627 385 
15312 2627 2314 3274 2511 
15313 1973 2030 3998 390 
15314 1900 2001 2216 2589 
15315 1900 2218 3930 2219 
15316 3097 3622 2590 2589 
15317 3818 3864 3623 2589 
15318 3272 3245 3408 2658 
15319 1900 3930 2589 2219 
15320 1898 3272 3727 1901 
15321 3997 3272 3904 3002 
15322 1900 2216 2218 2219 
15323 2589 3097 1900 2001 
15324 3934 3526 2452 3838 
15325 2472 69 2414 926 
15326 2472 2652 3817 936 
15327 68 2652 2472 936 
15328 3997 2912 2654 3817 
15329 1864 3735 1865 66 
15330 3609 3611 3508 1865 
15331 3997 3001 3272 3002 
15332 2000 3469 3539 3491 
15333 2630 3526 2633 4044 
15334 2027 2030 2314 2028 
15335 2238 1949 1950 2240 
15336 2895 2696 2475 2474 
15337 3115 930 138 74 
15338 3640 4001 2888 3732 
15339 2238 1950 3617 2240 
15340 2238 2217 2001 2003 
15341 2000 1873 3789 3491 
15342 3104 286 67 68 
15343 3768 2239 3769 3024 
15344 3961 1851 3670 1949 
15345 2413 3081 3695 2240 
15346 3961 2893 3617 2240 
15347 2893 3320 2894 2895 
15348 3961 2893 1950 3617 
15349 3829 3961 2893 72 
15350 3670 3671 1899 2788 
15351 2412 3891 3858 2414 
15352 1949 1951 2216 2001 
15353 2415 1949 3961 3098 
15354 2472 927 3097 69 
15355 3244 825 133 132 
15356 3934 3830 2452 3526 
15357 3727 3272 2927 1901 
15358 3727 3483 2462 3916 
15359 2563 1951 2834 3233 
15360 3586 3321 2462 2218 
15361 1898 1901 1900 3002 
15362 136 137 3671 1851 
15363 134 133 927 2472 
15364 3670 136 72 929 
15365 2161 2922 2921 2920 
15366 2363 3711 2362 3645 
15367 3829 576 72 275 
15368 3023 3024 2473 3081 
15369 2412 3891 2237 3960 
15370 3586 2218 1899 2216 
15371 1898 2218 1907 2463 
15372 2415 2240 3695 3829 
15373 2472 936 3817 132 
15374 1949 3670 2216 1851 
15375 4003 2502 3712 1904 
15376 4003 1903 3321 2502 
15377 4003 2502 1904 1903 
15378 3925 3822 4012 4003 
15379 3169 3883 4004 3537 
15380 3925 4003 4012 3321 
15381 3244 593 133 825 
15382 1898 1907 2462 3483 
15383 3942 679 4015 672 
15384 2736 2738 2445 2739 
15385 4016 639 3602 638 
15386 3629 691 1915 690 
15387 3653 1906 3612 2913 
15388 2364 2363 3645 2927 
15389 3852 2448 3085 3019 
15390 3813 1798 3462 3084 
15391 3362 717 716 735 
15392 2459 2658 2927 2929 
15393 3238 625 622 623 
15394 3704 3705 3267 707 
15395 3816 2417 2416 3580 
15396 695 2460 696 2461 
15397 2595 2915 2416 2418 
15398 3420 3039 3192 3562 
15399 2459 2927 2926 2929 
15400 2461 797 798 718 
15401 3315 688 3037 783 
15402 3244 1901 2658 3272 
15403 3645 593 859 134 
15404 3408 878 732 880 
15405 3270 3728 1883 1885 
15406 3997 2654 2912 2913 
15407 3270 3184 3185 3409 
15408 2781 782 698 789 
15409 2459 3645 2927 2658 
15410 1822 137 584 856 
15411 3586 4003 2502 3712 
15412 4012 1903 4003 3822 
15413 697 1952 797 781 
15414 3670 71 928 135 
15415 3934 3456 3983 3569 
15416 3586 2502 3321 2788 
15417 3569 2452 3934 3830 
15418 934 2652 66 130 
15419 3243 673 699 790 
15420 2460 3513 2161 694 
15421 1898 3586 2462 2218 
15422 2961 2963 4037 3394 
15423 2362 135 859 798 
15424 2776 2892 2567 778 
15425 3184 3183 3408 3896 
15426 3586 2218 2216 2788 
15427 3387 670 2781 673 
15428 2920 3168 2769 3698 
15429 3270 3184 2927 3272 
15430 2658 3408 2782 880 
15431 3408 3245 3896 830 
15432 3245 131 595 132 
15433 733 3408 3183 830 
15434 3651 3896 3184 3245 
15435 3185 3193 3681 3689 
15436 3934 3456 3593 3610 
15437 2451 2453 3752 2454 
15438 3245 130 3896 830 
15439 3244 3272 3001 1901 
15440 81 2451 4045 2939 
15441 2899 851 130 129 
15442 2899 851 3896 130 
15443 3651 3681 4045 2963 
15444 3997 3184 3272 3245 
15445 2910 2912 2654 2913 
15446 2451 3506 2813 6 
15447 2658 595 3408 880 
15448 4049 3572 1886 2643 
15449 3183 851 855 830 
15450 3193 81 605 871 
15451 1879 1916 82 83 
15452 2810 4044 3526 2644 
15453 3193 851 605 855 
15454 3183 734 733 855 
15455 3183 733 830 855 
15456 1916 2939 3951 3689 
15457 2377 2922 3809 3698 
15458 1952 781 875 797 
15459 2781 2782 2459 2929 
15460 1869 3855 3263 3428 
15461 2207 3285 3145 2208 
15462 4002 4049 3681 2643 
15463 1883 1886 1885 3728 
15464 4049 3681 2963 4037 
15465 3901 3855 2780 3902 
15466 2778 1906 3728 3483 
15467 2927 2929 3408 3409 
15468 3420 3421 3422 3724 
15469 3651 3681 4049 3652 
15470 3688 2192 2641 1884 
15471 3427 3428 3392 3051 
15472 2641 2455 4048 3392 
15473 1885 3652 3904 3653 
15474 2781 732 3243 699 
15475 3505 2615 2928 3809 
15476 2641 4048 2642 3392 
15477 3505 3422 3241 3598 
15478 2944 3699 3902 3547 
15479 2373 3795 656 784 
15480 1916 855 3193 605 
15481 3512 795 650 635 
15482 3505 2929 2928 3409 
15483 3315 783 3040 800 
15484 2461 798 859 879 
15485 1913 2450 3450 1881 
15486 3688 2193 3870 4021 
15487 3481 3183 3243 3182 
15488 3989 3084 3086 2568 
15489 2919 3170 3774 3168 
15490 3245 131 3817 130 
15491 3420 3192 3037 2194 
15492 2632 2631 3594 2633 
15493 2207 3285 2208 2210 
15494 1766 1767 1765 88 
15495 2630 2632 3782 2633 
15496 1879 2939 1916 3689 
15497 2452 2631 2644 3830 
15498 2183 3991 2190 2184 
15499 3957 4004 4015 3170 
15500 3983 3456 3610 3455 
15501 2207 3145 2018 2208 
15502 2645 2547 2454 2644 
15503 2849 1765 3819 86 
15504 2592 3428 3535 3855 
15505 3630 4045 3752 4037 
15506 3681 4045 2963 4037 
15507 3896 851 3193 3183 
15508 3631 2339 3529 2343 
15509 3651 4049 3653 3652 
15510 2452 3526 3830 2644 
15511 1837 3421 2581 1839 
15512 2364 1899 3098 134 
15513 4048 2011 2012 3355 
15514 1886 2778 3728 2616 
15515 3688 3689 3185 3681 
15516 2337 2345 3926 2338 
15517 3630 3632 2813 3506 
15518 2961 4047 2911 3864 
15519 3818 3864 2589 3540 
15520 2961 2340 3395 3291 
15521 3245 131 130 830 
15522 4047 3801 3290 3632 
15523 2910 2653 2654 2912 
15524 2207 2018 3145 2019 
15525 3165 2207 3164 3145 
15526 2653 3509 3623 2912 
15527 2652 2912 2654 2653 
15528 2653 3509 1866 3623 
15529 2812 3506 3508 1866 
15530 2911 3930 1909 3540 
15531 1885 3728 2778 1906 
15532 2207 3285 3950 3164 
15533 1866 66 1865 65 
15534 1866 3978 3623 3509 
15535 1866 934 66 65 
15536 1866 65 2 933 
15537 1866 3751 2 65 
15538 1866 1865 3751 65 
15539 3244 593 2658 2364 
15540 3997 3001 3245 3272 
15541 2939 2547 82 900 
15542 3817 936 131 132 
15543 1828 2077 1830 2446 
15544 17 2630 2644 18 
15545 1764 87 1765 86 
15546 2547 83 82 901 
15547 2010 2013 85 86 
15548 3681 3193 3951 3689 
15549 2547 901 82 18 
15550 3569 2452 3753 3934 
15551 2630 2632 2631 19 
15552 3630 3631 3290 4037 
15553 3466 3782 3754 3371 
15554 2207 3145 3285 3164 
15555 1879 2454 2939 3689 
15556 17 900 2644 81 
15557 1773 3646 88 2447 
15558 3456 3569 2992 3198 
15559 2010 85 21 893 
15560 2644 900 18 2547 
15561 3999 3782 3754 3446 
15562 3466 3467 3782 3784 
15563 2567 1999 2892 3992 
15564 2630 3837 19 18 
15565 3631 3752 3568 3572 
15566 3541 3445 3444 3446 
15567 2214 285 2213 549 
15568 3783 3782 2633 3611 
15569 3934 3983 3982 3838 
15570 3456 3529 3569 3198 
15571 2630 3837 3999 3782 
15572 1764 3266 2680 2862 
15573 3999 3446 3994 3611 
15574 3199 3194 3257 2208 
15575 2632 2546 2631 19 
15576 379 3108 1787 2356 
15577 3256 892 20 21 
15578 2214 3194 21 277 
15579 2712 3199 3108 2355 
15580 2028 480 2627 361 
15581 2314 2627 480 419 
15582 2791 2028 2624 3664 
15583 3460 3200 1786 2357 
15584 2213 2029 2030 2714 
15585 2029 361 2314 2028 
15586 3104 516 3899 2511 
15587 2027 3467 3443 3754 
15588 2832 421 2142 273 
15589 3108 421 2832 528 
15590 3937 3076 3275 3742 
15591 2029 390 364 481 
15592 3108 422 421 528 
15593 2414 926 69 68 
15594 3994 1865 3735 3751 
15595 3890 2511 2413 3694 
15596 3542 3892 3960 4006 
15597 3444 3467 3937 3702 
15598 3890 3023 3913 3081 
15599 1871 3890 3899 3891 
15600 66 67 935 2652 
15601 3466 3468 3194 3208 
15602 3899 1871 3735 2512 
15603 2412 2414 2413 3891 
15604 3837 296 2211 518 
15605 3145 3625 3228 3285 
15606 296 3837 3999 18 
15607 3466 3194 3371 3208 
15608 3998 296 2211 546 
15609 3080 2895 2473 2765 
15610 3199 3108 2832 528 
15611 2652 2653 3623 2912 
15612 3104 3103 2512 3735 
15613 1864 3623 1866 1874 
15614 1865 3735 3751 65 
15615 3611 2633 3783 3610 
15616 1872 3539 3905 3490 
15617 2652 3623 2653 1866 
15618 3104 569 286 571 
15619 3104 2512 3899 3735 
15620 66 67 2652 1864 
15621 1973 3998 424 390 
15622 3858 3622 1864 3623 
15623 3695 489 550 71 
15624 3609 3978 3508 3982 
15625 2652 3818 2912 3623 
15626 3231 2238 1950 3617 
15627 4050 3891 2590 3960 
15628 1872 3823 3905 3672 
15629 3751 17 2 562 
15630 3751 2 65 562 
15631 3999 17 562 296 
15632 2812 2814 2810 3838 
15633 3751 65 542 562 
15634 1866 3978 1874 3623 
15635 474 3108 422 379 
15636 3103 3754 2030 2512 
15637 3506 2653 933 6 
15638 2451 2814 2452 2454 
15639 3539 2589 3623 3864 
15640 3539 2590 3623 2589 
15641 3539 2589 3864 3540 
15642 3539 3864 3490 3540 
15643 1676 3469 3470 1687 
15644 3905 3509 3864 3978 
15645 3905 2359 3455 3672 
15646 3539 3509 3978 3864 
15647 3539 3623 3509 3864 
15648 3539 3509 3623 3978 
15649 3541 3672 3845 3915 
15650 3080 1962 3081 2625 
15651 2652 68 67 936 
15652 3623 2911 3818 2912 
15653 3823 3824 2215 3894 
15654 2911 3818 2912 2913 
15655 4050 3539 2589 2590 
15656 3469 1557 1687 1562 
15657 3611 3994 3751 1865 
15658 1866 3978 1865 1874 
15659 3526 2633 3611 3610 
15660 1864 2652 68 67 
15661 2911 2912 3623 3509 
15662 3245 595 131 830 
15663 3466 3468 3467 3784 
15664 3817 130 131 935 
15665 2654 934 2653 129 
15666 934 2652 130 2654 
15667 2911 3509 3623 3864 
15668 3934 3610 3982 3983 
15669 3905 3509 3507 3801 
15670 2212 3194 2214 3371 
15671 3899 1871 1864 3735 
15672 2653 129 934 65 
15673 3506 3982 3508 3507 
15674 3653 3612 1906 3395 
15675 1885 1906 3904 3728 
15676 3481 3690 1916 3183 
15677 3858 3539 4050 2590 
15678 3245 3817 2654 130 
15679 2340 4047 3801 3290 
15680 2961 4037 3290 3291 
15681 4047 2961 2340 2650 
15682 2930 1608 1908 1646 
15683 1774 837 3819 86 
15684 2927 2658 3408 2929 
15685 2961 3395 3394 3291 
15686 2653 129 65 933 
15687 3983 3801 3290 3996 
15688 2939 2644 2454 2547 
15689 2911 3509 2653 2912 
15690 2363 3711 2927 2928 
15691 2363 2927 3727 3240 
15692 3984 3572 2337 3926 
15693 3408 595 3245 830 
15694 1885 3394 4049 3653 
15695 3290 2343 3529 3996 
15696 2212 3256 2632 20 
15697 4049 3653 3394 2963 
15698 3904 3653 3652 2913 
15699 733 3243 699 734 
15700 1898 3586 3727 2462 
15701 3086 2568 3281 3282 
15702 1906 1908 3396 3395 
15703 2927 1901 2658 2364 
15704 4047 3507 3506 3509 
15705 1900 2001 3098 2216 
15706 1898 3904 3272 3002 
15707 3693 2013 3734 85 
15708 3930 3540 2589 2219 
15709 2589 3097 2001 2590 
15710 3930 2463 1909 3540 
15711 1898 3272 1901 3002 
15712 4012 2734 1903 3822 
15713 2363 3586 2365 3712 
15714 3925 3678 3655 3822 
15715 3925 2376 3916 3655 
15716 3925 3916 2462 2464 
15717 2462 3916 1907 2464 
15718 2462 1907 3916 3483 
15719 2027 3208 3076 3275 
15720 3670 135 136 929 
15721 1823 1904 3712 2502 
15722 3670 136 3671 1851 
15723 2212 2632 3256 3194 
15724 3670 136 1851 72 
15725 2216 2001 2217 2589 
15726 2563 3586 3321 2788 
15727 2563 2216 2218 2788 
15728 2217 2219 2002 3847 
15729 2556 2002 2217 3233 
15730 2217 2219 2001 2002 
15731 2217 3233 2002 2003 
15732 3231 3617 1950 3895 
15733 3340 1951 1950 2834 
15734 3340 2735 2563 3341 
15735 2217 3847 2218 2219 
15736 2000 2589 4050 3539 
15737 2216 2589 2217 2219 
15738 2002 2000 2219 2001 
15739 2212 285 20 19 
15740 1864 3623 2652 1866 
15741 3622 3623 2590 2589 
15742 2412 2001 1949 3098 
15743 2653 934 1866 65 
15744 3997 3904 3184 3652 
15745 3097 70 69 927 
15746 3818 3622 3097 2589 
15747 2472 133 927 69 
15748 2412 2414 3097 3098 
15749 3899 3891 1864 1871 
15750 3103 3754 3994 2211 
15751 1872 1874 1871 3609 
15752 70 2414 2413 2415 
15753 3104 3735 1864 67 
15754 3818 3097 1900 2589 
15755 2948 2002 2219 3847 
15756 2948 2219 2463 3847 
15757 2948 2463 2949 3847 
15758 2556 2948 3847 2002 
15759 2948 1555 2555 2949 
15760 2648 2342 2340 2341 
15761 2648 2649 2340 3395 
15762 2648 2340 3291 3395 
15763 2986 1614 1680 1613 
15764 2986 2359 2358 3490 
15765 2986 1614 1613 1605 
15766 2986 1614 3297 2359 
15767 2986 3297 2358 2359 
15768 2986 1596 1680 1614 
15769 2986 2359 1596 1614 
15770 3934 3593 3830 2633 
15771 3593 3784 3414 3594 
15772 3454 3529 2482 3198 
15773 3630 3632 3631 3753 
15774 3454 3456 2361 2482 
15775 3999 2810 2630 4044 
15776 3456 2482 2992 3836 
15777 4047 3509 2911 3864 
15778 2654 1866 2653 934 
15779 2644 17 81 2810 
15780 2810 3526 2814 2644 
15781 2212 3837 285 19 
15782 3905 3455 2358 3801 
15783 2961 3290 2340 3291 
15784 2547 2644 900 2939 
15785 3801 2341 2340 3996 
15786 3801 2650 2340 2341 
15787 2361 3672 3455 2359 
15788 3454 3996 3529 3198 
15789 3631 3290 3983 3632 
15790 3125 1611 3391 2746 
15791 3243 733 3408 3183 
15792 3984 3572 4011 2337 
15793 2986 3489 2987 1613 
15794 2341 3126 1605 1606 
15795 2341 2342 3126 1606 
15796 2341 2009 3126 3996 
15797 2341 1605 3126 2009 
15798 2341 3126 2343 3996 
15799 2342 2004 3126 1643 
15800 2342 2343 2004 3291 
15801 2342 2343 3126 2004 
15802 2342 1606 1609 1643 
15803 2342 2651 2004 1643 
15804 3917 2337 4011 2004 
15805 2342 1643 1531 1606 
15806 2342 1531 3126 1606 
15807 3126 1531 1643 1037 
15808 3126 1643 2004 1037 
15809 3126 2004 3198 1037 
15810 3126 3996 2009 3198 
15811 3126 1531 1037 181 
15812 2986 2987 3489 3490 
15813 2340 2341 2343 3996 
15814 2648 1608 1609 1606 
15815 3427 3392 2808 3051 
15816 3125 2651 2342 1609 
15817 2004 2651 1110 1643 
15818 2004 1643 1110 1037 
15819 18 17 2630 3999 
15820 3917 2004 2344 2337 
15821 2814 3630 3632 2813 
15822 2339 3198 3529 2343 
15823 1105 2345 1183 2337 
15824 1108 2344 2508 3917 
15825 2344 2337 1107 1183 
15826 3126 2343 3996 3198 
15827 2360 3454 2358 2361 
15828 2009 1604 180 1536 
15829 2009 1604 1103 180 
15830 2009 1536 1614 1604 
15831 2009 1536 3297 1614 
15832 2009 1604 1614 1605 
15833 3905 2358 3490 2650 
15834 3273 2549 2360 3894 
15835 3273 2480 1632 1667 
15836 3273 1632 1655 1595 
15837 2480 1667 2215 3297 
15838 3126 2009 1604 181 
15839 2482 1094 1147 1198 
15840 2482 1041 1198 1147 
15841 2009 2482 2480 1041 
15842 2009 2482 1186 3198 
15843 2648 1908 1608 1615 
15844 2482 1186 1094 1198 
15845 2607 2172 2606 3938 
15846 3845 3702 3915 3836 
15847 3609 3982 3508 3611 
15848 3506 3508 1866 3509 
15849 2814 3753 3838 3632 
15850 3845 3915 2360 3836 
15851 3702 2549 3915 3836 
15852 2607 2606 3414 3938 
15853 3593 3702 2607 2611 
15854 3702 2550 3915 2549 
15855 3593 2611 2607 3414 
15856 2610 2609 3523 2551 
15857 2609 2352 2172 2173 
15858 3414 3367 2994 2606 
15859 2609 2551 2352 3523 
15860 2609 2352 2173 3523 
15861 3880 3516 3025 3515 
15862 2900 2598 2901 1941 
15863 2170 2105 2171 2173 
15864 2605 1073 1072 1068 
15865 3414 3938 3145 2608 
15866 2605 2172 1073 1164 
15867 2352 3105 3370 2173 
15868 2352 3370 3105 1953 
15869 2352 3370 1953 1101 
15870 3273 1632 2479 1655 
15871 2481 1119 1072 1095 
15872 2481 3836 2360 2549 
15873 3133 1158 1095 1180 
15874 2481 1147 1072 1119 
15875 2481 1147 3836 1072 
15876 2481 1095 1072 1073 
15877 3273 2481 3133 2360 
15878 2101 2479 2549 2353 
15879 2548 2106 2103 2108 
15880 2172 2173 2352 3370 
15881 3273 3718 1595 1655 
15882 3273 2480 3133 1632 
15883 2103 3335 2551 2108 
15884 2103 2391 3335 2108 
15885 2103 2391 2108 2065 
15886 2715 3384 2717 3412 
15887 2713 553 482 491 
15888 3208 2209 2790 3937 
15889 3076 3966 3516 2717 
15890 362 1962 386 2626 
15891 3227 3594 2679 3228 
15892 3466 3784 2632 3257 
15893 3460 2311 2322 2554 
15894 3023 3274 3276 3275 
15895 3516 2718 3076 2717 
15896 3516 2718 3275 3076 
15897 3516 3276 3966 3275 
15898 2212 20 285 515 
15899 3318 2932 3075 3966 
15900 3966 3276 2932 2554 
15901 3318 3517 3107 3831 
15902 3922 2475 2887 2695 
15903 3075 3815 3028 2321 
15904 3318 3075 2886 3319 
15905 3023 3274 3081 3276 
15906 2473 2475 2895 3617 
15907 3999 3611 3782 3446 
15908 2361 3845 3610 3672 
15909 3983 3569 3456 3529 
15910 2474 2473 2475 2895 
15911 3481 1916 594 827 
15912 2715 2716 2902 2717 
15913 3188 2715 3742 2718 
15914 3075 3028 2311 2321 
15915 2511 516 3694 574 
15916 3937 3076 3208 3275 
15917 2314 473 3694 419 
15918 3444 3915 3783 3702 
15919 3188 3742 3542 2718 
15920 3188 2610 3335 2551 
15921 2715 3188 2108 3880 
15922 2610 3335 2551 3523 
15923 3414 3145 3228 2208 
15924 2607 2608 2172 3938 
15925 3915 2549 2360 3836 
15926 3783 3610 3672 3446 
15927 3983 3290 3529 3996 
15928 3503 2101 2548 2549 
15929 3735 65 66 542 
15930 2548 2106 2108 3426 
15931 2900 2637 2975 2978 
15932 2893 3829 2240 3961 
15933 562 2211 3751 3999 
15934 3542 2548 3188 2108 
15935 2979 2981 3381 2670 
15936 3023 3025 3516 3831 
15937 3915 3672 2360 2359 
15938 3915 3894 2360 2549 
15939 3880 3771 3789 2692 
15940 1900 2001 3097 3098 
15941 1898 1909 3930 2463 
15942 1872 1874 4050 1873 
15943 3460 3076 3075 3966 
15944 3899 284 3694 516 
15945 2673 2672 2106 2692 
15946 3231 1950 2238 1951 
15947 2673 1563 1561 1585 
15948 2673 1586 3718 1585 
15949 2673 2980 3718 1586 
15950 2673 3718 2106 2672 
15951 2673 3426 2106 3718 
15952 3227 2010 3256 3255 
15953 2099 2103 2101 2106 
15954 2106 2692 2672 2693 
15955 3880 3515 3025 3771 
15956 2099 2100 987 1007 
15957 2106 2104 2107 2693 
15958 2101 2100 2479 972 
15959 3915 3894 2215 2360 
15960 3541 3845 3783 3915 
15961 2358 2341 2009 1605 
15962 2480 1041 2482 1147 
15963 2630 2644 3526 4044 
15964 2914 3266 3116 3625 
15965 2358 2009 2341 3996 
15966 2986 2358 2009 1605 
15967 2986 1596 2359 1680 
15968 3982 2361 3610 3672 
15969 4006 2237 3023 3892 
15970 2563 2788 3321 2735 
15971 3880 3515 2691 2107 
15972 3503 974 2101 973 
15973 3789 3381 2673 2692 
15974 3824 3718 3894 3426 
15975 3445 3891 1873 3960 
15976 4001 3299 2669 2501 
15977 3825 2878 2880 2669 
15978 3823 3915 3824 3894 
15979 2977 3714 3590 3967 
15980 3490 1872 3491 3823 
15981 2215 2360 3297 2359 
15982 3133 2479 1051 1158 
15983 3718 1586 1595 1594 
15984 3503 2352 2354 2353 
15985 3718 1586 1594 1585 
15986 2652 3622 3818 3623 
15987 2215 1680 2359 1596 
15988 2103 2104 2065 2107 
15989 2980 3491 3489 2982 
15990 3999 3611 3994 3751 
15991 3806 2526 2171 3938 
15992 2548 2106 2101 2103 
15993 1872 3978 3609 3672 
15994 2980 2359 3489 3491 
15995 3489 1680 1648 1562 
15996 2981 2673 3381 1563 
15997 3489 1562 1648 1558 
15998 3469 2002 2948 3026 
15999 2215 1596 1586 1648 
16000 2981 2982 3026 2003 
16001 2981 1561 2673 1563 
16002 1557 3489 3026 1558 
16003 3489 1613 1680 1562 
16004 2879 2426 2425 2281 
16005 2934 4000 3293 3777 
16006 3032 2279 2693 3435 
16007 2981 2980 3489 2982 
16008 3032 2699 2279 3435 
16009 3880 3789 3542 3426 
16010 3825 2693 2387 3435 
16011 2889 3435 2424 2879 
16012 3032 2672 2692 2693 
16013 3032 2279 2672 2693 
16014 2691 2985 3515 3138 
16015 2673 3718 3824 3426 
16016 2979 3381 3789 3771 
16017 2878 2499 2998 2501 
16018 2878 2880 2669 2501 
16019 1645 1556 2500 3026 
16020 3026 2670 1645 1560 
16021 2670 3299 3026 2500 
16022 2670 3026 3233 2003 
16023 2670 3233 3026 3299 
16024 2878 2426 2501 2998 
16025 3994 1865 1871 3735 
16026 3032 1563 1641 1588 
16027 3515 2107 2716 2985 
16028 3880 3542 3188 2108 
16029 4006 2718 3742 3275 
16030 3515 3866 2985 2716 
16031 3515 2985 3866 3138 
16032 3825 2691 2983 2985 
16033 2979 2980 2982 3491 
16034 4006 3542 3742 2718 
16035 4006 3516 3023 3025 
16036 3880 2716 2108 2715 
16037 3516 3880 2716 3515 
16038 4026 3770 3381 4001 
16039 3032 1566 1563 1588 
16040 2981 1648 2980 1561 
16041 2889 2935 2890 3293 
16042 3516 2716 2717 3517 
16043 2691 2107 2985 2693 
16044 3998 425 546 424 
16045 2890 2137 3289 2139 
16046 3922 3138 3517 3131 
16047 2893 547 2894 73 
16048 4026 3025 3515 3771 
16049 3292 3618 3288 3708 
16050 2889 3292 2934 3293 
16051 4041 1957 4027 3576 
16052 4000 2254 2255 3549 
16053 1957 2477 3550 1959 
16054 2965 3644 2559 3247 
16055 3550 3766 4027 3576 
16056 4028 3576 2870 1960 
16057 2890 2139 3289 3293 
16058 3248 3138 4025 3131 
16059 2560 3844 2702 3482 
16060 2870 3656 3380 3755 
16061 3246 3247 2965 3248 
16062 2560 2561 3844 4025 
16063 3249 2983 2984 1806 
16064 3249 3800 3247 1806 
16065 3256 21 3255 2010 
16066 3246 3800 3249 1806 
16067 3246 3063 3866 2885 
16068 3246 3063 3457 3800 
16069 3249 3716 2389 1806 
16070 3249 2389 2983 1806 
16071 2902 2717 2886 3413 
16072 2902 2901 3413 2598 
16073 2902 3413 2886 2598 
16074 2902 3866 2716 2901 
16075 2902 2901 2716 2391 
16076 2902 2716 3335 2391 
16077 2900 3523 2637 1942 
16078 3866 2984 2716 2901 
16079 2935 3138 3248 3249 
16080 3866 2985 2716 2984 
16081 3866 3138 2985 2984 
16082 3515 3517 3866 2716 
16083 2424 2879 3435 2426 
16084 2387 2943 2104 2985 
16085 2387 2983 3435 2389 
16086 2387 2943 2671 2513 
16087 2983 2985 3138 2984 
16088 2943 2067 2388 1019 
16089 2943 1001 1019 984 
16090 3256 2546 2632 20 
16091 2943 1001 2067 1019 
16092 2943 984 1019 1005 
16093 2943 1019 2388 1005 
16094 2943 984 1005 985 
16095 2104 1003 983 986 
16096 2104 983 1003 978 
16097 2279 2513 2672 2693 
16098 2387 2097 2671 2873 
16099 3256 2010 892 21 
16100 2279 1664 2672 1640 
16101 2279 2672 2513 1640 
16102 3256 892 2010 2546 
16103 2099 2693 2672 2513 
16104 2943 2104 983 985 
16105 2943 983 984 985 
16106 2388 2067 2811 1019 
16107 2388 2811 2097 2873 
16108 2388 1805 1803 2067 
16109 2097 1806 1956 2811 
16110 2097 3716 1806 2389 
16111 3113 3144 3114 1435 
16112 2097 1436 1438 1402 
16113 2097 1519 1438 1436 
16114 2097 1519 2873 1438 
16115 2388 2811 2873 1005 
16116 2943 983 2065 981 
16117 3129 3826 2701 2025 
16118 2559 2561 2560 4025 
16119 3962 2683 2681 3042 
16120 3246 3248 2965 3130 
16121 3246 2983 3138 2984 
16122 3621 4030 2347 1804 
16123 3113 2097 2098 2389 
16124 3246 3131 3129 2885 
16125 4027 3696 4000 3884 
16126 3716 3884 3144 3697 
16127 2424 3435 2983 2389 
16128 2387 2104 2513 2693 
16129 2685 2836 3842 3575 
16130 2685 3842 3697 3575 
16131 4028 3576 2559 2870 
16132 3644 2964 3840 3247 
16133 2764 3597 2762 3234 
16134 2253 3552 4000 3777 
16135 2878 2499 2501 1597 
16136 3884 3697 3549 3548 
16137 3777 3292 2934 2281 
16138 2878 2699 3435 2426 
16139 2889 2424 3435 2983 
16140 2097 1438 2873 1476 
16141 3246 1805 3800 1806 
16142 2424 3549 3884 2425 
16143 2109 3114 2098 2699 
16144 2109 1496 2098 3114 
16145 2109 2426 2699 2998 
16146 2109 2426 3114 2699 
16147 2098 1487 1466 1381 
16148 2098 2671 1487 1381 
16149 2098 1487 1496 1466 
16150 2098 1466 1546 1381 
16151 2098 1546 2671 1381 
16152 2109 2998 2699 1679 
16153 2109 1371 1496 1508 
16154 2098 1496 1487 1436 
16155 2098 3114 1496 1436 
16156 2109 2699 2098 1629 
16157 3114 3435 2699 2426 
16158 3144 3312 3716 3697 
16159 2889 3138 2935 2983 
16160 2699 1593 1629 1679 
16161 2699 1593 1598 1629 
16162 3114 3144 2110 1435 
16163 3032 1641 2279 1588 
16164 2602 2998 2111 1547 
16165 2602 2933 2111 2998 
16166 2602 2283 2933 2998 
16167 2602 1547 1548 1675 
16168 2602 2998 1547 1675 
16169 2602 1547 2111 2604 
16170 2499 2998 1675 1679 
16171 2766 1791 1792 1550 
16172 1791 2603 1792 2604 
16173 1791 3153 1792 2603 
16174 2282 2425 2253 3549 
16175 3227 3266 3255 3257 
16176 2282 2785 2283 2933 
16177 2283 2501 2281 2426 
16178 2282 2425 2281 3777 
16179 2783 2916 3731 2767 
16180 1791 1647 1548 1550 
16181 2499 2602 1791 1548 
16182 2602 2111 2933 2603 
16183 1525 2111 1511 1547 
16184 2111 1511 1508 1434 
16185 3227 2679 2010 2680 
16186 1791 2784 3153 2603 
16187 2111 3832 2933 2603 
16188 2111 2604 3832 2603 
16189 2111 3832 2604 1445 
16190 2497 3832 1406 1412 
16191 2497 3230 3832 2603 
16192 2497 1412 1406 1473 
16193 2498 3096 3424 1473 
16194 2498 3189 2503 3954 
16195 2498 3954 2493 3424 
16196 2498 1368 1502 1473 
16197 2498 3189 2604 2503 
16198 2497 1406 3096 1473 
16199 3153 2766 3676 2767 
16200 1792 2503 2604 3189 
16201 1792 1549 2604 2503 
16202 2974 3154 3171 3879 
16203 2214 515 482 553 
16204 1792 2557 2766 1551 
16205 1792 3676 2766 2557 
16206 2604 1532 1525 246 
16207 2604 1525 1502 246 
16208 2604 1532 1547 1525 
16209 2604 1502 1525 1445 
16210 2604 1600 1532 246 
16211 2498 3424 2159 1368 
16212 3298 3424 3096 1407 
16213 3424 1493 2159 1494 
16214 3424 1473 1407 1494 
16215 3424 1473 3096 1407 
16216 3424 1407 1409 1494 
16217 3424 1407 2330 1409 
16218 3424 1409 1493 1494 
16219 3578 1919 3600 2483 
16220 2369 2295 2298 3303 
16221 3309 2711 2741 2931 
16222 2925 3493 3045 3048 
16223 3309 2329 2328 2741 
16224 3920 2014 2897 1414 
16225 2503 1659 2159 2493 
16226 2498 2503 2604 1368 
16227 2503 1601 1659 1600 
16228 2503 1601 2159 1659 
16229 2301 1854 3262 3868 
16230 3310 3839 3879 3954 
16231 3879 3839 2493 3954 
16232 3879 3839 3061 2493 
16233 3879 3154 1855 3954 
16234 3061 2006 3301 2007 
16235 3061 2006 2492 3301 
16236 3821 3773 1903 3822 
16237 2214 482 515 549 
16238 2449 2628 2694 3417 
16239 2492 1565 2006 3358 
16240 2492 1602 1677 1564 
16241 2492 2493 1602 1564 
16242 2492 1677 1565 1564 
16243 2492 1565 3358 1564 
16244 3358 2974 2492 1564 
16245 2214 2213 482 549 
16246 3358 2974 1564 2557 
16247 2492 2160 1677 1602 
16248 3020 3902 2944 3021 
16249 2062 1674 1571 1569 
16250 2006 2007 2008 3301 
16251 2896 2331 2328 2330 
16252 3357 1568 1573 1567 
16253 3357 1567 1565 1568 
16254 3357 1567 3358 1565 
16255 2062 2492 2160 1677 
16256 3357 1573 1672 1567 
16257 1649 2628 1616 1612 
16258 2663 1572 1617 1580 
16259 3879 2331 3329 3301 
16260 3169 3883 3773 3857 
16261 2492 1565 1677 1569 
16262 3358 1564 1565 1553 
16263 3026 1560 1556 1558 
16264 3026 1556 1557 1558 
16265 3026 2003 2982 2002 
16266 3026 2003 2002 3233 
16267 3231 3616 3617 3895 
16268 2981 3026 3489 1558 
16269 4026 4001 3640 3770 
16270 2948 1559 3470 1687 
16271 2555 2556 2918 3233 
16272 2555 2556 2558 2918 
16273 2555 3233 2002 2556 
16274 2555 1554 1552 1555 
16275 2500 1645 1554 1556 
16276 2500 1647 1554 1645 
16277 2500 1647 2698 1554 
16278 1645 1556 3026 1560 
16279 2500 2669 2670 3299 
16280 2948 2463 3470 1559 
16281 2669 1645 1560 1566 
16282 3381 1560 2669 2670 
16283 2878 3435 2879 2426 
16284 2499 3914 2283 2501 
16285 2500 3914 2501 3299 
16286 2698 2767 2784 3914 
16287 2698 2767 2766 2784 
16288 1791 2785 2283 2784 
16289 1549 1791 1548 1550 
16290 1791 1548 2602 1549 
16291 1792 1549 2503 1659 
16292 2557 1636 1552 1553 
16293 2557 1552 1551 1553 
16294 3358 1553 1565 1567 
16295 2557 3415 3676 2558 
16296 3358 1636 2557 1553 
16297 3357 1907 2949 1672 
16298 3357 1672 2949 1636 
16299 3358 3415 2557 2949 
16300 2555 2557 2949 1636 
16301 3879 3301 3061 3839 
16302 3061 2557 3415 3676 
16303 2301 1854 3868 1853 
16304 2974 2503 3189 3954 
16305 3879 3329 3061 3301 
16306 1855 3154 1981 3954 
16307 3879 3329 1855 3173 
16308 3156 3328 3537 3865 
16309 1947 114 1948 113 
16310 2499 2283 2602 2998 
16311 3310 1855 3879 2331 
16312 3154 3189 1981 3954 
16313 2974 2493 3879 3061 
16314 3310 1855 1981 3954 
16315 2783 2917 2916 2767 
16316 3153 2784 2785 2603 
16317 1791 2698 1647 1550 
16318 1852 1853 1855 1981 
16319 4038 2734 3402 3677 
16320 3172 1854 1852 3155 
16321 3259 2784 2783 2786 
16322 2257 3776 3476 4 
16323 2783 3259 2767 2784 
16324 2783 2283 3914 2281 
16325 4024 3439 2760 2916 
16326 3259 3172 2786 2917 
16327 3834 2786 3172 2917 
16328 1792 3189 2604 2603 
16329 2280 2783 2785 2786 
16330 2214 482 2213 2713 
16331 2425 3777 2253 3549 
16332 2282 2941 2933 2110 
16333 2214 277 515 553 
16334 2283 2998 2501 2426 
16335 1791 1792 3153 2766 
16336 2783 3914 2283 2784 
16337 3341 2918 2916 3439 
16338 2281 3914 3733 2501 
16339 2555 2766 2557 1552 
16340 3288 3777 3909 3618 
16341 1852 3835 3477 2398 
16342 3618 2916 3620 3708 
16343 3708 3731 3618 2916 
16344 2785 2398 2786 1981 
16345 2136 2951 3323 3186 
16346 2692 4026 3381 3825 
16347 3259 3153 2784 2786 
16348 2698 1550 2766 1554 
16349 3292 3618 2281 3777 
16350 2879 2281 2501 2426 
16351 3023 3516 3276 3831 
16352 2934 4027 2935 3293 
16353 4024 3018 3834 2917 
16354 3620 3018 2916 2917 
16355 3995 79 3018 932 
16356 2280 2398 2785 2397 
16357 1764 3266 3255 2680 
16358 2283 3914 2281 2501 
16359 143 3743 1946 3504 
16360 2783 3731 3914 2767 
16361 1791 2784 2698 2766 
16362 3710 3732 3292 3733 
16363 2602 2933 2283 2603 
16364 3731 3232 3732 3233 
16365 3078 140 2733 141 
16366 2783 2786 3619 3620 
16367 4024 2760 3079 3743 
16368 3731 3733 3710 3708 
16369 3731 3710 3732 3232 
16370 4024 2916 2760 3018 
16371 4042 3709 2288 4040 
16372 3925 3586 3727 3712 
16373 3402 3439 2916 2918 
16374 3504 598 2335 836 
16375 3341 3233 2918 2556 
16376 3341 3233 3232 2918 
16377 3255 1764 894 23 
16378 3402 2918 2558 2556 
16379 3640 2697 3616 3750 
16380 2000 4050 1873 3491 
16381 3516 2718 2717 2716 
16382 3292 3288 3618 3293 
16383 2783 2784 2283 2785 
16384 2890 3292 2697 2888 
16385 4035 3378 1959 51 
16386 2473 3769 3024 3025 
16387 3341 2918 3731 2916 
16388 3731 3299 2918 3233 
16389 3078 2760 3079 3439 
16390 4024 2760 3743 3018 
16391 3768 3542 1873 3960 
16392 1872 3905 3823 3490 
16393 2887 2697 3640 2888 
16394 4024 3439 2734 2733 
16395 4038 3173 3171 3172 
16396 3821 3923 4038 3924 
16397 3616 3895 2696 3617 
16398 3079 931 142 78 
16399 3079 3743 2760 143 
16400 3231 1951 2238 2217 
16401 3710 3733 3292 3708 
16402 2981 1558 1648 1561 
16403 3340 2834 1966 2735 
16404 3616 4040 3750 2696 
16405 3340 1950 1851 3115 
16406 2622 2696 2895 2474 
16407 2238 2001 2217 1951 
16408 2288 4040 3709 3710 
16409 3616 1965 3895 2834 
16410 2000 1873 4050 3960 
16411 2899 130 2654 129 
16412 3217 1766 3284 2914 
16413 3829 2893 3320 72 
16414 2895 2475 2696 3617 
16415 3400 3115 1851 930 
16416 2563 3233 3341 2556 
16417 78 77 3078 931 
16418 1965 4040 2623 76 
16419 2732 3321 2502 2788 
16420 3727 3728 3904 3483 
16421 2563 3321 3772 2735 
16422 1764 2862 2849 1765 
16423 1967 939 140 76 
16424 4015 3419 3487 785 
16425 3400 1966 3340 1851 
16426 4012 2464 2556 3415 
16427 2563 2218 2217 3847 
16428 3677 2556 2558 3415 
16429 3821 3822 4012 3415 
16430 1965 938 1967 139 
16431 1965 2623 2696 75 
16432 3654 3514 3301 3329 
16433 1898 3483 3904 1906 
16434 2373 673 3243 790 
16435 4012 3925 2462 2464 
16436 3678 3955 3865 3654 
16437 3856 3898 2924 3441 
16438 2742 809 710 760 
16439 2768 2926 2161 2922 
16440 2923 780 2942 802 
16441 1775 3037 2194 3591 
16442 2459 789 2460 696 
16443 1898 1906 3904 3002 
16444 3001 3818 3817 3622 
16445 2461 2362 3711 3645 
16446 3715 2768 3513 3580 
16447 70 3097 3098 134 
16448 1768 3704 2325 764 
16449 2923 771 2942 780 
16450 3003 1839 2078 2077 
16451 3883 1946 3923 3756 
16452 3882 3756 1902 2733 
16453 1857 708 1890 709 
16454 1856 663 1911 799 
16455 3929 3857 3170 3419 
16456 4039 2152 2335 888 
16457 3774 3419 3170 3857 
16458 724 3774 726 877 
16459 2161 2920 2942 802 
16460 3774 3857 3929 3419 
16461 3580 633 635 631 
16462 3852 2853 3828 2915 
16463 3957 2152 2017 3485 
16464 4039 2335 3882 598 
16465 4012 2556 3677 3415 
16466 3929 592 724 886 
16467 3156 3328 3865 3329 
16468 4039 3929 720 889 
16469 4038 3402 2917 2558 
16470 2563 2218 3586 2788 
16471 3484 719 805 873 
16472 2732 2733 1902 1903 
16473 3774 2494 1904 1905 
16474 2145 2269 2327 2146 
16475 2417 2418 1999 3827 
16476 3923 3756 1946 3504 
16477 2239 3617 2895 3320 
16478 3400 139 938 138 
16479 3408 878 595 830 
16480 3925 4012 2462 3321 
16481 2552 333 3200 3664 
16482 3695 3829 576 71 
16483 3892 3023 4006 3275 
16484 1962 3831 3276 1964 
16485 1864 68 2652 3622 
16486 3115 75 1965 3895 
16487 3922 3517 3106 3131 
16488 3695 550 489 570 
16489 2472 2414 3622 68 
16490 1971 3336 1972 416 
16491 1971 466 462 416 
16492 1971 1972 466 416 
16493 462 2621 416 417 
16494 2622 75 581 74 
16495 2894 472 573 463 
16496 3688 2643 3185 1884 
16497 3023 2473 3025 3831 
16498 73 2894 275 547 
16499 3688 2641 2643 1884 
16500 3781 3574 498 497 
16501 3078 3710 2835 4040 
16502 2473 2765 2474 2476 
16503 1962 1963 362 388 
16504 2473 3436 2765 2476 
16505 1973 424 3998 3103 
16506 2712 2714 2213 3371 
16507 1965 75 939 76 
16508 3998 2211 296 518 
16509 3340 3400 2788 2735 
16510 3340 3400 2735 1966 
16511 2894 2749 472 463 
16512 2563 2556 3772 3321 
16513 3341 2834 3232 3233 
16514 3688 2643 2641 4021 
16515 2760 143 3018 79 
16516 3340 1951 1851 1950 
16517 1949 2216 3098 2001 
16518 3708 3731 3733 3618 
16519 3922 3025 3831 3517 
16520 3922 3131 4025 3138 
16521 2890 3571 2137 2139 
16522 3825 4001 4026 3381 
16523 2890 3906 3571 4025 
16524 72 2893 73 1950 
16525 3922 3436 3106 3517 
16526 3922 3831 3025 2475 
16527 139 1965 75 939 
16528 3341 2916 3232 2835 
16529 4024 2733 2734 3924 
16530 2476 3336 3090 3571 
16531 2476 3436 2956 3906 
16532 2643 3870 3688 3689 
16533 3078 140 940 76 
16534 1961 2749 1962 1964 
16535 275 2894 472 573 
16536 3425 489 3082 3829 
16537 2287 3574 2623 289 
16538 3550 3551 4035 3258 
16539 1957 4028 1960 3576 
16540 2870 3389 3388 3577 
16541 3288 3292 3289 3293 
16542 2257 3288 4 2951 
16543 3766 2255 3551 3552 
16544 2561 3492 2562 3573 
16545 3323 3777 3776 3288 
16546 2950 4 3288 2951 
16547 3644 2965 2964 3247 
16548 4041 3248 2935 3138 
16549 2257 2258 3551 3258 
16550 4035 4032 2938 3147 
16551 3551 3521 3476 2491 
16552 3670 134 1899 135 
16553 4042 4040 2696 3750 
16554 2880 2501 2281 3733 
16555 3781 1960 1958 3187 
16556 3688 3182 3185 3690 
16557 3688 3185 3182 1884 
16558 3643 2559 3247 3248 
16559 3186 563 2951 556 
16560 2138 3186 578 294 
16561 2695 2137 4042 2697 
16562 2477 3186 3258 556 
16563 3995 3288 2950 3017 
16564 3550 2477 3186 3258 
16565 3941 113 3521 916 
16566 3941 113 916 8 
16567 3868 1948 4034 2261 
16568 2951 80 4 563 
16569 2951 563 4 49 
16570 2951 80 563 294 
16571 2951 49 556 563 
16572 393 2621 3090 415 
16573 2136 80 2951 294 
16574 2110 2282 3549 2425 
16575 3883 3865 3923 3156 
16576 143 3743 4051 1946 
16577 3923 1946 3743 3924 
16578 2374 2615 2591 2377 
16579 4024 3439 2733 3079 
16580 3078 2286 2760 3710 
16581 3882 598 3504 141 
16582 1898 2218 1900 1899 
16583 2732 3321 1903 2502 
16584 3834 3018 3620 2917 
16585 3484 820 719 873 
16586 3955 3061 3301 2007 
16587 2335 2261 2152 3485 
16588 3003 2077 2076 3052 
16589 2261 2262 2260 3262 
16590 2260 3325 3811 3486 
16591 3260 3311 3262 3325 
16592 3261 3156 3485 3262 
16593 1947 865 114 113 
16594 3811 3808 2405 1772 
16595 3883 2335 2261 1946 
16596 1857 678 665 708 
16597 3942 2017 3779 4004 
16598 2262 2684 2301 2491 
16599 144 1946 143 4051 
16600 3883 3485 2335 2152 
16601 2377 2928 2922 3240 
16602 3487 3488 2596 3419 
16603 3003 2078 2076 2077 
16604 3929 835 889 598 
16605 3003 3031 2078 2455 
16606 4010 2348 2406 884 
16607 4034 1946 3743 3155 
16608 3402 2917 2916 3439 
16609 3260 3898 3328 2740 
16610 2760 3743 3018 143 
16611 1947 865 872 603 
16612 2494 1902 140 835 
16613 3400 1851 2787 137 
16614 872 4034 8 1948 
16615 3310 1981 1855 1853 
16616 1852 3154 2786 1981 
16617 1948 8 872 113 
16618 2144 3486 2260 3811 
16619 3821 3415 2007 3822 
16620 1854 3310 3260 1855 
16621 2301 1819 3311 3229 
16622 3834 3620 3017 3835 
16623 2258 3521 2262 114 
16624 1946 603 1947 872 
16625 3521 114 917 113 
16626 2257 3776 3551 3476 
16627 3808 2938 115 116 
16628 2349 3041 3042 3472 
16629 2258 50 918 51 
16630 3808 115 597 116 
16631 3808 597 2423 116 
16632 3811 117 2405 116 
16633 3811 2404 3326 1772 
16634 2260 3811 3325 3808 
16635 2262 1948 114 113 
16636 1947 2144 114 867 
16637 2144 867 597 115 
16638 3261 3485 3325 3262 
16639 1947 2262 2144 2260 
16640 3324 3719 1769 3843 
16641 3324 3897 3719 3843 
16642 1769 1770 2147 1771 
16643 2324 583 727 845 
16644 1769 2147 2267 1771 
16645 3261 3537 3328 3538 
16646 2404 4036 3486 3326 
16647 3078 1965 1967 76 
16648 1856 663 799 665 
16649 3261 3328 3898 3538 
16650 3536 3484 2017 2016 
16651 2923 667 780 802 
16652 2145 121 2146 120 
16653 3811 3808 2423 116 
16654 2324 723 709 774 
16655 3778 3779 4036 3538 
16656 1854 2301 3311 1853 
16657 3811 2405 2404 1772 
16658 3957 3929 4039 3882 
16659 1822 2494 890 877 
16660 3328 2328 2331 2740 
16661 2420 2841 3094 2422 
16662 2375 2854 3279 3281 
16663 3270 3240 2927 2928 
16664 1857 669 678 801 
16665 3020 3309 3928 3302 
16666 3856 3328 3898 3441 
16667 1775 2078 2191 2194 
16668 3486 4010 2016 4036 
16669 3093 3684 1893 3094 
16670 3868 4033 3262 2301 
16671 2016 721 4010 805 
16672 3310 2331 3879 3839 
16673 1947 2261 2260 2144 
16674 1947 114 2262 1948 
16675 4032 3808 2405 116 
16676 2145 2147 3959 2348 
16677 2423 873 847 597 
16678 2423 597 847 116 
16679 2301 3262 3311 3325 
16680 3811 3486 2404 2406 
16681 1857 678 708 709 
16682 3261 3843 3326 4036 
16683 2348 884 722 853 
16684 2404 2147 1770 2348 
16685 2348 722 727 853 
16686 2348 884 853 588 
16687 2406 588 2348 118 
16688 1775 2078 1776 2191 
16689 3267 590 3639 833 
16690 2145 121 2269 2146 
16691 2420 2421 3475 2032 
16692 3811 3325 3808 1772 
16693 3536 2016 3779 4036 
16694 2324 583 2145 727 
16695 2490 2405 3808 1772 
16696 3719 1820 1821 2033 
16697 2423 805 2406 847 
16698 1771 2490 2405 3234 
16699 2264 119 911 118 
16700 1771 1772 1770 2405 
16701 3719 1771 2267 3212 
16702 1771 1821 3472 3212 
16703 3957 3883 3882 2335 
16704 2840 3959 2147 2348 
16705 3942 3487 4015 3170 
16706 2269 2327 3639 826 
16707 2406 2405 117 118 
16708 2264 1771 2405 3234 
16709 2405 910 117 118 
16710 2264 2405 910 117 
16711 2144 2684 114 115 
16712 2147 2841 2267 2268 
16713 3811 117 2423 2406 
16714 53 54 2264 3379 
16715 1775 2191 1765 3819 
16716 2264 910 53 117 
16717 4004 3049 3538 3779 
16718 2490 3325 3311 1772 
16719 2938 919 115 116 
16720 117 116 4032 2405 
16721 3882 3756 2733 3504 
16722 2938 52 919 116 
16723 2938 919 51 115 
16724 2335 836 598 888 
16725 2490 2684 2301 3325 
16726 3288 3292 3708 3289 
16727 2477 556 50 512 
16728 3643 3716 3249 3247 
16729 3643 3696 4027 3884 
16730 2870 3755 2871 2562 
16731 2473 3769 3025 2475 
16732 2424 2425 2879 2426 
16733 2999 58 2683 122 
16734 3520 517 274 57 
16735 2349 2681 2682 3042 
16736 2845 2846 3389 274 
16737 2999 2682 2269 122 
16738 55 2681 2263 2846 
16739 2681 920 2682 57 
16740 1917 2483 3399 1919 
16741 3452 3211 3030 2706 
16742 3452 3030 3211 1763 
16743 3452 3399 3030 1763 
16744 3452 2747 2706 3331 
16745 3452 2178 2177 1763 
16746 1917 1240 2800 3030 
16747 2483 1917 3399 2396 
16748 1917 2800 2396 2484 
16749 1917 3452 3030 2706 
16750 1917 3030 1920 2706 
16751 1917 3399 3452 3331 
16752 1917 3030 2800 3663 
16753 1917 3030 3452 3399 
16754 1917 1920 3030 3663 
16755 1918 1917 2484 3663 
16756 3007 1918 2613 2612 
16757 3980 3035 3680 3304 
16758 3086 3398 2568 3282 
16759 3637 2795 3658 3741 
16760 3579 1918 3720 2613 
16761 2181 2183 2190 2184 
16762 1887 1888 1889 2613 
16763 3279 3912 2737 3827 
16764 1775 1765 1774 3819 
16765 1773 1774 861 730 
16766 3007 2181 3331 1918 
16767 3872 3021 3022 3873 
16768 3331 3792 3902 3330 
16769 3872 3601 3578 3792 
16770 3007 3331 3792 1919 
16771 3330 3007 2594 2612 
16772 3330 2594 2184 2612 
16773 3331 3792 3330 3007 
16774 3420 3421 3724 3562 
16775 3901 2593 3330 3902 
16776 3330 2593 3792 3902 
16777 3003 2076 2564 3052 
16778 2182 2565 3861 3052 
16779 2182 3052 3051 1876 
16780 1837 1839 2182 3861 
16781 3901 2594 3330 2593 
16782 1837 2581 2592 2455 
16783 1837 2184 3330 2594 
16784 3003 3004 1837 2182 
16785 2642 4002 4048 2643 
16786 2182 3051 2864 1876 
16787 2445 2739 1915 2891 
16788 2820 739 3448 736 
16789 2181 3331 1918 1920 
16790 1837 2581 2455 1839 
16791 3352 3991 2190 2183 
16792 2183 2190 3352 2747 
16793 2183 2747 3352 1878 
16794 1875 3210 2629 2747 
16795 1182 1875 1070 1069 
16796 1875 3210 2747 1878 
16797 2185 3596 2175 2305 
16798 3559 3560 1835 3650 
16799 2220 2221 26 90 
16800 3440 2186 2185 2305 
16801 3271 2427 2429 2565 
16802 3271 2224 2427 2565 
16803 1835 3271 3650 2565 
16804 3271 3146 3559 3649 
16805 3271 3649 3650 2565 
16806 1775 3819 1774 3315 
16807 2428 2427 2564 3052 
16808 2428 2429 2427 3052 
16809 3820 2860 3625 3116 
16810 3820 3624 2861 3368 
16811 2427 3820 2564 2566 
16812 3164 3556 2526 3625 
16813 2207 2210 3407 3950 
16814 1767 2862 2428 3116 
16815 2220 2225 3385 91 
16816 4023 2730 3603 1860 
16817 3805 3991 2184 3860 
16818 3765 3349 1835 3650 
16819 3588 3948 3349 3607 
16820 1832 1834 3948 1835 
16821 3948 3607 3589 1835 
16822 3948 3607 1835 3349 
16823 3588 2229 3607 3350 
16824 2538 3588 3948 3459 
16825 3588 3349 3350 3607 
16826 2538 3893 1923 3589 
16827 3948 3765 3349 1835 
16828 3981 2540 3907 2246 
16829 1832 3948 3588 3589 
16830 3981 3583 3553 3458 
16831 3907 3333 2246 2540 
16832 1832 3588 2538 3589 
16833 1834 3981 3948 3765 
16834 2246 1923 2540 3333 
16835 2244 5 2091 1 
16836 3665 3876 1921 4046 
16837 3089 31 32 3903 
16838 3596 30 2175 2305 
16839 3948 2538 1832 3588 
16840 3977 2073 1833 3589 
16841 3977 1922 2073 3589 
16842 1834 2091 3596 3666 
16843 3069 3531 2075 2073 
16844 3069 2186 3531 2073 
16845 3069 2073 2075 2087 
16846 3069 2188 2186 2073 
16847 3068 1841 2234 1844 
16848 2236 1120 3370 1177 
16849 3613 2993 1065 1063 
16850 3613 1061 2536 1062 
16851 3613 1063 1061 1062 
16852 3613 3368 2536 2587 
16853 3613 2587 2536 1061 
16854 3613 3368 2587 1061 
16855 3613 3368 1061 1065 
16856 3613 1061 1063 1065 
16857 3613 2994 2993 1063 
16858 3970 2188 3069 2528 
16859 3199 2832 23 22 
16860 3556 2566 2527 2536 
16861 3556 2536 2527 2529 
16862 2207 3407 2210 2019 
16863 2526 3970 2226 3165 
16864 3440 906 3146 28 
16865 2209 3468 2018 3937 
16866 2220 904 2225 91 
16867 523 3406 2833 26 
16868 2837 2914 3116 3164 
16869 2833 2117 406 2142 
16870 3217 1766 2914 3266 
16871 3806 2526 3970 2528 
16872 2607 2608 3414 2611 
16873 2837 2914 3164 3950 
16874 2185 2175 3596 1833 
16875 2185 2226 2187 2225 
16876 3590 3714 3405 2233 
16877 3440 2186 2304 2187 
16878 2526 2527 3970 2528 
16879 3068 3067 2977 2976 
16880 3970 2186 2187 3165 
16881 3970 3165 2187 2226 
16882 2608 2611 2610 2018 
16883 2837 3165 3406 3950 
16884 2526 3556 2527 2529 
16885 2526 3625 3556 2529 
16886 2526 3625 2994 3938 
16887 2526 2994 3625 2529 
16888 2526 3938 2994 2529 
16889 2207 3284 3285 2210 
16890 1764 2849 2010 86 
16891 2977 3027 3692 2677 
16892 3405 2309 2117 3135 
16893 3420 2192 2194 3591 
16894 3108 422 553 491 
16895 3956 905 27 28 
16896 3440 3146 2225 28 
16897 3625 3414 3145 3228 
16898 2242 3407 3405 2117 
16899 3590 2306 3532 2233 
16900 2837 2221 2914 3406 
16901 2207 3164 3950 3165 
16902 2243 2242 3405 2117 
16903 2833 24 273 25 
16904 2833 519 26 25 
16905 3405 3135 2677 2309 
16906 2207 2019 2209 2018 
16907 2209 2020 2610 2018 
16908 2837 3406 2914 3950 
16909 2209 2610 2020 3384 
16910 2020 2210 3407 2019 
16911 3407 2019 3950 3165 
16912 2221 3406 2225 26 
16913 2140 3956 3440 3404 
16914 2977 3067 3967 3692 
16915 3713 3405 2020 3714 
16916 3404 2187 2186 3165 
16917 2072 2075 3069 3531 
16918 3713 2304 3714 3967 
16919 3665 2074 4043 3666 
16920 2140 3956 3404 2242 
16921 3713 3068 3530 3967 
16922 3404 2019 3407 3165 
16923 2230 554 290 510 
16924 3590 3967 3532 3738 
16925 3590 3691 3967 3738 
16926 3590 2307 3691 3738 
16927 2636 2105 2171 2234 
16928 2230 554 2303 30 
16929 2302 3590 3967 3532 
16930 4043 3903 2072 3089 
16931 2304 3531 2186 2305 
16932 2304 2303 3531 2305 
16933 2141 30 2305 29 
16934 2140 3440 2305 2304 
16935 2140 3404 3440 2304 
16936 2977 3067 3692 2978 
16937 3713 2977 3068 3967 
16938 3404 2187 2304 2186 
16939 523 3406 2117 2833 
16940 3420 3040 3039 3422 
16941 2140 2302 2304 2305 
16942 3956 28 27 282 
16943 2221 90 2222 89 
16944 2837 2187 3956 3165 
16945 2837 2187 3165 2226 
16946 2141 426 290 429 
16947 2141 2233 3532 426 
16948 2141 2233 426 429 
16949 2141 2233 429 555 
16950 2141 429 290 555 
16951 2302 2141 3714 2233 
16952 282 523 3956 2242 
16953 3956 28 282 2242 
16954 282 523 27 3956 
16955 1767 2447 1776 88 
16956 3406 2242 3407 3405 
16957 3404 2019 3405 3407 
16958 3956 2242 523 3406 
16959 523 26 3956 3406 
16960 3406 3407 2242 2117 
16961 2833 2117 519 406 
16962 2833 3407 2117 3135 
16963 3406 3407 3950 3165 
16964 2833 2210 3407 3135 
16965 3192 2083 3039 3585 
16966 3108 474 422 491 
16967 2833 3950 3407 2210 
16968 2833 3950 3406 3407 
16969 2833 3406 3950 25 
16970 2220 2221 2428 3116 
16971 2837 3165 3950 3164 
16972 2914 3116 3164 3625 
16973 2010 84 2546 892 
16974 2221 89 903 25 
16975 2221 3406 26 25 
16976 2221 26 896 25 
16977 3406 2914 25 2221 
16978 2221 896 89 25 
16979 2736 2739 3724 2737 
16980 2077 2222 2446 2447 
16981 1773 861 582 730 
16982 2077 2447 1776 2222 
16983 1914 753 812 814 
16984 3386 609 636 742 
16985 2635 3361 716 738 
16986 2350 864 591 92 
16987 3191 2224 2223 2427 
16988 832 3385 2446 2350 
16989 1913 712 716 714 
16990 2635 716 777 738 
16991 3192 2077 2078 1839 
16992 2635 591 864 738 
16993 1829 2350 2446 3385 
16994 1829 3649 2350 3385 
16995 1829 3861 3860 2429 
16996 3561 3585 3039 2083 
16997 1829 2429 3649 3385 
16998 1829 2429 3385 2446 
16999 1829 2429 3860 3649 
17000 2323 2820 3362 819 
17001 1838 3279 3421 2737 
17002 3790 2403 585 838 
17003 2776 2891 3724 2892 
17004 2820 736 3448 3449 
17005 3812 3980 3813 3680 
17006 2077 1829 1830 2446 
17007 4017 1831 1830 3860 
17008 2504 746 637 745 
17009 3386 611 2450 636 
17010 742 3448 3450 3760 
17011 2244 1923 2246 3333 
17012 3192 2078 2194 1839 
17013 3361 2647 599 738 
17014 3361 735 716 738 
17015 3362 717 735 736 
17016 4017 3860 1830 2184 
17017 3555 3163 2189 3584 
17018 3362 735 819 736 
17019 2323 2647 3361 2819 
17020 2323 735 599 819 
17021 1774 837 3315 3819 
17022 1773 88 1774 1776 
17023 3585 2447 2077 2446 
17024 1774 87 837 86 
17025 1775 3591 2191 3734 
17026 1773 582 3050 729 
17027 3192 3037 3050 3039 
17028 2077 2083 1830 1839 
17029 3646 828 3747 715 
17030 3816 633 634 647 
17031 1781 2580 2738 3316 
17032 3039 3422 3040 3038 
17033 3629 691 715 711 
17034 2736 3724 2892 3992 
17035 3448 737 3449 736 
17036 3726 2816 3411 3197 
17037 2445 753 3316 813 
17038 2450 1914 1913 713 
17039 2754 3760 3726 587 
17040 2891 779 689 693 
17041 2891 778 689 779 
17042 2891 632 778 779 
17043 3174 619 617 618 
17044 2891 779 811 632 
17045 2445 754 2580 3237 
17046 779 2445 811 813 
17047 2739 1915 3561 3562 
17048 2634 3362 1913 716 
17049 1913 1914 3139 713 
17050 2634 712 777 716 
17051 3790 585 2402 749 
17052 690 1914 692 1915 
17053 1915 691 692 690 
17054 2634 1913 712 716 
17055 2184 1887 1838 1830 
17056 2450 1784 1914 3316 
17057 3990 3908 2687 3725 
17058 1838 2594 3421 3279 
17059 3790 585 839 838 
17060 3721 817 815 746 
17061 2581 1884 2641 2192 
17062 1887 3628 1889 1882 
17063 1781 1799 2580 1783 
17064 2505 2402 750 749 
17065 1781 3461 1782 2584 
17066 2244 2091 2850 1834 
17067 3174 4016 626 618 
17068 3279 2594 2593 2585 
17069 3192 3050 3585 3039 
17070 1867 803 666 764 
17071 3828 3238 2418 3827 
17072 2580 3175 3237 622 
17073 3562 1915 1882 1784 
17074 2445 754 3237 811 
17075 3505 1883 2581 1884 
17076 2417 3698 2854 3912 
17077 2324 804 845 723 
17078 2736 3827 3828 3175 
17079 2592 2641 3535 3428 
17080 3022 3856 3282 3873 
17081 3872 3659 2570 3281 
17082 3721 816 2504 746 
17083 1913 712 714 713 
17084 3449 3362 1913 3628 
17085 2738 3280 2737 3827 
17086 3158 3434 2506 2507 
17087 1915 1784 2739 2445 
17088 1783 1797 2905 1782 
17089 2591 2615 3421 3422 
17090 2853 2852 3086 2854 
17091 2584 3006 3659 3461 
17092 3280 3827 3279 2737 
17093 3721 3565 3910 2505 
17094 2504 637 1797 744 
17095 3790 749 2505 748 
17096 3386 700 3790 3911 
17097 2905 613 612 614 
17098 2736 3237 2445 2738 
17099 2445 751 754 813 
17100 1798 3659 2584 3280 
17101 1799 618 617 616 
17102 1781 1783 3316 1784 
17103 1781 1797 1783 1782 
17104 3316 814 630 753 
17105 3316 751 813 753 
17106 3316 630 751 753 
17107 3238 625 3237 622 
17108 3050 3585 3629 3646 
17109 3237 622 811 754 
17110 3237 811 622 625 
17111 3580 642 631 635 
17112 3795 656 784 649 
17113 2445 1914 1784 3316 
17114 2736 2738 2737 3827 
17115 3724 3912 3992 3827 
17116 2445 779 2891 693 
17117 1783 630 2450 752 
17118 2736 2739 2445 2891 
17119 1781 2580 1799 3175 
17120 2736 3724 3992 3827 
17121 664 1911 663 662 
17122 3174 626 620 618 
17123 3174 3602 2448 621 
17124 2580 619 622 754 
17125 2504 816 4016 755 
17126 3833 3214 2312 2969 
17127 3833 2320 3214 445 
17128 3833 502 2320 445 
17129 3833 504 502 445 
17130 3833 2320 502 323 
17131 3833 502 470 323 
17132 3833 470 504 384 
17133 3833 2312 3214 2320 
17134 3833 502 504 470 
17135 3373 2640 2884 3815 
17136 2553 2554 2322 2311 
17137 2639 2092 2640 3815 
17138 2639 2321 2970 3815 
17139 2638 2640 3109 1968 
17140 2310 2677 2308 2307 
17141 2975 2977 3027 3692 
17142 2310 3029 3028 2311 
17143 2310 3029 2311 2678 
17144 2310 2308 3028 2307 
17145 2310 2312 3028 2308 
17146 2310 2678 2677 3029 
17147 3034 503 3136 384 
17148 3034 444 503 384 
17149 3034 444 2522 2523 
17150 3034 2522 444 2969 
17151 3034 2312 2522 2969 
17152 3034 2522 2312 2308 
17153 3034 2312 3136 2308 
17154 2524 2523 327 434 
17155 2524 1975 450 2831 
17156 2524 3738 2831 2525 
17157 2524 2306 2523 434 
17158 2524 1975 2831 3738 
17159 2524 2306 1975 3738 
17160 2968 2367 3112 3011 
17161 2968 2367 3033 303 
17162 2968 2522 3033 2525 
17163 2968 3011 3453 2525 
17164 2968 3453 2522 2525 
17165 3418 3225 2366 432 
17166 3418 522 3225 432 
17167 1943 522 3793 278 
17168 3418 522 39 38 
17169 1824 2533 1943 2827 
17170 1825 2542 3204 3122 
17171 3465 2080 36 297 
17172 1943 3874 4029 1826 
17173 3793 278 38 37 
17174 1943 3418 2533 3793 
17175 1826 1944 1827 3638 
17176 3204 2542 1827 3067 
17177 1826 1944 1945 2759 
17178 1826 1827 1944 2759 
17179 2601 1826 1945 2759 
17180 3215 3225 2830 2831 
17181 3215 301 3225 300 
17182 3215 2831 3033 302 
17183 3215 300 2831 302 
17184 3215 1944 3225 2367 
17185 3215 2831 2525 3033 
17186 3215 3225 1944 1945 
17187 3215 3225 2831 300 
17188 1978 3366 3218 2991 
17189 2080 3225 2830 1945 
17190 2080 37 297 278 
17191 1824 2079 3793 2532 
17192 2080 1945 2830 2081 
17193 3793 522 3418 38 
17194 3050 729 688 730 
17195 290 2230 510 426 
17196 3465 520 2081 287 
17197 3465 520 287 35 
17198 3465 2081 2080 287 
17199 3944 2081 1974 3207 
17200 1978 3366 2991 3796 
17201 3140 3013 1978 2991 
17202 3050 688 3037 730 
17203 3465 35 287 36 
17204 1773 1774 88 861 
17205 1943 1944 4029 3225 
17206 1824 2533 2530 2532 
17207 2827 1824 2533 2530 
17208 3013 3796 2079 3465 
17209 2533 3418 39 38 
17210 1943 4029 3874 2827 
17211 1824 2081 3854 1945 
17212 1773 88 1776 2447 
17213 3013 2825 101 37 
17214 2825 944 101 37 
17215 2089 2090 1814 3141 
17216 2089 2816 2090 3141 
17217 2531 3518 3862 3074 
17218 3987 2825 944 101 
17219 3850 2818 3582 3759 
17220 3013 2079 2825 37 
17221 2730 3141 2815 3582 
17222 3583 2687 3603 2688 
17223 3012 1978 3013 35 
17224 3987 3582 2818 2816 
17225 1824 3854 2988 3204 
17226 3943 2792 2530 3932 
17227 1862 3218 1863 3224 
17228 2736 3992 1999 3827 
17229 2533 3793 3418 38 
17230 2531 3987 102 3197 
17231 2531 946 2457 103 
17232 3074 946 39 40 
17233 3635 108 44 957 
17234 3140 3012 1978 3013 
17235 3932 3518 2530 3074 
17236 2531 3987 944 102 
17237 3943 3347 3074 2827 
17238 3074 3862 2972 3932 
17239 1943 3418 3793 522 
17240 1824 3793 1943 2533 
17241 2533 2530 3074 2827 
17242 2827 1824 2530 3874 
17243 3724 3038 2567 3992 
17244 3510 3988 2613 3478 
17245 3159 2467 3658 2468 
17246 3386 3790 2756 3911 
17247 3726 3197 2403 103 
17248 3450 742 636 759 
17249 3386 611 636 609 
17250 4017 3991 3860 2184 
17251 2754 2756 608 831 
17252 3386 700 2756 3790 
17253 2756 3790 700 741 
17254 3726 831 608 587 
17255 2754 1880 3911 2755 
17256 3510 3478 2973 3411 
17257 3637 2795 3741 3359 
17258 3159 3305 3511 3304 
17259 1811 3411 2816 3197 
17260 1888 3461 1880 2755 
17261 2456 840 2507 2402 
17262 2973 3478 1812 3411 
17263 3510 2973 3988 3411 
17264 1888 1882 2584 1838 
17265 2757 2755 3510 3988 
17266 3510 3988 3478 3411 
17267 2751 675 2753 818 
17268 1782 1881 2450 1882 
17269 2757 2457 2403 3197 
17270 2756 2757 3790 2403 
17271 2687 869 3725 97 
17272 3163 3908 3584 3555 
17273 3448 596 3759 822 
17274 3724 2739 3561 3562 
17275 2450 814 752 630 
17276 3988 3411 3579 3478 
17277 3988 3478 3579 2613 
17278 1887 2594 1838 2585 
17279 2450 814 1914 713 
17280 3988 3726 2818 3411 
17281 3988 2818 3579 3411 
17282 3163 1889 3567 3849 
17283 2505 818 2753 817 
17284 2751 2505 750 818 
17285 2456 3717 106 105 
17286 1811 3862 2972 2457 
17287 3159 3658 2795 3305 
17288 2506 2402 3790 2403 
17289 3158 3434 3812 2506 
17290 3196 2507 842 750 
17291 3872 3022 3281 3873 
17292 3872 3578 3007 3792 
17293 2369 3601 2925 3600 
17294 3478 3510 3006 2613 
17295 3872 3007 3006 2585 
17296 2795 2798 3359 2796 
17297 1888 3461 2584 1882 
17298 1888 1889 3849 1880 
17299 3013 3987 101 2825 
17300 1861 3730 2090 2801 
17301 3729 1923 3877 3333 
17302 3448 596 822 739 
17303 3163 3988 3849 2818 
17304 3785 2688 3908 3555 
17305 2688 3759 596 99 
17306 3553 2539 2705 3554 
17307 3987 2816 3726 3197 
17308 2189 3553 3555 3584 
17309 1914 1915 690 693 
17310 1887 1882 1838 2082 
17311 1888 3849 1889 2613 
17312 2613 1887 1888 3007 
17313 1888 1882 1889 1880 
17314 3450 3449 3628 3362 
17315 3448 3785 3450 3849 
17316 1888 3988 3849 2613 
17317 1888 1882 1880 3461 
17318 2634 3361 3362 716 
17319 2754 608 3726 831 
17320 3850 3760 3759 606 
17321 3760 742 822 607 
17322 3724 3561 2739 2891 
17323 2754 2756 3386 741 
17324 3386 2450 2905 1881 
17325 3849 3988 3726 2818 
17326 3850 3582 101 100 
17327 3850 100 101 606 
17328 2754 1880 3386 3911 
17329 3760 608 607 587 
17330 3850 3987 3726 102 
17331 3760 822 606 607 
17332 3760 606 587 607 
17333 3448 596 2688 3759 
17334 3759 596 100 606 
17335 3850 3759 3582 100 
17336 2821 3860 3557 3649 
17337 3759 99 100 596 
17338 3849 3850 3759 2818 
17339 2820 3449 3448 3362 
17340 3448 2688 596 829 
17341 3582 2816 2089 3141 
17342 3012 1977 1978 952 
17343 3012 2089 3582 3013 
17344 2323 3362 2820 2819 
17345 3850 606 101 587 
17346 3582 3759 99 100 
17347 2815 3582 3141 2816 
17348 3012 100 99 953 
17349 2730 98 3012 99 
17350 1861 3141 2793 1814 
17351 2815 2817 3730 3554 
17352 3012 99 952 35 
17353 2820 740 829 739 
17354 2687 3908 3583 3725 
17355 3163 1889 3849 2613 
17356 3163 2612 3908 3567 
17357 3724 2739 3562 2737 
17358 3555 2817 2815 3554 
17359 2820 3567 3785 3908 
17360 2820 3908 3785 2688 
17361 2820 736 819 740 
17362 2687 3603 98 97 
17363 3448 3450 3760 3849 
17364 2820 736 3449 3362 
17365 3163 3567 1889 2612 
17366 3990 3805 3991 4009 
17367 1914 1915 3139 692 
17368 2323 3846 2614 95 
17369 3557 3649 3271 3559 
17370 2850 2614 3846 95 
17371 3163 3584 2612 3720 
17372 3332 3555 3583 3603 
17373 4017 2819 1831 3860 
17374 2819 1831 3362 3628 
17375 4017 1831 2819 3628 
17376 2819 3362 3567 3628 
17377 4023 2815 3555 3603 
17378 2736 3828 3827 3237 
17379 2450 3316 814 630 
17380 3464 3510 3006 3511 
17381 3458 2189 2705 3352 
17382 3352 3584 2190 3991 
17383 3990 2819 2820 3908 
17384 3555 3163 3554 2189 
17385 3584 4009 3908 3991 
17386 3584 3458 4009 3991 
17387 3584 3991 2612 2190 
17388 3584 2612 3720 2190 
17389 3352 3584 3991 3458 
17390 3584 2190 3720 2189 
17391 3583 3584 3458 4009 
17392 3725 96 2850 5 
17393 3907 3765 2850 3846 
17394 3725 869 5 97 
17395 4023 3333 1976 3603 
17396 3553 3458 2539 2540 
17397 3557 3649 3559 3558 
17398 1834 3981 2246 3948 
17399 3981 3459 2246 3948 
17400 3805 3349 3650 2565 
17401 3557 3559 3271 3650 
17402 3805 3349 3765 3650 
17403 3557 3560 3559 3650 
17404 3990 2614 2323 3846 
17405 3557 3765 3560 3650 
17406 3990 3725 3583 3908 
17407 3990 2687 2820 2614 
17408 3557 3860 3805 3650 
17409 3557 3649 3860 3650 
17410 2850 96 2614 95 
17411 3981 4009 3583 3458 
17412 3666 2091 32 1 
17413 3846 3558 3557 3560 
17414 3990 2323 2614 2819 
17415 3846 3560 3557 3765 
17416 3846 3765 3557 4009 
17417 3596 31 898 95 
17418 3981 3907 3583 4009 
17419 2850 3560 3846 3765 
17420 2850 3560 3765 1834 
17421 1834 2091 2850 3596 
17422 1834 3596 3560 1833 
17423 2244 2850 3725 3907 
17424 3725 2614 2850 96 
17425 3583 3555 3584 3908 
17426 4023 2539 3553 3730 
17427 3665 2091 3666 1 
17428 2244 2545 5 1 
17429 3725 5 3603 97 
17430 3725 3846 3907 2850 
17431 3725 3846 2850 2614 
17432 2687 3583 3908 2688 
17433 3981 3553 2540 3458 
17434 3725 4009 3907 3846 
17435 3990 2819 4017 3860 
17436 3990 3860 4017 3991 
17437 4043 3903 3814 1 
17438 1832 3977 1834 1833 
17439 1832 2244 2245 2246 
17440 2074 2091 2245 3977 
17441 3110 2074 1921 2087 
17442 3665 2544 2545 1 
17443 4023 1976 1860 3603 
17444 1978 952 34 35 
17445 1976 1860 3218 1863 
17446 4046 3876 3875 3877 
17447 3665 2544 3814 3876 
17448 3110 3252 3875 3876 
17449 1921 3977 2245 1922 
17450 3876 3877 3218 3366 
17451 2730 1977 98 3603 
17452 3332 3603 2244 2545 
17453 3332 3553 3583 3555 
17454 2244 3603 3725 5 
17455 2244 2246 3907 3333 
17456 1921 3977 2074 2245 
17457 1977 951 98 97 
17458 3724 2567 2892 3992 
17459 3797 1978 2544 34 
17460 1976 1860 1978 3218 
17461 1977 952 98 34 
17462 1976 1977 3603 2545 
17463 1977 98 951 34 
17464 3110 2075 2074 2087 
17465 3814 3965 3797 2231 
17466 2544 1977 2545 33 
17467 2544 3876 3218 3366 
17468 3814 32 3903 3089 
17469 1978 1977 2544 34 
17470 3944 3797 2231 34 
17471 1978 3796 3013 3465 
17472 1978 3465 3013 35 
17473 2567 683 793 642 
17474 1978 3013 3796 3871 
17475 1978 2991 3013 3871 
17476 1978 3796 2991 3871 
17477 3012 100 3582 99 
17478 3012 1860 1978 1977 
17479 1860 1861 3141 1862 
17480 2730 3012 1977 1860 
17481 2730 98 2688 3603 
17482 2730 1977 3603 1860 
17483 2567 3580 3795 642 
17484 3814 560 2231 540 
17485 2231 540 431 520 
17486 2230 510 431 295 
17487 4043 3814 3089 3965 
17488 3665 2545 2244 1 
17489 3089 540 560 295 
17490 3089 2303 3965 3737 
17491 3089 560 32 295 
17492 3944 2231 3797 3965 
17493 3814 3903 32 1 
17494 34 3465 1978 35 
17495 3814 3797 2544 34 
17496 3944 1974 2231 3737 
17497 3814 2544 33 34 
17498 2231 3737 3089 3965 
17499 3666 3977 1833 1834 
17500 3596 31 3666 898 
17501 3666 32 2091 898 
17502 3596 2850 3560 95 
17503 3814 3089 2231 560 
17504 3068 2636 3806 2234 
17505 3666 3977 2074 2073 
17506 3596 907 31 95 
17507 4043 3666 2072 3903 
17508 3666 1833 3977 2073 
17509 3666 3531 1833 2073 
17510 3531 3596 2305 30 
17511 3531 3596 30 31 
17512 3596 2175 30 907 
17513 3596 30 31 907 
17514 3596 1833 3666 3531 
17515 3596 3531 3666 3903 
17516 3596 3903 3666 31 
17517 3596 3531 3903 31 
17518 3530 2072 3251 2075 
17519 3530 3067 1842 3205 
17520 2072 3089 3903 2303 
17521 2072 3089 2303 3965 
17522 3530 2303 2072 3531 
17523 2072 3903 3531 2303 
17524 2302 3714 3590 3532 
17525 295 2231 431 2230 
17526 2230 554 2141 290 
17527 2302 3737 3965 2303 
17528 3530 3068 1842 3067 
17529 3530 3965 2302 3737 
17530 3530 2304 3531 2186 
17531 3530 3067 3205 3967 
17532 3530 2304 2302 2303 
17533 2302 3714 2304 3967 
17534 2302 3737 3532 3967 
17535 3944 2081 3465 520 
17536 3944 1974 3737 3207 
17537 3814 560 33 1 
17538 3814 3251 3876 3366 
17539 3814 32 560 1 
17540 3797 2544 1978 3366 
17541 3797 3366 1978 3796 
17542 3757 1842 2988 2990 
17543 3530 3068 2186 3069 
17544 1842 1841 3068 1844 
17545 3944 3797 3465 3796 
17546 3944 3465 2081 3796 
17547 3944 2081 3854 3796 
17548 3944 3854 2081 2601 
17549 3204 2990 1842 3205 
17550 3207 3944 2081 2601 
17551 3737 3530 3205 3967 
17552 3205 2601 3737 3967 
17553 2990 3796 3854 3871 
17554 2567 3038 3715 3992 
17555 2990 3366 3797 3796 
17556 3205 3944 2601 3854 
17557 3205 3067 2601 3967 
17558 1842 2976 3068 1841 
17559 3874 3974 3971 3122 
17560 3974 3971 3496 3874 
17561 2988 1824 3496 3495 
17562 2990 3796 2991 3366 
17563 3797 3251 3366 2990 
17564 3252 3877 3876 3366 
17565 2990 2991 2989 3366 
17566 2567 3795 3715 3038 
17567 1842 2990 3252 3251 
17568 3530 3205 3251 3965 
17569 2315 2316 2086 2204 
17570 3893 2204 2086 3587 
17571 2075 1842 3111 3251 
17572 3893 3729 2540 1923 
17573 3110 3876 3665 4043 
17574 3893 3729 3877 3254 
17575 2567 683 642 651 
17576 1921 2245 4046 1923 
17577 3111 1844 2075 2087 
17578 1921 2245 1832 1922 
17579 2315 2316 2202 3222 
17580 3757 3066 3204 1842 
17581 3252 2989 3222 3224 
17582 2315 2086 2316 2085 
17583 2315 2203 3875 3224 
17584 4023 3729 2539 3730 
17585 3665 3666 4043 1 
17586 4046 3876 1976 2545 
17587 4046 2245 2244 3333 
17588 1976 3218 3877 1863 
17589 1976 1863 3877 3333 
17590 1976 3218 3876 3877 
17591 3729 3254 3087 2227 
17592 3729 3877 1863 3333 
17593 2538 2540 2539 3459 
17594 4023 2815 3553 3555 
17595 3729 2540 2539 2227 
17596 3729 1863 3877 3254 
17597 3512 3241 2460 3513 
17598 1861 3141 1814 2090 
17599 1861 2809 3730 3236 
17600 1861 3730 2815 2090 
17601 1861 2090 2815 3141 
17602 1862 2991 3218 3224 
17603 1861 1863 3730 2809 
17604 3518 3862 1813 1814 
17605 2088 2089 3987 2816 
17606 3140 2825 3518 2793 
17607 2088 3518 2825 2793 
17608 2088 3862 2531 3518 
17609 2088 3987 3197 2816 
17610 3518 1813 3862 2792 
17611 3518 2793 1813 2792 
17612 3974 3498 3971 3968 
17613 3943 2792 3932 2957 
17614 3943 3074 3347 3932 
17615 1935 3932 3348 1938 
17616 3974 3122 1825 3204 
17617 3971 3968 3498 3804 
17618 1937 3804 3971 2957 
17619 3498 2794 2792 3804 
17620 3498 2792 2794 3669 
17621 3498 2794 3804 3669 
17622 3498 3669 3804 3968 
17623 3140 2825 3013 3871 
17624 3495 2530 3518 2532 
17625 3235 3669 3803 3119 
17626 3141 1862 2793 3140 
17627 3235 2793 3236 2809 
17628 1862 3566 2989 3224 
17629 3495 3669 3497 1862 
17630 3495 2989 2988 2991 
17631 3140 3013 2089 3141 
17632 3140 2089 2793 3141 
17633 3140 3013 2991 3871 
17634 3512 670 656 650 
17635 3235 2793 1862 3669 
17636 3235 3803 3221 1228 
17637 3141 1862 1861 2793 
17638 1862 1861 2793 2809 
17639 3235 3221 2689 1226 
17640 1228 3235 3119 1226 
17641 3235 2689 3119 1226 
17642 3235 2689 2809 3236 
17643 3235 3119 2689 3236 
17644 3235 1862 2809 3224 
17645 3235 2809 3221 3224 
17646 3235 2689 3221 2809 
17647 4046 3877 1923 3333 
17648 2084 3588 3587 2229 
17649 2084 2086 3589 1922 
17650 2084 2086 1922 2087 
17651 3893 3587 2086 3589 
17652 3893 3087 2203 3587 
17653 2538 3948 2246 3459 
17654 3893 2203 3877 3875 
17655 3893 2086 2203 3875 
17656 3893 3877 1923 3875 
17657 3893 2086 3875 1923 
17658 3588 3350 3459 3353 
17659 3387 2929 3241 3243 
17660 3588 3350 3353 3423 
17661 2084 2229 2537 3607 
17662 3588 3587 2229 3423 
17663 3588 3423 2229 3350 
17664 2538 3087 3587 3423 
17665 2538 3087 3353 2227 
17666 2538 2540 3087 2227 
17667 3353 3588 2538 3459 
17668 2538 2540 3893 3087 
17669 3353 3588 3423 2538 
17670 2538 3087 3423 3353 
17671 3512 650 656 649 
17672 2266 3087 3423 3587 
17673 2266 2201 3087 3587 
17674 2266 3423 2401 1055 
17675 3087 2266 3423 2401 
17676 2236 1120 1177 1115 
17677 3713 3806 2019 3165 
17678 2235 2105 1154 1173 
17679 2235 1154 1114 1173 
17680 2235 2528 2105 2234 
17681 2235 3479 1115 1114 
17682 2235 2206 3479 1114 
17683 1154 2235 2528 2105 
17684 3887 3479 2235 2206 
17685 3887 2085 3479 2206 
17686 3887 2087 3069 1844 
17687 3887 3069 2087 2823 
17688 2235 3887 2234 2236 
17689 3887 2206 2235 2823 
17690 3887 2085 2206 2823 
17691 3887 2087 1844 2085 
17692 3887 2087 2085 2823 
17693 1841 2236 2234 3887 
17694 3512 656 3795 649 
17695 3512 794 2460 670 
17696 2236 1841 2419 1843 
17697 1842 3253 1843 1844 
17698 2636 1841 2720 2419 
17699 3715 3422 3241 3809 
17700 1841 1843 2720 2419 
17701 3479 1841 1843 1844 
17702 1842 3067 1841 2721 
17703 1842 3068 3251 2075 
17704 2636 2234 1841 2419 
17705 2608 2609 2172 2173 
17706 2608 2610 2609 2173 
17707 2975 2020 2610 3027 
17708 2900 1942 2637 2877 
17709 3806 3970 2526 3165 
17710 3713 2021 2977 2020 
17711 3806 3970 2234 2528 
17712 3806 2234 2171 2528 
17713 2608 2172 2171 2173 
17714 3806 2636 2171 2234 
17715 2170 2105 1187 1066 
17716 2170 1187 1164 1066 
17717 2170 3938 2172 2171 
17718 2170 3938 2171 2529 
17719 2170 1164 1064 1066 
17720 2236 2234 2105 2419 
17721 2236 2235 3887 3479 
17722 2236 1177 3370 2105 
17723 1954 2236 3370 2419 
17724 2236 2105 2235 1173 
17725 2236 1173 2235 1115 
17726 2528 2823 2234 2235 
17727 2236 2105 3370 2419 
17728 1939 1979 2125 991 
17729 1939 990 1979 991 
17730 1939 2241 1850 2125 
17731 1939 2720 2232 1979 
17732 1843 1939 2232 2241 
17733 1939 2232 2241 2125 
17734 2872 1939 1979 1942 
17735 2872 1940 1939 1942 
17736 1939 1850 1940 2125 
17737 1939 1979 2232 2125 
17738 2872 989 988 996 
17739 2872 990 2066 980 
17740 2872 990 980 989 
17741 2872 1979 3105 1942 
17742 2872 980 988 989 
17743 3027 3319 3029 3412 
17744 3027 2543 3319 3412 
17745 3027 2543 3692 2307 
17746 2900 2599 2598 1941 
17747 2975 2610 3412 3384 
17748 3027 2677 2307 3692 
17749 2020 3135 3407 2210 
17750 3145 3164 3625 3285 
17751 2020 2678 2677 3135 
17752 2020 2677 2678 3029 
17753 2020 3027 3029 3384 
17754 2020 3027 2677 3029 
17755 2975 2020 2977 2021 
17756 2975 2977 2637 2021 
17757 2977 2637 2636 2976 
17758 2977 2636 2637 2021 
17759 2610 2611 2609 2551 
17760 2975 2637 2610 2021 
17761 3713 3967 3530 2304 
17762 3068 2976 2977 2636 
17763 1843 3761 1842 2721 
17764 3204 3067 1827 2601 
17765 3757 2989 3252 2990 
17766 2096 3761 2319 2241 
17767 1842 2721 3066 3067 
17768 3530 3068 3069 2075 
17769 3530 3251 1842 3068 
17770 3530 2186 2072 3069 
17771 3530 3069 2072 2075 
17772 3495 3496 2530 2532 
17773 3204 3854 3205 2601 
17774 3204 1827 3854 2601 
17775 3974 3496 1825 3874 
17776 3122 3949 3971 3874 
17777 1824 2080 3793 2079 
17778 2988 1842 3204 2990 
17779 3204 3854 2990 3205 
17780 3122 2541 2826 1825 
17781 3974 3204 1825 3496 
17782 2541 1826 1827 3638 
17783 3715 2417 2768 3580 
17784 1827 3673 2543 2541 
17785 3673 2659 3011 3453 
17786 3216 2676 2598 3064 
17787 3715 3598 3241 3422 
17788 1825 1827 2541 1826 
17789 3974 3204 2988 3066 
17790 1824 2079 3871 3854 
17791 3974 3122 3204 3066 
17792 3495 3854 1824 3871 
17793 3495 3496 3498 2530 
17794 3495 1824 2532 3871 
17795 2112 3235 3669 3803 
17796 2112 3221 3235 3803 
17797 3566 2112 3669 3497 
17798 2112 3803 3802 1230 
17799 3974 3066 3497 2115 
17800 3497 3498 3968 3669 
17801 3757 3667 3222 3566 
17802 3715 3598 3795 3241 
17803 2096 3222 3761 3667 
17804 2096 2113 3761 2241 
17805 3761 2721 2113 3066 
17806 2096 1280 2319 1284 
17807 3761 2241 2113 2721 
17808 3761 2319 2241 2721 
17809 3761 1843 3253 2319 
17810 3761 1843 2319 2721 
17811 2203 2086 2315 3875 
17812 2096 1284 2319 3222 
17813 2315 3111 3252 3875 
17814 2315 2319 3761 3253 
17815 2315 3761 2319 3222 
17816 3757 3204 2988 1842 
17817 2085 2315 3111 1844 
17818 2315 3253 3111 1844 
17819 2315 2316 3253 1844 
17820 2315 3253 3252 3111 
17821 3757 1842 3252 3253 
17822 2315 2319 3253 2316 
17823 2315 2319 2316 3222 
17824 3757 3497 3667 3566 
17825 3757 2989 3497 3566 
17826 3757 3761 3222 3667 
17827 3757 3066 3761 3667 
17828 3757 2988 3497 2989 
17829 3715 3241 2768 3809 
17830 3235 2112 3669 3566 
17831 2112 3669 3497 3968 
17832 2096 2115 3761 2113 
17833 2096 3761 2115 3667 
17834 2112 1235 1236 1232 
17835 2112 2115 3497 3667 
17836 2112 3497 2115 3968 
17837 2112 3667 2096 2115 
17838 2096 1315 2112 1241 
17839 2112 1232 3803 1230 
17840 2112 1235 1232 1230 
17841 2112 2115 2114 3968 
17842 4019 2317 3740 2883 
17843 4019 3900 2317 2883 
17844 4019 3739 4022 3802 
17845 4019 3740 3739 3802 
17846 3786 3794 3674 2444 
17847 2674 2151 3137 3786 
17848 3794 4019 3900 2317 
17849 3794 3900 3758 2317 
17850 3121 3739 2128 3122 
17851 3505 1883 3409 2928 
17852 2618 1987 1990 3674 
17853 2520 3137 3794 2519 
17854 2128 2130 3123 3122 
17855 2128 3740 2130 3122 
17856 2128 4019 3794 2317 
17857 2128 3740 4019 2317 
17858 2675 2659 3201 2599 
17859 3216 2130 2390 1941 
17860 3216 2599 2130 1941 
17861 3216 2390 2599 1941 
17862 2675 2674 3216 3123 
17863 2675 2130 2541 3122 
17864 3216 2390 2130 2129 
17865 3216 2599 2390 2598 
17866 3216 2674 2129 3123 
17867 3216 2129 2674 2390 
17868 2520 2519 3794 3758 
17869 3505 2615 1883 2928 
17870 2520 3674 3794 2444 
17871 3505 2615 2581 1883 
17872 2520 3758 1810 2519 
17873 64 561 3 2619 
17874 2657 1807 3900 2134 
17875 2518 2867 2198 3563 
17876 2518 4030 2519 3563 
17877 2518 4030 3563 2478 
17878 2768 2920 2769 3698 
17879 2151 3457 2674 2478 
17880 2151 2478 2674 3137 
17881 2768 2417 3809 3698 
17882 2151 3137 2518 2478 
17883 2151 2518 3137 2444 
17884 3121 2722 3397 1848 
17885 3786 3345 2151 1848 
17886 2148 2150 3166 2198 
17887 3457 2385 3063 3064 
17888 2151 3457 3345 2674 
17889 3457 3064 3345 2674 
17890 2965 3800 2967 3985 
17891 3457 2478 2385 2674 
17892 3457 2385 3064 2674 
17893 3621 4030 3564 2347 
17894 2966 2385 4030 3800 
17895 2966 4030 2385 2478 
17896 3780 3457 2965 3130 
17897 2966 3800 3457 2385 
17898 2966 2385 3457 2478 
17899 3246 3866 3131 2885 
17900 2349 2763 3041 3472 
17901 2965 3800 2966 2967 
17902 2965 3457 2966 3800 
17903 3780 2966 2346 2200 
17904 3881 2702 3389 2700 
17905 3780 3457 2346 2966 
17906 2559 2560 2870 3577 
17907 3129 3131 3482 2885 
17908 3129 3482 2702 2701 
17909 3382 2067 2380 2390 
17910 3382 2066 2067 2390 
17911 3382 1000 2067 982 
17912 3382 1000 982 997 
17913 2382 3382 1940 2381 
17914 998 3382 2380 2381 
17915 3382 982 1004 997 
17916 2768 3809 2922 3698 
17917 3382 979 2066 1004 
17918 3382 982 979 1004 
17919 979 3382 2066 2067 
17920 3382 2066 1940 1004 
17921 3621 1955 2347 3564 
17922 3113 1498 1399 1402 
17923 3621 3985 2967 3800 
17924 3621 2967 3985 3564 
17925 3621 1955 3564 3985 
17926 3312 3697 3840 3716 
17927 1808 2521 2874 2875 
17928 1808 2875 2874 1802 
17929 1808 2519 1810 3758 
17930 1808 3746 2875 1802 
17931 2167 3429 2133 2135 
17932 3745 3953 3807 2135 
17933 3745 3953 2135 2166 
17934 3745 3220 2168 3338 
17935 3745 2168 3220 2166 
17936 2167 3685 3429 2135 
17937 2167 2133 3334 2165 
17938 2167 2165 2166 2133 
17939 2167 2166 2135 2133 
17940 2167 2166 3745 2135 
17941 3502 1985 2771 1986 
17942 3502 2771 1985 1243 
17943 1983 3741 3502 1997 
17944 1983 3685 3429 1985 
17945 1983 3429 3502 1985 
17946 1983 3502 3429 1997 
17947 1995 3741 1983 1997 
17948 1983 1984 3685 1985 
17949 1983 3429 1996 1997 
17950 3327 4022 3918 1938 
17951 3327 3958 4019 3802 
17952 3327 2958 3993 3802 
17953 3327 1938 3918 3767 
17954 2655 3327 1995 1997 
17955 1995 2936 3859 3919 
17956 3888 3767 1995 3859 
17957 1995 3919 3859 3767 
17958 2937 3807 1983 3685 
17959 3848 3940 2937 3749 
17960 2937 3749 3940 1984 
17961 3626 3036 3303 3305 
17962 2937 3848 3627 3807 
17963 2768 2922 2920 3698 
17964 2865 111 47 949 
17965 2775 3807 3953 1996 
17966 2118 3799 2119 3151 
17967 4007 3799 4008 3581 
17968 1836 2619 942 48 
17969 3160 1996 2135 2134 
17970 3160 3746 2132 2135 
17971 3160 2132 2134 2135 
17972 2655 2936 1995 3919 
17973 2657 1807 2134 3160 
17974 3278 2724 1988 2723 
17975 1807 2704 3900 2134 
17976 3160 2135 3953 3746 
17977 1808 1809 1810 2960 
17978 1809 2960 3746 3953 
17979 2618 2620 2619 2515 
17980 2656 3160 1809 2657 
17981 2618 2515 2150 2867 
17982 1809 3746 3160 3953 
17983 2656 3160 3953 1809 
17984 3675 46 948 45 
17985 3918 2723 4022 3867 
17986 3327 3802 4022 3804 
17987 2655 3919 3327 3867 
17988 3327 3918 3867 3767 
17989 2655 2657 3867 3958 
17990 1780 3327 2958 1997 
17991 3327 3958 2958 1997 
17992 2768 2418 2417 3698 
17993 3327 3767 1995 1780 
17994 3327 2958 3767 1780 
17995 3327 3958 3993 2958 
17996 3327 3867 3900 3958 
17997 2971 43 3635 107 
17998 1836 112 48 942 
17999 1937 2722 3739 4022 
18000 1937 1938 2722 4022 
18001 1937 3971 3804 3739 
18002 1937 2722 3949 3739 
18003 1937 3971 3739 3949 
18004 2595 2770 2418 2769 
18005 3159 3478 2795 3658 
18006 2456 2973 2458 2457 
18007 3888 2468 3741 3637 
18008 3658 3478 3401 1812 
18009 3158 2973 2456 2506 
18010 3888 3065 1813 3637 
18011 3888 1813 3065 2467 
18012 3888 2468 3658 2467 
18013 3888 3658 2468 3637 
18014 3888 1780 3065 3637 
18015 2795 3359 3648 3741 
18016 3648 3305 2798 2468 
18017 3648 3226 3305 2468 
18018 3648 3741 1995 2468 
18019 3648 2468 1995 3226 
18020 3626 2773 2937 3749 
18021 3648 3226 1983 1984 
18022 3980 2570 3813 3680 
18023 2595 658 657 659 
18024 3303 3305 3511 2798 
18025 3303 3035 3511 3304 
18026 3303 3304 3511 3305 
18027 2507 2402 840 750 
18028 2507 840 842 750 
18029 3196 2751 2507 750 
18030 4016 626 618 755 
18031 2506 3790 3910 2755 
18032 3704 766 764 765 
18033 2399 3203 2351 2777 
18034 674 3437 769 2752 
18035 3721 3722 3647 816 
18036 2595 658 648 657 
18037 3463 3721 3910 3462 
18038 3158 3510 2506 3464 
18039 648 2595 2923 658 
18040 3267 590 3269 3544 
18041 3364 762 644 796 
18042 3722 674 654 675 
18043 3812 3813 3462 2753 
18044 3565 700 2905 3911 
18045 3721 3647 3462 4016 
18046 3722 2752 674 675 
18047 3721 3647 3722 3462 
18048 4016 3602 626 638 
18049 1867 762 666 645 
18050 3267 707 841 765 
18051 3722 3364 3647 644 
18052 3659 3281 3280 3084 
18053 3202 109 600 846 
18054 3432 3196 2751 3434 
18055 3433 1894 3203 3035 
18056 3432 3433 3202 2806 
18057 3682 3798 2510 3889 
18058 2510 4031 4008 3627 
18059 3721 2753 675 817 
18060 2806 2805 3203 2496 
18061 3202 3100 2806 3102 
18062 3363 3203 3935 2752 
18063 3209 3094 1893 3268 
18064 3722 643 654 644 
18065 4031 4008 3627 3749 
18066 2351 2777 2496 854 
18067 2399 3437 3202 788 
18068 3626 3648 2296 1984 
18069 3202 848 3437 770 
18070 2399 676 3437 786 
18071 2804 602 2496 2777 
18072 3969 2866 3099 2936 
18073 3969 2465 3036 3226 
18074 3196 3437 2751 770 
18075 3969 2773 2936 3226 
18076 2465 3100 2806 3265 
18077 2465 3265 2466 3100 
18078 2465 3100 2466 2468 
18079 1935 3943 3932 1938 
18080 3348 43 955 42 
18081 3347 3932 3074 2972 
18082 2723 1988 3975 3633 
18083 1935 1937 3943 1938 
18084 1935 3348 42 43 
18085 1788 2828 1789 2059 
18086 3943 1937 2957 1938 
18087 3073 42 3347 41 
18088 3073 42 41 531 
18089 3073 41 3347 3074 
18090 3347 2972 3074 41 
18091 3073 2366 3418 2827 
18092 2828 2061 1840 2367 
18093 3346 3949 3943 1937 
18094 3073 276 531 41 
18095 3073 276 41 40 
18096 3707 2059 509 441 
18097 3707 509 535 441 
18098 3707 3636 2059 3473 
18099 3736 45 537 291 
18100 3736 2724 45 291 
18101 3707 2059 3636 2802 
18102 1789 441 531 440 
18103 2828 2059 1788 2061 
18104 1788 2828 1840 1789 
18105 1789 42 3073 531 
18106 1789 3706 3707 2829 
18107 1789 2059 3707 441 
18108 1789 2829 3707 2059 
18109 1943 3225 522 278 
18110 2826 2829 2828 3397 
18111 2828 3638 3397 2061 
18112 2828 2061 3397 2059 
18113 2828 2829 1789 2059 
18114 2828 3397 2829 2059 
18115 1943 3418 4029 2827 
18116 2826 3874 3949 3122 
18117 2826 1825 2541 3638 
18118 2826 3874 1825 1826 
18119 2826 1826 1825 3638 
18120 2826 3397 2828 3638 
18121 2826 3874 3122 1825 
18122 3943 2530 3971 3874 
18123 3943 2827 2530 3874 
18124 3943 2827 3074 2530 
18125 3943 2530 3074 3932 
18126 3943 2957 1937 3971 
18127 3975 1936 3976 1938 
18128 3634 3065 3635 3859 
18129 3346 2059 3707 2829 
18130 3346 2829 3397 2059 
18131 1936 3918 2722 1938 
18132 3736 461 537 280 
18133 3736 3636 1847 539 
18134 1936 2722 2724 3473 
18135 1936 2722 1937 1938 
18136 2723 1988 3918 3975 
18137 3736 3636 3707 3473 
18138 1847 3473 2724 1848 
18139 1847 1849 3473 1848 
18140 1846 2444 2151 1848 
18141 3736 291 1847 2724 
18142 1847 3636 3473 1849 
18143 3736 1936 3706 44 
18144 3736 44 537 45 
18145 3736 3706 280 44 
18146 3736 280 537 44 
18147 3635 108 107 956 
18148 3976 3065 3348 2971 
18149 45 3278 2724 3633 
18150 3634 3635 44 957 
18151 3635 44 108 956 
18152 3976 1938 3348 3065 
18153 3976 3635 43 956 
18154 3976 44 3635 956 
18155 3976 43 44 956 
18156 3975 1938 3065 3767 
18157 3976 3706 1936 44 
18158 3976 43 3706 44 
18159 1935 42 3706 43 
18160 3346 3949 1937 2722 
18161 1935 1938 3976 1936 
18162 2971 3976 43 3348 
18163 3278 1987 1988 47 
18164 1989 2865 47 949 
18165 3975 3767 3634 3919 
18166 3919 3675 3634 3975 
18167 2865 3102 110 111 
18168 3099 3767 3634 3859 
18169 3099 3634 3767 3919 
18170 3099 3767 3859 3919 
18171 3099 3919 3859 2936 
18172 2865 111 949 112 
18173 1836 2656 1989 2865 
18174 2865 2656 3919 2936 
18175 2865 2866 2656 2936 
18176 2865 3099 2866 2936 
18177 2865 3919 3099 2936 
18178 2619 1989 47 48 
18179 3919 3675 3975 3918 
18180 3675 2865 958 47 
18181 3867 3674 1988 2723 
18182 1988 2723 3918 3867 
18183 1989 3867 3675 3919 
18184 3675 3099 2865 3919 
18185 3675 3867 1988 3918 
18186 3675 3867 3918 3919 
18187 1989 3675 1988 47 
18188 4007 2960 2959 3953 
18189 1836 2865 1989 949 
18190 1836 949 1989 48 
18191 1836 949 48 112 
18192 3952 2774 3 3431 
18193 3278 2723 1987 2443 
18194 2803 3794 2520 3674 
18195 3952 1990 2656 2657 
18196 3278 47 543 293 
18197 64 561 2619 2515 
18198 2619 48 561 3 
18199 2775 3952 2774 1836 
18200 2619 942 48 3 
18201 3986 2867 2120 1810 
18202 1987 2723 1988 3674 
18203 1987 2723 3674 2443 
18204 3278 2748 479 291 
18205 1987 2619 47 48 
18206 1987 2618 2443 3674 
18207 3278 2724 2443 2748 
18208 3278 2724 291 45 
18209 2595 2770 2923 2596 
18210 3278 291 46 45 
18211 3633 1988 3278 2724 
18212 3278 46 543 47 
18213 3278 291 543 46 
18214 2478 2150 2148 2198 
18215 3166 4013 2867 2515 
18216 3780 2346 3826 4018 
18217 3686 2582 60 61 
18218 3162 292 514 567 
18219 3162 63 2516 514 
18220 3162 62 63 514 
18221 2150 2618 2443 2515 
18222 3162 292 61 62 
18223 3162 514 292 62 
18224 1846 3345 2661 1848 
18225 1846 2661 1849 1848 
18226 1846 2151 2149 3345 
18227 1846 2151 3345 1848 
18228 2035 514 2516 545 
18229 1846 2149 2070 3345 
18230 1846 2748 2443 1848 
18231 3952 2774 3953 2775 
18232 3952 3953 1809 2656 
18233 3952 3953 2774 2959 
18234 2803 1807 1809 3758 
18235 4013 2867 2520 1810 
18236 3430 2869 3431 3 
18237 2618 2803 3674 1990 
18238 3430 2515 2516 64 
18239 2120 2867 4013 1810 
18240 3921 3544 3545 3775 
18241 2509 2510 3798 3581 
18242 3430 3952 3431 2959 
18243 3294 60 3686 2582 
18244 3686 60 922 124 
18245 4007 2868 3431 3581 
18246 2959 1810 2120 4013 
18247 2199 3972 3606 3851 
18248 2150 2518 2151 2444 
18249 2150 2518 2444 2867 
18250 3283 2496 850 823 
18251 3166 2150 2515 2867 
18252 2959 2960 1809 3953 
18253 3986 3972 2120 2867 
18254 1846 2150 2516 2149 
18255 2150 2198 2518 2867 
18256 4007 2774 2773 2775 
18257 3166 2150 3972 2198 
18258 3166 4013 3972 2867 
18259 3606 3762 3972 3763 
18260 3986 3851 3972 3344 
18261 3986 2121 2119 3851 
18262 4008 4007 3581 3627 
18263 3972 2150 2867 2198 
18264 2120 3972 4013 2867 
18265 3986 2121 2120 2119 
18266 3986 2198 3972 2867 
18267 2120 2119 3972 3851 
18268 3986 1810 2120 2121 
18269 3762 3972 2120 2119 
18270 3166 4013 2120 3972 
18271 3952 2656 1809 2657 
18272 3430 3952 3 3431 
18273 3682 2510 2509 3889 
18274 3682 2509 3120 3889 
18275 2509 128 2495 2869 
18276 3762 62 3120 924 
18277 3762 127 63 924 
18278 3762 3120 127 924 
18279 2869 908 64 128 
18280 2869 2119 3762 2120 
18281 3668 2960 2118 4007 
18282 3952 1990 2803 2620 
18283 2868 4007 2773 3581 
18284 2869 128 7 908 
18285 4007 2775 3807 3953 
18286 3431 2119 2869 2120 
18287 3952 2803 1990 2657 
18288 2118 3581 4007 3431 
18289 4013 2803 2959 1810 
18290 2803 4013 2520 1810 
18291 3430 3952 2619 3 
18292 1836 2866 2495 2773 
18293 2868 3581 2773 3627 
18294 2868 2773 4007 2774 
18295 2868 1836 2773 2774 
18296 4007 3807 2773 3627 
18297 3952 3953 2656 2775 
18298 2868 3 2774 3431 
18299 3936 2804 2805 3749 
18300 2773 2775 2937 3807 
18301 2773 2937 3627 3807 
18302 2773 2937 2775 2936 
18303 2773 2937 3749 3627 
18304 2804 2866 2495 112 
18305 2495 128 850 870 
18306 2868 3431 2869 3 
18307 2868 2773 2495 3627 
18308 2868 2773 1836 2495 
18309 3936 2804 2496 2805 
18310 2495 7 128 870 
18311 2509 2495 2510 3581 
18312 2804 602 2866 112 
18313 3969 3102 3099 2866 
18314 3969 3099 3102 3100 
18315 3969 3102 2806 3100 
18316 3969 2777 2806 3102 
18317 3969 2866 2777 3102 
18318 2804 3969 2866 2777 
18319 2804 3627 2495 2773 
18320 2804 2773 2495 2866 
18321 3605 3921 3545 3889 
18322 2595 2770 2769 2923 
18323 3209 2351 3935 3203 
18324 601 2351 876 843 
18325 2351 843 787 876 
18326 3283 2495 2509 128 
18327 2351 787 854 876 
18328 2351 2777 3203 2496 
18329 3202 846 848 770 
18330 3437 676 2752 674 
18331 3605 2510 3945 3889 
18332 3682 3798 2509 2510 
18333 3209 3268 1893 1894 
18334 4031 2370 4008 3749 
18335 3283 126 2509 3120 
18336 4031 2370 3946 4008 
18337 2372 1892 1894 3947 
18338 3209 3363 3203 3935 
18339 3778 2326 3049 3398 
18340 2295 3578 3600 2484 
18341 2296 1984 2297 3365 
18342 3324 1820 3897 2740 
18343 2416 3580 1999 629 
18344 2371 2931 2370 3048 
18345 3812 3910 2506 3434 
18346 2510 2495 3936 3627 
18347 2510 2495 3627 3581 
18348 2510 2496 3936 2495 
18349 2510 3936 4031 3627 
18350 2510 3947 4031 3936 
18351 3682 2869 2509 3581 
18352 2416 634 629 792 
18353 3682 3120 3878 3889 
18354 2509 2869 915 128 
18355 2509 915 127 128 
18356 2509 127 3762 3120 
18357 2509 915 2869 3762 
18358 2509 915 3762 127 
18359 3283 3120 2509 3889 
18360 3283 126 3120 3889 
18361 3283 2496 2509 2495 
18362 3283 127 126 823 
18363 3605 2351 3283 3543 
18364 3283 3889 2509 2510 
18365 3283 127 2509 126 
18366 3605 2496 3283 2351 
18367 3283 2510 2509 2496 
18368 3267 3269 590 841 
18369 3921 3177 2422 3775 
18370 1867 3337 3703 3705 
18371 3687 3878 3120 3889 
18372 3687 3545 125 124 
18373 3687 3296 2999 124 
18374 3269 843 3935 3543 
18375 3921 3545 3544 3543 
18376 2145 1770 2147 2348 
18377 3196 589 844 842 
18378 3267 3639 3684 833 
18379 1769 2147 2841 2267 
18380 3921 2422 3094 3775 
18381 3000 677 707 796 
18382 3639 766 3684 833 
18383 2325 767 766 868 
18384 3094 2422 3947 1892 
18385 2420 3897 2421 2032 
18386 1891 3601 2369 2570 
18387 3605 3209 3936 2496 
18388 3945 2422 3921 3177 
18389 3475 3947 3945 2422 
18390 3475 3181 3945 3946 
18391 3209 3094 3268 3921 
18392 3921 3177 3545 3889 
18393 3945 3798 3177 3889 
18394 3945 3798 3946 3181 
18395 3945 3177 3798 3181 
18396 3605 126 3283 3889 
18397 3945 3177 3921 3889 
18398 3605 125 3545 601 
18399 3945 3798 2510 3946 
18400 2420 1892 3475 2421 
18401 2371 3475 2370 2931 
18402 2420 2741 3897 2032 
18403 3475 3946 2370 1992 
18404 2420 3524 1893 2842 
18405 3475 3946 2372 2370 
18406 2371 2925 2931 3048 
18407 2568 3659 3084 3281 
18408 3269 3545 3544 834 
18409 3209 3035 1894 2805 
18410 3605 3947 2510 3936 
18411 3209 3935 2351 3543 
18412 3209 3268 3935 3543 
18413 3605 3945 2510 3947 
18414 3605 3543 3283 601 
18415 3209 2351 2496 3543 
18416 3209 1893 3094 3947 
18417 3268 3921 3544 3543 
18418 3363 3680 3433 2752 
18419 3209 3921 3268 3543 
18420 3209 1893 3947 1894 
18421 1893 3363 2568 1894 
18422 3363 3268 1893 3703 
18423 3083 2569 3462 3084 
18424 3605 3545 3921 3543 
18425 3239 640 646 761 
18426 3049 3488 4004 3118 
18427 1911 799 663 681 
18428 1893 3684 3268 3094 
18429 3267 866 590 833 
18430 3364 3337 3647 644 
18431 3721 816 3647 4016 
18432 3238 768 2915 627 
18433 2362 2363 3645 2364 
18434 3083 3337 645 641 
18435 2416 634 633 629 
18436 3209 3363 1894 3203 
18437 3487 3419 775 785 
18438 3209 3203 3035 2805 
18439 3684 3544 3268 3094 
18440 2147 2268 2267 2146 
18441 2416 633 3580 629 
18442 3639 3094 2268 2422 
18443 2327 826 121 583 
18444 2327 868 826 583 
18445 2327 583 845 868 
18446 2324 709 1890 774 
18447 1893 3268 3684 3703 
18448 1867 803 1868 666 
18449 1768 2325 767 764 
18450 3704 3267 3684 766 
18451 3083 645 3239 640 
18452 2324 727 2145 2348 
18453 1768 2326 804 767 
18454 2269 121 2327 826 
18455 1891 2420 1893 1892 
18456 2420 2371 2741 2032 
18457 2420 3094 1893 1892 
18458 2805 2369 2372 2298 
18459 2055 4020 3019 3398 
18460 2145 2327 3959 2147 
18461 2269 2268 2327 2146 
18462 3704 3267 766 765 
18463 2267 2268 2841 2422 
18464 2840 2268 2147 2327 
18465 3093 3524 3398 2842 
18466 2268 2422 3094 2841 
18467 3639 3544 3094 3775 
18468 3639 123 3544 3775 
18469 2999 2269 3639 122 
18470 3639 833 123 122 
18471 2269 3639 2422 3178 
18472 2999 124 922 123 
18473 2269 2268 3639 2327 
18474 2269 2146 2682 3178 
18475 2269 2682 2146 121 
18476 2999 2683 2682 122 
18477 2269 2682 121 122 
18478 2999 2683 3295 2682 
18479 2267 3178 2421 3212 
18480 1769 2267 3719 1771 
18481 3719 2421 2267 2841 
18482 2349 1770 2146 119 
18483 3471 3179 3178 3213 
18484 3471 3212 3472 3043 
18485 2267 3178 2682 2146 
18486 2267 2269 3178 2146 
18487 2681 2683 2682 3042 
18488 2870 3577 3881 3389 
18489 2148 2200 2151 2478 
18490 3520 58 3403 517 
18491 3826 3780 2700 3129 
18492 2846 3964 2761 3388 
18493 2683 2682 122 913 
18494 2683 122 58 913 
18495 3062 3520 2700 3931 
18496 2683 2682 913 57 
18497 2683 913 58 57 
18498 2583 3403 3161 3599 
18499 2583 3931 3403 3599 
18500 3294 2582 3403 60 
18501 2582 281 60 525 
18502 2999 3178 2269 2682 
18503 3403 59 60 281 
18504 2148 2198 2200 2478 
18505 3686 3878 3687 3296 
18506 3296 922 2999 124 
18507 58 2999 2683 3294 
18508 2999 3639 3178 3775 
18509 2999 123 3639 3775 
18510 2999 3639 123 122 
18511 2999 3178 3176 3775 
18512 3606 3762 62 3120 
18513 3296 3295 3519 3176 
18514 3296 3519 3878 3176 
18515 3296 3176 2999 3295 
18516 3177 3878 3176 3687 
18517 3687 3775 3176 3177 
18518 3687 3775 3545 124 
18519 3177 3878 3687 3889 
18520 3687 3177 3545 3775 
18521 3687 3889 3545 3177 
18522 3686 2199 3933 3661 
18523 3606 3762 3120 3878 
18524 3606 3762 3878 3851 
18525 3606 3972 3762 3851 
18526 3933 3344 3343 3044 
18527 3933 3294 3295 3296 
18528 3933 3686 3296 3606 
18529 3686 125 3687 3120 
18530 2199 2582 3686 3606 
18531 2148 2346 2583 2149 
18532 3933 3686 3294 3296 
18533 3294 3686 60 922 
18534 3660 3294 3403 59 
18535 2583 2022 3599 3161 
18536 3660 3661 2583 2582 
18537 2199 3344 3972 3851 
18538 2035 2578 534 395 
18539 3167 3606 3763 62 
18540 3167 3162 63 2516 
18541 2023 532 2578 398 
18542 2582 3161 565 3162 
18543 2582 60 61 525 
18544 3294 59 58 921 
18545 2349 3041 2681 3042 
18546 2846 3963 3964 3520 
18547 3124 2870 3755 3389 
18548 3520 57 274 56 
18549 3780 2700 3881 3931 
18550 2416 629 627 792 
18551 3062 2700 3599 3931 
18552 3389 3369 2845 274 
18553 3062 3520 3403 517 
18554 2700 4018 2025 3599 
18555 2583 4018 2700 3599 
18556 3973 2661 2676 3826 
18557 3973 2024 2070 2071 
18558 3973 4018 2025 3826 
18559 3973 3826 2025 2024 
18560 3780 2966 2200 3438 
18561 3973 3345 2070 2149 
18562 3161 557 3403 281 
18563 3973 2661 2070 3345 
18564 2578 2070 2068 2579 
18565 397 565 532 2578 
18566 532 557 456 2023 
18567 2023 398 456 532 
18568 3161 3403 2582 281 
18569 2583 2346 4018 2149 
18570 2583 3599 2700 3931 
18571 3161 3599 3403 557 
18572 2022 3161 2583 2149 
18573 2022 2149 2583 4018 
18574 2023 398 2068 487 
18575 2023 398 487 454 
18576 2023 456 398 454 
18577 565 532 2578 3161 
18578 2022 3599 2023 2025 
18579 2023 398 2578 2068 
18580 3062 517 457 559 
18581 3062 3369 2700 3520 
18582 3062 3369 3520 274 
18583 3062 559 3369 274 
18584 3372 336 343 357 
18585 2600 3062 455 458 
18586 2600 455 494 458 
18587 2600 3369 3062 458 
18588 2600 458 494 495 
18589 2600 2703 3369 3313 
18590 3372 2703 2600 3313 
18591 3372 343 494 357 
18592 1910 3372 336 1795 
18593 1910 2037 2024 1793 
18594 3372 2025 2600 2703 
18595 2058 2646 2093 2095 
18596 2058 2060 2660 2659 
18597 2058 2061 2060 3201 
18598 2058 3201 2060 2659 
18599 3201 2058 2061 2093 
18600 2058 2898 2061 2093 
18601 3201 2058 2093 2659 
18602 2638 3416 2639 3250 
18603 2416 629 1999 627 
18604 2638 3250 315 314 
18605 2638 3416 3250 314 
18606 2915 710 768 760 
18607 2853 2102 3086 2852 
18608 2769 671 648 802 
18609 2596 2102 2852 3488 
18610 2742 2853 2852 2102 
18611 2448 757 758 624 
18612 2853 3086 2102 3019 
18613 1856 665 799 708 
18614 3852 758 3239 682 
18615 3174 2448 3175 621 
18616 3463 3565 1797 3911 
18617 3083 1868 3989 4020 
18618 4016 626 639 638 
18619 2506 2757 2973 2403 
18620 816 3722 643 815 
18621 3827 3085 2854 2853 
18622 3602 620 626 638 
18623 3565 612 2905 700 
18624 3174 619 618 620 
18625 4016 626 755 816 
18626 4016 626 816 639 
18627 3980 2570 3872 3659 
18628 3647 640 639 641 
18629 2584 3872 3659 3006 
18630 3722 3364 654 674 
18631 3083 3602 3647 639 
18632 3721 2505 817 745 
18633 3174 4016 618 755 
18634 3174 3602 4016 3084 
18635 3174 619 620 621 
18636 3239 646 640 645 
18637 3239 761 646 682 
18638 3085 3852 3828 2448 
18639 3093 3398 3778 2842 
18640 3083 3337 1868 645 
18641 3083 3337 3647 2569 
18642 682 4020 646 3239 
18643 1858 664 663 665 
18644 3704 707 3267 765 
18645 3778 3959 2840 4036 
18646 1912 682 4020 653 
18647 1912 756 808 682 
18648 3828 3175 3238 3237 
18649 1911 2596 661 662 
18650 2055 668 1768 2326 
18651 3363 3364 2569 2752 
18652 2842 2268 3093 3094 
18653 1868 652 646 645 
18654 1868 803 652 666 
18655 816 3722 3647 643 
18656 1867 3703 3337 3989 
18657 1868 645 666 652 
18658 1867 3337 3364 762 
18659 3363 3935 3209 3268 
18660 3813 3084 2568 3659 
18661 2399 2351 788 2777 
18662 1867 3703 3989 1768 
18663 3705 707 763 796 
18664 3363 3680 2569 1894 
18665 3363 1893 3268 1894 
18666 3083 3019 3085 3239 
18667 1867 1868 3337 645 
18668 3722 3647 643 644 
18669 3722 654 3364 644 
18670 3647 4016 816 639 
18671 3647 816 643 639 
18672 3647 643 644 641 
18673 3647 639 643 641 
18674 3813 1894 2570 2569 
18675 1798 3461 2584 3659 
18676 3174 626 4016 3602 
18677 1783 2450 2905 613 
18678 2738 2737 2584 1784 
18679 3813 3659 1798 3084 
18680 1768 2325 2326 767 
18681 2595 2770 2596 659 
18682 3813 2570 1894 3680 
18683 3813 2568 3084 2569 
18684 3872 2593 3021 3792 
18685 2795 3359 3360 2796 
18686 3158 2466 2507 3717 
18687 3462 3812 3910 3464 
18688 3872 2570 3873 3281 
18689 3813 3659 2568 2570 
18690 3812 3910 3434 2753 
18691 3980 3659 3813 2570 
18692 3524 3843 2924 3538 
18693 3086 2852 3282 2854 
18694 1891 3524 2420 2924 
18695 2420 2842 1893 3094 
18696 3524 2924 3856 3538 
18697 3778 3959 1890 3049 
18698 3524 1893 2568 2570 
18699 3006 3578 2797 3007 
18700 2295 2297 3600 2298 
18701 2797 3305 3511 3478 
18702 2295 3303 3511 2798 
18703 3006 3578 3511 2797 
18704 3493 3600 2925 3046 
18705 2925 3309 3045 3046 
18706 2295 3578 3511 3601 
18707 2417 3698 3912 3809 
18708 2925 3020 3021 3873 
18709 2797 3478 3579 3410 
18710 2416 1999 3238 627 
18711 2797 3007 3579 2613 
18712 2768 2161 2769 2920 
18713 2484 3360 3579 1918 
18714 3579 3578 2797 2484 
18715 3578 3006 3601 3007 
18716 2295 3511 2797 2798 
18717 2795 3410 3401 3478 
18718 2797 2796 3360 2484 
18719 3006 2797 3478 2613 
18720 2484 3360 2797 3579 
18721 3856 3898 3538 2924 
18722 3600 2483 2297 2484 
18723 3600 2483 3046 2485 
18724 3600 2297 2483 2485 
18725 3600 3046 2297 2485 
18726 3600 2297 3046 3493 
18727 3600 2298 2297 3493 
18728 3816 2418 2595 2416 
18729 3719 3843 3897 2841 
18730 2449 1570 2006 1569 
18731 3021 3902 2593 2780 
18732 3021 2593 3902 3792 
18733 3872 3007 3601 3006 
18734 2925 3309 3928 3020 
18735 2925 3021 3928 3046 
18736 2925 3928 3309 3046 
18737 2925 3873 3021 3600 
18738 2925 3600 3021 3046 
18739 2371 2372 3475 1892 
18740 2925 3873 3600 3601 
18741 2925 3309 3020 3441 
18742 2296 3749 2372 2805 
18743 2768 3513 2161 2926 
18744 3365 2296 3940 2298 
18745 2295 2297 2798 2796 
18746 2296 3940 3749 1984 
18747 2372 2296 2298 3940 
18748 2371 2032 2931 2741 
18749 2420 1892 2371 3475 
18750 3260 3310 3311 2331 
18751 2371 2925 2741 2931 
18752 1389 2858 2859 1403 
18753 2858 1495 2334 1403 
18754 2858 1495 1403 1387 
18755 2858 3662 1994 2334 
18756 2126 3286 2127 3152 
18757 2126 2031 2127 3286 
18758 2126 3287 2031 3286 
18759 3206 3342 3149 2126 
18760 3179 3176 3181 3180 
18761 3179 3181 3176 3213 
18762 3179 3206 3519 3180 
18763 3179 3180 3519 3176 
18764 3179 3043 3519 3206 
18765 3179 3287 3043 3206 
18766 3471 3178 3212 3213 
18767 3471 2267 2682 2146 
18768 2349 1770 2264 1771 
18769 3471 3043 3179 3212 
18770 3471 3178 2267 3212 
18771 3471 2267 3178 2682 
18772 1993 3152 3377 1992 
18773 1993 4008 3946 2370 
18774 1993 2370 3946 1992 
18775 2595 2915 710 792 
18776 4008 4007 3627 3848 
18777 1991 3685 3940 3662 
18778 1991 1994 3662 2334 
18779 1991 3365 1994 2334 
18780 1991 3662 3365 2334 
18781 1991 3048 1994 3365 
18782 1991 3940 3048 3365 
18783 1991 1994 1993 3377 
18784 1991 1994 3377 3662 
18785 1991 3662 3940 3365 
18786 3848 3745 3685 3662 
18787 3848 1993 1991 4008 
18788 3848 3799 1993 4008 
18789 4007 3627 2773 3581 
18790 3848 1993 3799 3338 
18791 3848 3745 3662 3338 
18792 3668 3220 3745 3338 
18793 4007 3431 2774 2959 
18794 3668 3953 4007 3745 
18795 4007 3745 3953 3807 
18796 4007 3807 3848 3745 
18797 3668 3339 2960 3220 
18798 3668 3339 3220 3338 
18799 2118 2119 2121 3151 
18800 3986 3344 3563 3939 
18801 3343 3869 3149 3206 
18802 3986 2120 3972 3851 
18803 3986 2121 3851 3939 
18804 3986 3563 2121 3939 
18805 3343 3939 3149 3869 
18806 3343 3149 3939 3151 
18807 3343 3044 3869 3519 
18808 3933 3295 3294 3661 
18809 3343 3933 3851 3344 
18810 3343 2967 3344 3939 
18811 3343 3869 2967 3939 
18812 2964 2967 3044 3869 
18813 2964 3985 2967 3869 
18814 2964 3438 2965 3577 
18815 3644 3577 2964 2965 
18816 2964 3247 2965 3985 
18817 3840 3841 2762 3842 
18818 2964 3577 3964 3438 
18819 2964 2965 2967 3985 
18820 3840 3842 2762 3697 
18821 2685 3522 1394 1399 
18822 2685 3985 3522 1955 
18823 2685 1955 3522 1399 
18824 2685 3522 3985 3841 
18825 2685 3842 3522 3841 
18826 2685 3842 2836 3522 
18827 3781 1958 3534 410 
18828 3840 3841 2685 3985 
18829 2349 2682 2681 920 
18830 3041 3841 3472 2762 
18831 3041 3472 3841 3043 
18832 2477 3186 556 512 
18833 3041 3472 3043 3042 
18834 3840 3697 3247 3716 
18835 3312 1955 2685 1399 
18836 3113 2389 3114 3144 
18837 3840 3247 2964 3985 
18838 2776 2892 3724 2567 
18839 4035 2938 3378 51 
18840 2761 2763 2762 3041 
18841 3777 2934 2425 2281 
18842 3696 3549 3884 3697 
18843 3810 3840 2762 3697 
18844 2559 3248 2560 2965 
18845 1958 52 3380 538 
18846 2477 51 1959 288 
18847 3781 3683 3570 370 
18848 3643 4027 3696 3576 
18849 3550 3766 4035 3551 
18850 3696 2254 3549 3697 
18851 3643 3247 3644 3697 
18852 4035 3378 3576 1959 
18853 3696 3597 2254 3697 
18854 3696 3576 3597 3810 
18855 3696 3810 3597 3697 
18856 2253 4000 2255 3549 
18857 3777 3292 3293 2934 
18858 4000 3777 2425 3549 
18859 4000 3884 3696 3549 
18860 4000 2425 3884 3549 
18861 4000 3777 3552 3293 
18862 2261 3156 3883 1946 
18863 1980 2397 2253 2256 
18864 1980 2253 2255 2256 
18865 1980 3230 1982 2397 
18866 1980 3230 2397 2256 
18867 2489 3128 1818 3229 
18868 3127 2941 2110 1492 
18869 3127 2110 3548 1492 
18870 3127 3548 2686 1492 
18871 3127 3548 2941 2256 
18872 3127 3128 3832 1411 
18873 3477 1980 2255 2491 
18874 2301 1853 3310 3311 
18875 3941 3835 3017 3619 
18876 2258 2684 2262 2491 
18877 3834 3172 1852 3155 
18878 3868 4034 1948 4033 
18879 3477 1980 1853 2398 
18880 3310 3879 1855 3954 
18881 3310 2331 3839 3424 
18882 3310 2331 3424 3096 
18883 3310 3298 3311 2331 
18884 3310 1982 3229 3096 
18885 3310 3229 3298 3096 
18886 3310 3954 1982 3096 
18887 3310 3298 2331 3096 
18888 4032 117 53 909 
18889 3169 3773 1904 3857 
18890 2489 3148 2254 3147 
18891 1854 3311 2301 3262 
18892 2489 2255 2254 2256 
18893 2489 3148 1818 3575 
18894 1818 3842 3148 1821 
18895 1818 3128 3095 3229 
18896 1818 3148 1819 1821 
18897 3128 2489 1818 3575 
18898 2490 1821 1819 3148 
18899 2490 1821 3148 3234 
18900 2490 1821 1820 1819 
18901 1769 2841 3719 2267 
18902 3311 2490 1772 1820 
18903 2490 3234 1771 1821 
18904 2892 793 778 632 
18905 3719 2841 3897 2421 
18906 3719 1820 2490 1821 
18907 3719 2421 3897 2033 
18908 3719 3212 2267 2421 
18909 3719 1821 3212 2033 
18910 3484 805 2016 2423 
18911 3897 2034 1820 2033 
18912 3897 2034 2033 2741 
18913 3897 2033 2421 2032 
18914 3897 2741 2033 2032 
18915 3261 3843 4036 3538 
18916 3719 3897 1820 2033 
18917 3324 1820 3719 3897 
18918 2404 2147 1769 1770 
18919 2944 3902 2780 3547 
18920 2896 1413 2368 2160 
18921 3920 3302 3309 2328 
18922 3920 2328 3309 2329 
18923 3920 3047 2015 3309 
18924 3920 2329 2015 1410 
18925 3300 2063 2368 2571 
18926 3920 2329 3309 2015 
18927 2896 2160 2492 3839 
18928 2896 3839 2492 3301 
18929 2449 2719 2662 2944 
18930 2896 3920 2328 3302 
18931 2924 2740 3897 2741 
18932 2924 2328 2740 2741 
18933 2741 3441 2925 2924 
18934 2375 3698 2852 3117 
18935 3441 2925 2924 3873 
18936 3020 2944 3902 2780 
18937 3872 3007 3578 3601 
18938 3324 3325 1772 3311 
18939 3821 3415 3955 2007 
18940 3441 3309 3302 2328 
18941 3441 3302 3514 2328 
18942 3856 3538 3654 3118 
18943 3324 3898 3260 2740 
18944 3898 2924 3441 2328 
18945 3821 2007 3955 3822 
18946 3328 3441 3514 2328 
18947 3328 3301 3514 3329 
18948 3328 3514 3301 2328 
18949 3328 3301 3329 2328 
18950 3856 3538 3898 3328 
18951 3898 3538 2924 3843 
18952 3898 2328 3328 2740 
18953 3898 2924 2328 2740 
18954 3898 3843 2924 3897 
18955 3898 3897 2924 2740 
18956 3955 3301 3655 2007 
18957 3955 3061 2007 3415 
18958 3955 3173 3061 3415 
18959 3955 2007 3655 3822 
18960 3865 3328 3654 3329 
18961 3865 3923 3156 3173 
18962 3955 3061 3879 3329 
18963 3955 3879 3061 3173 
18964 3955 3329 3879 3173 
18965 3955 3061 3329 3301 
18966 2374 2375 2591 3022 
18967 3524 3538 3856 3282 
18968 3727 3240 3728 3916 
18969 3420 2083 3192 1839 
18970 3301 3654 3955 3655 
18971 3925 3712 3727 3240 
18972 2376 3916 3655 2008 
18973 2374 3916 2778 2616 
18974 2376 3655 3514 2008 
18975 2892 778 2891 632 
18976 1952 882 584 781 
18977 2591 3421 3912 3422 
18978 3925 2376 3240 3916 
18979 2376 3655 3654 3514 
18980 3821 3677 4012 2734 
18981 3118 3654 3865 3537 
18982 3856 3873 3441 2924 
18983 3778 3959 2326 3093 
18984 3856 3328 3441 3514 
18985 3022 3282 3281 3873 
18986 3022 3856 3441 3514 
18987 3020 3022 3021 3873 
18988 3020 3902 3021 2780 
18989 3872 2593 3022 3021 
18990 3422 2591 2615 3809 
18991 2591 3809 3912 3698 
18992 2375 2591 2854 3698 
18993 3086 3282 2852 2102 
18994 3238 623 624 768 
18995 2375 3117 2852 3118 
18996 2852 2596 3168 2770 
18997 3487 3419 2596 775 
18998 2923 667 802 658 
18999 4039 702 4015 701 
19000 3816 2769 2768 2161 
19001 2363 3240 2922 2928 
19002 2615 2377 3240 3809 
19003 3169 3678 3773 3865 
19004 3118 2376 3856 2375 
19005 3117 2376 3679 3118 
19006 2377 2922 2928 3809 
19007 3773 3678 4003 3822 
19008 3957 4039 2017 2152 
19009 2768 3698 2769 2770 
19010 2055 1768 668 1868 
19011 3942 2016 679 801 
19012 4004 1858 3049 3779 
19013 4010 884 2406 805 
19014 3957 3882 3883 3857 
19015 2742 760 808 809 
19016 3852 1912 808 682 
19017 3816 2768 2417 3580 
19018 2416 2417 1999 3580 
19019 2915 624 760 768 
19020 2852 3698 2770 3168 
19021 3816 633 3513 3580 
19022 3086 2102 3049 3282 
19023 2365 2364 2362 1899 
19024 2362 135 885 136 
19025 2769 3168 2770 3698 
19026 2920 3117 3168 3698 
19027 2365 2364 1899 1901 
19028 1822 877 773 726 
19029 2942 802 780 697 
19030 2926 3645 3711 2927 
19031 2919 3170 3169 3857 
19032 2922 3712 1904 3679 
19033 2922 3117 2920 3698 
19034 2921 1822 1904 1823 
19035 2161 2922 2926 3711 
19036 2592 2455 2581 2641 
19037 4015 702 3419 785 
19038 3882 3756 3504 2335 
19039 3419 725 775 785 
19040 2596 662 775 660 
19041 1822 890 1905 856 
19042 3419 771 775 725 
19043 725 3774 771 726 
19044 2324 774 804 723 
19045 3170 3118 3488 3168 
19046 3865 3169 3118 3537 
19047 2055 1868 4020 1768 
19048 3536 3486 3484 2016 
19049 3923 3504 1946 3924 
19050 4010 884 805 721 
19051 2152 703 807 806 
19052 2055 668 653 652 
19053 2326 767 2325 845 
19054 4004 3488 3170 3118 
19055 4039 720 3929 702 
19056 2892 632 2891 811 
19057 4020 646 1868 652 
19058 2892 2891 3237 811 
19059 4004 3537 3538 3118 
19060 4039 3929 4015 702 
19061 3536 3779 4004 3538 
19062 2553 3250 3142 2932 
19063 2016 2406 2423 805 
19064 1911 2596 3487 3488 
19065 598 4039 889 3929 
19066 4039 720 702 701 
19067 3504 142 598 836 
19068 2017 679 703 701 
19069 2017 679 719 703 
19070 2840 3326 1769 3843 
19071 1911 3487 1858 3488 
19072 3852 3239 3019 682 
19073 1858 3170 4004 3488 
19074 4010 722 2348 884 
19075 2840 4036 3326 3843 
19076 3083 3989 3337 2569 
19077 3086 3049 3398 3282 
19078 2852 3118 3049 3282 
19079 2595 2416 2915 792 
19080 2852 3049 2102 3282 
19081 3337 641 762 645 
19082 2595 634 2416 792 
19083 2553 3250 2639 3142 
19084 3049 3118 3538 3282 
19085 3524 2570 2568 3281 
19086 3778 3049 2326 3959 
19087 2326 774 668 804 
19088 2404 2406 3486 4010 
19089 4004 3049 3118 3538 
19090 2416 2915 792 768 
19091 3778 3843 2840 2842 
19092 2055 668 2326 774 
19093 775 2923 667 771 
19094 2742 2770 2915 710 
19095 3852 3019 1912 682 
19096 2742 1912 3852 3019 
19097 3085 3852 2853 3828 
19098 3085 3086 2853 3019 
19099 2852 3488 3049 3118 
19100 2852 3698 3168 3117 
19101 2375 3279 2593 3281 
19102 3086 3398 3049 2102 
19103 2375 2376 2377 3117 
19104 2852 3168 3488 3118 
19105 2852 3117 3168 3118 
19106 2553 2932 2265 2554 
19107 1867 796 3705 763 
19108 3086 2568 3084 3281 
19109 3086 2102 3019 3398 
19110 2553 3075 2554 2311 
19111 2742 2596 2770 659 
19112 4020 653 646 652 
19113 1912 653 2055 810 
19114 3828 2915 2418 3238 
19115 3828 2418 2915 2853 
19116 3085 2854 2853 3086 
19117 3083 3019 4020 3086 
19118 3085 2448 3174 3602 
19119 3828 3238 3827 3237 
19120 2595 648 634 657 
19121 1999 627 629 628 
19122 2417 2854 2418 3827 
19123 2417 3912 2854 3827 
19124 2417 3698 2418 2854 
19125 3083 3647 3337 641 
19126 3238 627 625 623 
19127 3494 686 3561 685 
19128 3513 635 3580 633 
19129 3238 768 627 623 
19130 2416 792 627 768 
19131 3533 3744 3223 500 
19132 3533 3223 348 350 
19133 3533 2932 3375 1963 
19134 3533 3375 2932 3223 
19135 3533 3375 3223 3744 
19136 1961 2749 2765 463 
19137 1961 1971 1970 466 
19138 1970 3107 2535 1972 
19139 1970 2535 3533 351 
19140 1970 3436 3107 1972 
19141 1970 1963 3533 1964 
19142 1970 1971 3436 1972 
19143 2300 3573 2824 2953 
19144 2300 3313 501 465 
19145 2300 501 399 465 
19146 2300 465 399 400 
19147 356 2300 3492 2534 
19148 2300 3492 2534 2955 
19149 2300 2955 2824 3573 
19150 2300 3573 3492 2955 
19151 3755 2845 413 544 
19152 3755 413 575 544 
19153 3124 3380 3379 279 
19154 2846 3388 3124 3389 
19155 2846 3389 3124 2845 
19156 2846 2681 2263 2761 
19157 2764 3388 3810 3576 
19158 3075 2554 3966 2932 
19159 3534 370 492 360 
19160 3576 4028 4041 1957 
19161 2561 3906 2956 3844 
19162 3534 410 496 492 
19163 3534 410 492 370 
19164 3656 496 575 412 
19165 3656 538 279 496 
19166 2349 912 119 120 
19167 3656 538 496 564 
19168 3656 3534 2562 1960 
19169 1958 564 3534 410 
19170 3656 3534 564 496 
19171 2561 3571 2956 3906 
19172 2561 2956 3571 3683 
19173 2561 3906 3844 4025 
19174 2870 3755 3389 2871 
19175 2560 3844 2561 2562 
19176 2561 4025 3571 3906 
19177 3075 2554 2932 2553 
19178 3881 3520 3389 3964 
19179 3389 2702 2871 3369 
19180 3389 2871 3755 2845 
19181 3780 3438 2965 2966 
19182 3881 3931 2700 3520 
19183 2846 2761 2263 3388 
19184 3881 2700 3389 3520 
19185 4041 2559 3643 3248 
19186 3780 2200 3931 3438 
19187 3881 3130 2965 3577 
19188 3881 2965 3130 3438 
19189 3881 3577 2965 3438 
19190 3124 544 3755 279 
19191 2349 2681 912 120 
19192 3124 3755 3380 279 
19193 2761 3810 3577 3964 
19194 3378 3379 2764 3576 
19195 2263 55 911 119 
19196 3388 3577 3810 3576 
19197 2761 2762 2764 3810 
19198 3388 3577 3389 3964 
19199 392 3781 394 497 
19200 3378 4032 2264 53 
19201 1959 288 51 52 
19202 1957 3187 2477 1959 
19203 4041 2890 4028 4025 
19204 3766 3551 2254 3147 
19205 2870 3389 3881 2871 
19206 3380 3755 3656 279 
19207 2870 3576 3380 1960 
19208 2560 2702 3129 3482 
19209 2559 2965 2560 3577 
19210 2965 3644 3577 2559 
19211 2560 2562 2871 3844 
19212 3378 909 53 52 
19213 2870 3577 3388 3576 
19214 3379 3380 2870 3576 
19215 2264 4032 2405 117 
19216 3124 2870 3380 3755 
19217 4032 2938 3808 116 
19218 3378 909 4032 53 
19219 3379 2870 3388 3576 
19220 2764 3147 3597 3234 
19221 2553 3375 3075 3376 
19222 4032 2938 2490 3808 
19223 4032 3808 2490 2405 
19224 4032 3147 2490 2938 
19225 4032 2490 3147 3234 
19226 4032 2764 3234 3147 
19227 4032 2405 2490 3234 
19228 2349 3471 3042 2682 
19229 2264 4032 3234 2405 
19230 2264 910 2405 118 
19231 2264 2405 1770 118 
19232 2349 2681 120 920 
19233 2763 3041 3472 2762 
19234 2763 3472 3234 2762 
19235 2763 3234 2264 2764 
19236 2763 3472 1771 3234 
19237 2763 2264 3234 1771 
19238 3963 3881 3520 3931 
19239 3963 3520 2681 57 
19240 2681 3520 56 57 
19241 3962 3005 2964 3438 
19242 2761 2762 3810 3041 
19243 3963 2681 2683 57 
19244 2846 3964 3963 2681 
19245 2349 3212 2267 1771 
19246 2349 1771 2267 2146 
19247 2349 2763 3472 1771 
19248 2145 2348 881 119 
19249 2349 3471 2682 2146 
19250 2840 2841 2147 2268 
19251 2147 2327 2268 2146 
19252 1769 3843 3719 2841 
19253 3324 3326 1769 1772 
19254 3324 1769 3719 1772 
19255 3324 3843 1769 3326 
19256 1769 3719 1772 1771 
19257 2840 2268 2327 2842 
19258 3324 3719 1820 1772 
19259 2016 801 805 719 
19260 3778 4036 4010 3959 
19261 3778 3959 3093 2842 
19262 3778 3524 3282 3538 
19263 3778 2840 3959 2842 
19264 1867 3703 1768 3704 
19265 2840 2147 2404 2348 
19266 3778 4036 2840 3843 
19267 2840 3959 4010 4036 
19268 2145 1770 2348 119 
19269 2326 767 845 804 
19270 804 1768 803 668 
19271 1768 2326 3093 3398 
19272 3093 3398 2568 3703 
19273 1768 668 1868 803 
19274 2327 2326 3959 3093 
19275 3778 3398 3049 3282 
19276 3093 3398 2326 3778 
19277 722 1890 721 4010 
19278 1858 664 1911 663 
19279 1856 2055 3049 1890 
19280 2016 719 679 801 
19281 3484 2144 820 597 
19282 2144 3808 2260 2684 
19283 663 1856 1858 665 
19284 2324 723 722 709 
19285 2324 4010 1890 722 
19286 2324 1890 4010 3959 
19287 3778 1890 4010 3779 
19288 1857 3779 1858 3942 
19289 1890 709 708 774 
19290 1890 3959 2326 3049 
19291 2016 721 1890 4010 
19292 3942 3170 4015 4004 
19293 1856 2055 2102 3049 
19294 3942 669 672 664 
19295 2016 4010 1890 3779 
19296 3942 672 3487 664 
19297 2404 4010 3486 4036 
19298 2840 4010 2404 4036 
19299 3486 2016 2406 2423 
19300 3261 3156 3328 3537 
19301 3811 117 2406 2405 
19302 3536 3261 4036 3538 
19303 3536 4036 3779 3538 
19304 3261 3486 4036 3326 
19305 3261 3537 3486 3485 
19306 3261 3485 3486 3325 
19307 3324 3260 3261 3325 
19308 3261 3486 3326 3325 
19309 2404 1770 2405 118 
19310 2404 2406 4010 2348 
19311 2404 2406 2348 118 
19312 2404 2348 1770 118 
19313 3941 3835 3619 2398 
19314 3811 3486 3325 3326 
19315 3811 3326 2404 3486 
19316 2144 3808 2684 115 
19317 2262 2144 2684 114 
19318 2152 807 820 821 
19319 3834 3835 1852 2786 
19320 2260 3325 3485 3262 
19321 2260 3325 3262 2684 
19322 2260 3325 2684 3808 
19323 2144 3811 2260 3808 
19324 2144 3811 3808 2423 
19325 2144 2423 3808 597 
19326 820 867 1947 821 
19327 3484 820 2152 703 
19328 2144 820 597 867 
19329 2144 3485 2260 3486 
19330 3484 2152 2017 703 
19331 1947 114 821 867 
19332 2553 2932 3075 3375 
19333 2262 2260 3262 2684 
19334 2262 2684 2144 2260 
19335 2262 4033 2301 3262 
19336 3821 4038 2734 3924 
19337 3868 4033 2301 1853 
19338 4033 3477 2301 1853 
19339 2262 3521 1948 113 
19340 2262 114 3521 113 
19341 2262 4033 3521 2491 
19342 2258 114 50 917 
19343 2257 917 50 49 
19344 2262 4033 1948 3521 
19345 3324 1772 1820 3311 
19346 3324 3325 3261 3326 
19347 3260 3311 2740 2331 
19348 2152 807 821 887 
19349 887 2335 888 836 
19350 2152 806 807 888 
19351 2152 807 887 888 
19352 4033 2261 3262 2262 
19353 2257 3552 3323 3258 
19354 2261 2260 2144 3485 
19355 3536 4036 3261 3486 
19356 3373 2884 3376 3815 
19357 4024 3834 3172 2917 
19358 4051 3835 3017 8 
19359 3923 3743 3155 3924 
19360 2261 3262 2260 3485 
19361 2027 2030 2714 3754 
19362 887 2335 2152 888 
19363 2261 3262 3485 3156 
19364 1947 3485 2261 2144 
19365 1947 2152 3485 2144 
19366 887 2335 1947 2152 
19367 1947 603 887 865 
19368 1947 821 114 865 
19369 1947 2152 820 821 
19370 1947 887 2152 821 
19371 1947 887 821 865 
19372 4039 889 806 888 
19373 4015 672 679 701 
19374 3883 2335 1946 3756 
19375 3169 3679 4003 3678 
19376 3485 3536 2017 3957 
19377 3883 2335 3485 2261 
19378 3883 3156 3485 3537 
19379 3957 3929 3857 3170 
19380 3504 598 142 141 
19381 1965 2696 2623 4040 
19382 3079 143 2760 941 
19383 4024 3439 2916 2917 
19384 2760 3018 3995 79 
19385 2286 2288 2287 3709 
19386 4034 1946 1948 872 
19387 4034 1948 1946 2261 
19388 3834 4034 4051 3743 
19389 1854 3173 1855 3329 
19390 1854 3156 3173 3329 
19391 3477 1852 1853 3868 
19392 3171 3061 3879 3173 
19393 4024 3079 2760 3439 
19394 3169 3865 3883 3537 
19395 4051 4034 3835 8 
19396 3172 1855 1852 1854 
19397 3834 1852 4034 3155 
19398 3923 3155 3743 1946 
19399 3743 1946 3504 3924 
19400 2974 3189 3154 3954 
19401 1852 1981 2786 2398 
19402 4042 2474 2623 3090 
19403 3078 2835 2733 1967 
19404 3821 3773 3923 3756 
19405 4038 3172 3171 2917 
19406 3865 3329 3173 3156 
19407 3865 3169 3678 3118 
19408 3865 3329 3955 3173 
19409 3865 3654 3955 3329 
19410 3923 3155 1946 3156 
19411 3923 3155 3156 3173 
19412 3821 4038 3923 3173 
19413 3883 3923 1946 3156 
19414 3485 3536 3957 3883 
19415 3169 1904 3773 4003 
19416 3678 3955 3654 3655 
19417 3821 4012 3677 3415 
19418 3925 2007 3916 2464 
19419 3678 2376 3654 3118 
19420 3925 3727 3586 2462 
19421 3171 2558 3676 3415 
19422 1852 1853 1981 2398 
19423 3868 3477 4033 1853 
19424 1854 3260 3156 3329 
19425 1854 1855 3260 3329 
19426 1854 3173 3155 1855 
19427 1854 3155 3173 3156 
19428 1854 2261 3155 3156 
19429 1854 2261 3156 3262 
19430 1854 3260 3262 3156 
19431 872 4034 144 8 
19432 3868 3941 3477 3835 
19433 3477 1852 3868 3835 
19434 1852 2786 3835 2398 
19435 2027 3754 2714 3208 
19436 3619 2398 3835 2786 
19437 3476 3619 3288 3909 
19438 2253 3776 3552 3777 
19439 2286 3709 2287 2136 
19440 3941 3477 3835 2398 
19441 3941 3619 3476 2398 
19442 3941 3017 3835 8 
19443 2783 2917 3620 2916 
19444 2950 3017 4 80 
19445 3941 3476 3477 2398 
19446 2280 3777 3909 2253 
19447 4038 3173 3172 3155 
19448 3834 3155 4034 3743 
19449 3172 1855 1854 3155 
19450 4024 4038 3155 3743 
19451 3868 4034 3155 2261 
19452 3834 1852 3172 2786 
19453 3476 4 3776 3288 
19454 2257 916 3521 49 
19455 2257 3288 3776 4 
19456 3776 2253 3909 3777 
19457 3288 3777 3618 3293 
19458 3476 3288 3776 3909 
19459 2258 3521 114 917 
19460 3476 3288 3619 4 
19461 3941 1948 3521 113 
19462 2287 2137 4042 3090 
19463 3017 925 4 80 
19464 3619 2786 3835 3620 
19465 3289 3293 3323 3288 
19466 3476 2491 3477 2255 
19467 3288 3909 3619 3618 
19468 3323 3552 3777 3293 
19469 3017 80 144 925 
19470 3017 3620 3288 3619 
19471 3017 3620 3619 3835 
19472 3834 4034 1852 3835 
19473 2257 3476 3551 3521 
19474 3941 4034 3868 4033 
19475 3476 3909 3776 2253 
19476 3476 2253 3776 2255 
19477 3941 8 1948 113 
19478 3476 2398 3909 2253 
19479 3476 3521 3477 2491 
19480 2027 2512 2030 3754 
19481 2253 3552 2255 4000 
19482 3476 2398 2253 2255 
19483 2258 2684 2938 115 
19484 2027 2512 3913 2030 
19485 3941 3835 3868 4034 
19486 2257 3521 2258 917 
19487 3476 3619 3909 2398 
19488 2258 3147 2684 2491 
19489 4035 3766 3576 3597 
19490 4035 4032 3378 2938 
19491 3288 2257 3323 2951 
19492 3258 49 50 556 
19493 2257 4 3521 916 
19494 2136 2951 3289 3323 
19495 3551 3476 3776 2255 
19496 2027 2029 2714 2030 
19497 2027 3076 2791 3275 
19498 3323 3777 3288 3293 
19499 3551 2491 2258 3521 
19500 3766 4000 2254 2255 
19501 1957 3187 1958 1960 
19502 3551 2255 3776 3552 
19503 3551 2258 2491 3147 
19504 3551 2491 2255 3147 
19505 3766 4000 4027 3696 
19506 3551 2255 2254 3147 
19507 2895 3080 2239 3320 
19508 4028 2870 2562 1960 
19509 3078 2286 2288 78 
19510 2287 3574 527 2138 
19511 3323 2951 3258 3186 
19512 3644 3810 2964 3577 
19513 4035 2764 4032 3147 
19514 3550 3186 3323 3258 
19515 3922 2475 2695 2476 
19516 4027 4000 3552 3293 
19517 3922 3906 3106 3436 
19518 2934 2281 2879 2425 
19519 2890 4028 3571 2139 
19520 3292 3733 2281 3618 
19521 3292 3733 3618 3708 
19522 2880 3733 3299 2501 
19523 2934 2281 3292 2879 
19524 2880 3299 4001 2501 
19525 3995 3288 3017 3620 
19526 2880 3292 2889 2888 
19527 2934 2425 4000 3777 
19528 2287 4042 2137 3709 
19529 3731 3732 3299 3233 
19530 2286 2288 3709 3710 
19531 2835 3232 3710 2916 
19532 3995 3620 3017 3018 
19533 2887 2691 3515 3138 
19534 3995 3708 3288 3620 
19535 2916 2835 3439 2760 
19536 2887 2695 3640 2697 
19537 3078 1967 1965 2835 
19538 2001 3097 3098 2412 
19539 4040 3709 3710 3750 
19540 2286 2760 79 941 
19541 2287 289 2288 78 
19542 3781 511 1958 410 
19543 2697 2888 3292 3732 
19544 2286 3709 2950 3708 
19545 2889 2691 3138 2983 
19546 3710 3292 3289 3708 
19547 3710 3750 3732 3232 
19548 3731 3341 3232 2918 
19549 3731 3710 2916 3708 
19550 3710 3750 3292 3732 
19551 2286 2950 3995 3708 
19552 3710 3750 3709 3289 
19553 3710 3289 3709 3708 
19554 3187 558 511 512 
19555 3187 511 498 512 
19556 2138 578 527 294 
19557 3080 2473 2239 3081 
19558 4041 2559 3248 4025 
19559 3187 1960 2139 3571 
19560 2138 498 579 578 
19561 3078 2835 3710 2760 
19562 3781 3534 3683 370 
19563 3574 3090 2623 526 
19564 2287 527 2136 2138 
19565 2138 579 527 578 
19566 2138 3187 3186 2139 
19567 3289 3323 3293 2139 
19568 2287 2623 3574 3090 
19569 2287 2136 527 79 
19570 3995 79 932 80 
19571 80 3017 932 3995 
19572 3079 3924 3743 3504 
19573 941 3079 78 2760 
19574 2950 3708 3709 3289 
19575 3995 3708 3620 2916 
19576 3995 2916 3620 3018 
19577 2286 3995 2760 3710 
19578 3708 2286 3710 3995 
19579 3995 2916 3710 3708 
19580 2760 3710 3995 2916 
19581 2916 2835 2760 3710 
19582 4024 3172 4038 2917 
19583 2760 2916 3995 3018 
19584 4024 3155 4038 3172 
19585 3078 4040 2288 3710 
19586 2734 3341 2733 3439 
19587 3079 142 3504 143 
19588 3079 142 931 141 
19589 3882 835 598 141 
19590 3079 3504 142 141 
19591 4040 3750 3710 3232 
19592 2621 393 3336 416 
19593 1902 2733 3756 1903 
19594 2835 3232 4040 3710 
19595 2835 4040 3232 2834 
19596 2835 3232 3341 2834 
19597 3078 2835 2760 3439 
19598 3078 2835 1965 4040 
19599 3078 4040 1965 76 
19600 3341 2916 2835 3439 
19601 2835 2834 3341 2735 
19602 2733 2835 3341 2735 
19603 2733 3341 2835 3439 
19604 3078 1967 2733 140 
19605 3400 1967 1966 938 
19606 4024 3743 3834 3018 
19607 3400 139 2732 1967 
19608 139 1965 939 1967 
19609 1967 140 939 139 
19610 3078 940 140 141 
19611 3078 3079 2760 78 
19612 2623 76 283 75 
19613 2623 3090 577 526 
19614 2623 577 283 526 
19615 2623 77 526 76 
19616 2623 526 283 76 
19617 2287 2623 2288 289 
19618 2697 3292 3289 3750 
19619 2287 3574 2137 3090 
19620 4042 2696 2697 3750 
19621 2288 2623 4040 76 
19622 2288 77 2623 76 
19623 2288 4040 77 76 
19624 2288 289 2623 526 
19625 2288 526 2623 77 
19626 2288 289 526 77 
19627 2288 78 289 77 
19628 3570 3571 3336 3683 
19629 3574 527 2138 579 
19630 3781 2137 3574 3570 
19631 3570 411 3090 580 
19632 3570 497 411 580 
19633 3781 3187 511 498 
19634 3570 3571 3090 3336 
19635 3570 2137 3090 3571 
19636 3570 392 411 497 
19637 392 3781 497 3570 
19638 3781 511 394 498 
19639 3574 3090 3570 2137 
19640 3574 3570 3090 580 
19641 3574 497 3570 580 
19642 3574 579 497 580 
19643 3574 289 579 580 
19644 4042 2697 3709 3750 
19645 2474 1971 3090 2476 
19646 2474 2765 1971 2476 
19647 2473 2476 2475 3831 
19648 2880 4001 2669 2501 
19649 2697 3292 3750 3732 
19650 2695 2697 4042 2696 
19651 2697 3289 3709 3750 
19652 3231 3232 3616 2834 
19653 4026 3381 2979 3771 
19654 3880 2106 2107 2692 
19655 4042 3709 4040 3750 
19656 3231 3616 3895 2834 
19657 2695 4042 2474 2696 
19658 2695 2474 4042 3090 
19659 4042 2623 2474 2696 
19660 4042 4040 2288 2623 
19661 4042 4040 2623 2696 
19662 3768 2238 2000 2003 
19663 4026 3381 3771 2692 
19664 3231 3895 1950 2834 
19665 3080 2749 3425 3320 
19666 3080 3320 3425 3829 
19667 2161 1952 2921 3711 
19668 1965 1967 1966 2835 
19669 2621 417 462 463 
19670 2622 568 464 581 
19671 3340 2735 3341 2834 
19672 2893 547 73 74 
19673 3115 938 1965 75 
19674 3400 2732 2788 2735 
19675 3115 74 2893 73 
19676 2894 275 547 573 
19677 2893 2894 3320 73 
19678 3961 72 3670 1851 
19679 3616 2697 2696 3750 
19680 2895 3895 3617 2696 
19681 1950 3895 3115 2834 
19682 2474 2473 2895 2765 
19683 2473 3436 2476 3831 
19684 2473 1964 2765 3436 
19685 2473 1964 3436 3831 
19686 3425 472 388 488 
19687 3080 3695 3082 3081 
19688 2473 3831 3081 3276 
19689 362 1962 388 386 
19690 2473 2765 1964 2749 
19691 3516 3880 4006 2718 
19692 2894 581 464 547 
19693 2894 2765 3320 2749 
19694 2894 2765 2749 463 
19695 2621 2894 2622 464 
19696 464 2621 463 417 
19697 2894 547 464 573 
19698 2894 2765 2895 3320 
19699 2894 573 464 463 
19700 2622 2895 2894 2765 
19701 2622 2474 2895 2765 
19702 2893 2894 547 74 
19703 2622 2894 74 581 
19704 2621 2623 2474 3090 
19705 2621 568 415 417 
19706 462 2621 1971 416 
19707 2621 417 415 416 
19708 2621 3090 1971 3336 
19709 393 2621 3336 3090 
19710 2621 2474 2622 2765 
19711 2621 1971 2474 2765 
19712 2621 3090 2474 1971 
19713 1950 2893 3115 3895 
19714 3961 3098 3670 71 
19715 2893 3320 72 73 
19716 2893 3617 2895 3895 
19717 2893 2895 3617 3320 
19718 2893 3617 2240 3320 
19719 3769 3616 3640 3617 
19720 3115 75 3895 74 
19721 3115 1966 1965 938 
19722 2240 3080 3829 3320 
19723 1965 2696 3895 75 
19724 3340 2563 2788 2216 
19725 3115 2834 1965 1966 
19726 3115 1965 2834 3895 
19727 1951 2563 3340 2216 
19728 3670 2365 2362 1899 
19729 3115 3895 2893 74 
19730 1851 937 137 73 
19731 3616 3895 1965 2696 
19732 72 2893 1950 3961 
19733 1950 2893 3895 3617 
19734 3961 1950 1851 1949 
19735 3080 2749 3320 2765 
19736 2238 2001 1949 3960 
19737 1950 1851 72 3961 
19738 72 73 937 1851 
19739 3670 3671 2365 1899 
19740 1851 937 72 136 
19741 3670 1899 2362 135 
19742 3670 2362 3671 136 
19743 2787 138 137 856 
19744 2768 2926 3241 3513 
19745 3512 3795 3715 3580 
19746 3671 2362 1823 584 
19747 2733 3924 3079 3504 
19748 2733 3924 3504 3756 
19749 3400 1905 139 138 
19750 3821 1903 3773 2734 
19751 1902 2733 140 141 
19752 2734 3924 2733 3756 
19753 3402 3772 3341 2556 
19754 3402 2558 3772 2556 
19755 3821 2734 4012 3822 
19756 3924 3821 3756 2734 
19757 2734 2735 3321 1903 
19758 2732 2735 3321 2788 
19759 4038 3171 3173 3677 
19760 1902 1967 139 140 
19761 1822 890 2494 1905 
19762 2494 139 592 140 
19763 3080 2473 2749 2765 
19764 1902 1903 3857 1904 
19765 1902 2733 1967 140 
19766 724 3774 877 3929 
19767 877 3929 2494 592 
19768 3882 1902 3773 3857 
19769 4039 720 806 889 
19770 877 3929 592 724 
19771 2494 877 592 890 
19772 2494 139 1902 1905 
19773 1904 2494 1902 1905 
19774 3923 3773 3883 3756 
19775 598 4039 3929 3882 
19776 3957 3882 4039 2335 
19777 3929 889 835 886 
19778 3929 720 724 702 
19779 3883 3537 3865 3156 
19780 3929 720 889 886 
19781 3929 724 720 886 
19782 4039 701 806 720 
19783 3882 2494 1902 3857 
19784 3169 1904 4003 3679 
19785 1822 2787 1823 137 
19786 725 3774 3419 771 
19787 3774 772 771 726 
19788 2362 136 885 584 
19789 3671 584 137 136 
19790 2923 2769 2920 3168 
19791 2362 885 1952 584 
19792 3080 3829 3425 3082 
19793 1822 2787 137 856 
19794 1822 3774 877 726 
19795 1822 773 772 726 
19796 781 1822 772 2942 
19797 2942 781 780 772 
19798 2942 697 780 781 
19799 2459 696 2461 718 
19800 3671 584 1823 137 
19801 1822 773 890 856 
19802 3080 2473 1962 2749 
19803 3816 647 648 671 
19804 1822 772 2942 3774 
19805 781 1822 882 772 
19806 2362 1952 1823 584 
19807 1822 1904 1823 1905 
19808 1822 882 773 856 
19809 2161 2942 2921 1952 
19810 1822 1905 3774 1904 
19811 3821 3865 3773 3678 
19812 3678 3955 3655 3822 
19813 3678 3654 2376 3655 
19814 3678 3655 2376 3679 
19815 3913 3274 3023 3275 
19816 3586 4003 3321 2502 
19817 3925 3586 3321 2462 
19818 4012 3321 4003 1903 
19819 4003 1904 3712 3679 
19820 3913 3023 3892 3275 
19821 3925 2007 3655 3916 
19822 3925 3655 2007 3822 
19823 3925 3240 3727 3916 
19824 3890 3892 1871 2512 
19825 3822 2464 3415 2007 
19826 1871 3890 2512 3899 
19827 4012 2464 3321 2556 
19828 4012 2462 3321 2464 
19829 4012 3925 2464 3822 
19830 3821 2734 3773 3756 
19831 3821 1903 2734 3822 
19832 2563 2218 2216 2217 
19833 3772 2735 2734 3341 
19834 3772 2734 2735 3321 
19835 3772 2734 4012 3677 
19836 3772 3677 4012 2556 
19837 3772 3321 4012 2734 
19838 3772 4012 3321 2556 
19839 3402 2917 2558 2767 
19840 3402 2918 2917 2767 
19841 3402 3677 3772 2558 
19842 4038 2917 3171 2558 
19843 2979 2981 2980 2673 
19844 3616 3750 4040 3232 
19845 3616 3232 4040 2834 
19846 3232 3231 3732 3233 
19847 2887 2475 3640 2695 
19848 3616 3232 3732 3750 
19849 3731 2916 3710 3232 
19850 3913 2512 2511 2030 
19851 2916 3232 3731 3341 
19852 3731 3732 3733 3299 
19853 3731 3299 3733 3914 
19854 3731 2916 2918 2767 
19855 2783 3733 3731 3618 
19856 3731 2918 3914 2767 
19857 3731 3299 3914 2918 
19858 2783 2281 3914 3733 
19859 2783 3618 2281 3733 
19860 2783 3618 3731 2916 
19861 2783 2784 2767 3914 
19862 2783 3620 3618 2916 
19863 3172 1855 3155 3173 
19864 3171 1855 3879 3154 
19865 2974 1792 1659 1551 
19866 3259 2784 3153 2767 
19867 3172 1852 1855 3154 
19868 3172 2786 1852 3154 
19869 3259 2767 2558 2917 
19870 3171 3061 3173 3415 
19871 3171 3676 3061 3415 
19872 4038 3677 3402 2558 
19873 4024 2916 3018 2917 
19874 2734 4024 4038 3402 
19875 3171 3173 3677 3415 
19876 3821 2734 4038 3677 
19877 4038 3155 3923 3173 
19878 4024 3155 3834 3743 
19879 4038 3155 3743 3924 
19880 4038 3924 3923 3155 
19881 3536 3485 3484 3486 
19882 3484 2016 3486 2423 
19883 3484 3485 2152 2144 
19884 3536 3538 4004 3537 
19885 3484 2017 2152 3485 
19886 1791 2785 2784 2603 
19887 1791 3153 2784 2766 
19888 2974 1792 3153 3189 
19889 2974 3879 3171 3061 
19890 3259 2558 3171 2917 
19891 3153 1981 3154 3189 
19892 3153 2603 1981 3189 
19893 3153 1792 2603 3189 
19894 2974 3061 3171 3676 
19895 2557 3061 2974 3676 
19896 2974 3154 3879 3954 
19897 2557 1792 3676 2974 
19898 2974 3676 3153 1792 
19899 2974 2493 2503 3954 
19900 2974 3879 2493 3954 
19901 2282 2253 2941 3549 
19902 2282 2785 2933 2603 
19903 2282 2397 2785 2603 
19904 2282 2933 2397 2603 
19905 2280 2786 2785 2398 
19906 2280 2397 2282 2253 
19907 2282 2933 2941 2397 
19908 2282 2397 2941 2253 
19909 2282 2425 2933 2281 
19910 2282 2425 3777 2253 
19911 3825 2880 2878 2879 
19912 2499 2283 1791 2602 
19913 2499 2698 2500 1647 
19914 2878 1566 1593 1597 
19915 2878 1593 2699 1597 
19916 2499 3914 1791 2283 
19917 1791 2283 3914 2784 
19918 1791 3914 2698 2784 
19919 1791 2602 2283 2603 
19920 2499 1548 1791 1647 
19921 2499 1675 2602 1548 
19922 2499 1675 1548 1647 
19923 2499 1597 1675 1647 
19924 2499 2998 2602 1675 
19925 2424 3884 2110 3144 
19926 2424 2110 3114 3144 
19927 2424 3144 3716 3884 
19928 2424 3716 3144 2389 
19929 2424 2935 3884 3249 
19930 2424 2389 3114 3435 
19931 2424 3144 3114 2389 
19932 3913 3274 2314 2511 
19933 3644 3247 3840 3697 
19934 3913 2314 2030 2511 
19935 2559 2870 2560 2562 
19936 3643 3696 3644 3576 
19937 3697 3644 3696 3810 
19938 3644 3810 3577 3576 
19939 3644 3576 3696 3810 
19940 3312 1804 1956 1806 
19941 3312 3621 3800 3985 
19942 3312 3800 3247 3985 
19943 3312 3716 3840 3247 
19944 3312 3247 3840 3985 
19945 3312 3985 2685 1955 
19946 3312 3840 2685 3985 
19947 2685 3113 2686 3144 
19948 3312 1956 3621 1955 
19949 3312 1955 3621 3985 
19950 3113 2097 1402 1436 
19951 3113 3716 2097 2389 
19952 3113 3716 2389 3144 
19953 2387 2873 2943 2388 
19954 2387 2943 2873 2671 
19955 2692 4026 3825 2691 
19956 3825 3032 3381 2692 
19957 2387 2279 2671 3435 
19958 2387 2693 2279 3435 
19959 2984 2387 2985 2943 
19960 3825 2889 2879 3435 
19961 3825 2983 2387 2985 
19962 3922 3515 2887 3025 
19963 3768 4006 3542 3960 
19964 2691 2107 3515 2985 
19965 3106 3374 3107 2954 
19966 3106 3844 3482 2954 
19967 3106 3482 3374 2954 
19968 2884 3106 3482 3374 
19969 3106 3107 3374 3376 
19970 3106 3131 3517 2885 
19971 3106 3376 2886 3517 
19972 3106 3482 3844 3131 
19973 3106 3131 2885 3482 
19974 3106 3107 3376 3517 
19975 2560 2965 3248 3130 
19976 2560 3577 2965 3130 
19977 2560 3130 3881 3577 
19978 2560 3881 3130 2702 
19979 3881 2870 2871 2560 
19980 2560 3881 2702 2871 
19981 3881 2870 2560 3577 
19982 3246 1806 3249 2984 
19983 3246 1805 1806 2984 
19984 3246 2984 3866 3063 
19985 3246 3249 3248 3138 
19986 3246 3063 1805 2984 
19987 2559 3576 3644 3577 
19988 3643 3884 3716 3697 
19989 1957 3186 3550 2477 
19990 1957 3323 3550 3186 
19991 4041 2935 4027 3293 
19992 2559 4025 2560 3248 
19993 3643 3249 3716 3884 
19994 3643 3884 4027 2935 
19995 3643 3247 2559 3644 
19996 3643 3884 2935 3249 
19997 2887 2691 2889 2888 
19998 3769 3025 3771 3024 
19999 3922 2695 2887 2890 
20000 4041 4025 3248 3138 
20001 2889 2890 2935 3138 
20002 2889 3292 2890 2888 
20003 2934 2424 3884 2425 
20004 2934 2879 2424 2425 
20005 2934 4000 2425 3884 
20006 2934 4027 4000 3884 
20007 2934 2935 4027 3884 
20008 2934 2424 2935 3884 
20009 3825 2691 4026 2888 
20010 3825 2888 2880 2889 
20011 3825 2693 2691 2985 
20012 2889 2424 2934 2879 
20013 2889 2879 2934 3292 
20014 2880 3733 4001 3299 
20015 3025 3517 3516 3831 
20016 3025 3831 2473 2475 
20017 4026 3025 2887 3515 
20018 3233 4001 2670 3770 
20019 3381 2673 3032 1563 
20020 2981 1563 3381 1560 
20021 4026 2979 3770 3771 
20022 3789 2106 2673 3426 
20023 3769 3231 3616 3617 
20024 3231 2834 1950 1951 
20025 3770 2003 2670 3233 
20026 2981 3489 2980 1648 
20027 4001 3732 3770 3233 
20028 4001 3299 3732 3233 
20029 2880 2501 2879 2281 
20030 2880 3732 3292 2888 
20031 4001 3299 3733 3732 
20032 2981 1561 1563 1560 
20033 2880 2879 2889 3292 
20034 3769 3231 3640 3616 
20035 3825 3032 2878 2669 
20036 3825 2880 4001 2669 
20037 3825 4026 4001 2888 
20038 3381 4001 3770 2670 
20039 3381 3032 2673 2692 
20040 3381 2669 4001 2670 
20041 2880 3292 3732 3733 
20042 2880 3292 3733 2281 
20043 2880 2879 3292 2281 
20044 3825 4001 3381 2669 
20045 2880 4001 3733 3732 
20046 2880 2888 4001 3732 
20047 3825 2889 2880 2879 
20048 3825 2387 2693 2985 
20049 2878 2669 3032 1566 
20050 2878 2501 2669 1597 
20051 2878 2879 2501 2426 
20052 2878 2699 3032 3435 
20053 2981 1560 3026 1558 
20054 2981 1560 1558 1561 
20055 2981 2980 2673 1561 
20056 3443 3892 3445 3742 
20057 4050 3960 1873 3891 
20058 2000 2982 3469 3491 
20059 3823 2215 3824 2980 
20060 3823 2359 2215 2980 
20061 3541 3444 2550 3915 
20062 3823 3672 3915 2359 
20063 3823 2980 3824 3491 
20064 3823 2980 3491 2359 
20065 2000 4050 2589 2590 
20066 3789 3824 3542 3426 
20067 2027 2028 2791 2789 
20068 3913 3081 3023 3274 
20069 3789 2673 2106 2692 
20070 3768 3542 3789 1873 
20071 3789 3771 3381 2692 
20072 2000 3539 4050 3491 
20073 3789 1873 3824 3491 
20074 3789 3824 2980 3491 
20075 3789 1873 3542 3824 
20076 3789 2673 3824 3426 
20077 2979 2673 3789 3381 
20078 2574 2848 3307 2573 
20079 2574 2848 2573 1574 
20080 2574 2250 3307 2848 
20081 2574 1622 1576 1574 
20082 2574 2573 1622 1574 
20083 2574 1622 1587 1576 
20084 2574 1622 3528 1587 
20085 2574 2573 2407 1622 
20086 2574 2407 3528 1622 
20087 2906 2710 2153 2909 
20088 2906 3723 2573 2572 
20089 3927 2944 2710 3928 
20090 2944 3928 2947 2710 
20091 2906 2909 3070 2710 
20092 3020 3441 3309 3302 
20093 1895 1427 1897 2291 
20094 1895 1897 2572 2291 
20095 1895 1897 3070 2572 
20096 1895 1427 1480 1454 
20097 1895 1427 2291 1480 
20098 1895 1419 1427 1454 
20099 1895 2407 2291 2571 
20100 1895 2571 3070 2897 
20101 1895 2572 2571 2291 
20102 1895 2897 3070 1416 
20103 1895 1480 2291 2407 
20104 1895 2897 2368 2571 
20105 3070 1897 1896 2909 
20106 3070 2572 1897 2909 
20107 2944 3300 3070 2571 
20108 3300 2368 2896 2897 
20109 3927 3300 3302 3920 
20110 3300 3920 2896 3302 
20111 3300 2897 2896 3920 
20112 2449 1571 2062 2573 
20113 3070 2909 1896 2710 
20114 3892 2027 3443 2512 
20115 2719 2008 3020 3514 
20116 3927 2944 3928 3302 
20117 3927 2897 3920 2014 
20118 3927 3300 3920 2897 
20119 3300 3301 2896 2006 
20120 2906 3723 2662 2573 
20121 3047 3927 2259 2710 
20122 2332 1817 3390 2333 
20123 2332 2156 3390 1817 
20124 2332 3390 2259 2333 
20125 2332 3046 2154 2485 
20126 2153 2708 3853 3143 
20127 2153 2709 2710 2947 
20128 2153 2710 2709 2708 
20129 2153 2247 3863 3853 
20130 2153 3863 3143 3853 
20131 2248 2123 2153 2154 
20132 2155 2690 2123 1252 
20133 2412 3891 3960 2590 
20134 2155 2153 2123 2154 
20135 2690 1250 1251 1249 
20136 2690 1250 1252 1251 
20137 2690 2485 2154 2396 
20138 3045 2332 2334 3493 
20139 2332 2154 2690 2485 
20140 2690 1251 1317 1249 
20141 2690 1317 1817 1249 
20142 2690 1251 1817 1317 
20143 2728 1341 2038 1339 
20144 2728 3447 2038 1341 
20145 2728 3525 1339 1337 
20146 2728 1267 3525 2156 
20147 2728 1339 1294 1341 
20148 2728 1294 3447 1341 
20149 2728 1339 1201 1337 
20150 2728 1339 2038 1201 
20151 2038 1341 1201 1339 
20152 2122 2124 3853 2284 
20153 2122 2124 2284 1259 
20154 2412 1949 2415 3098 
20155 2122 2284 3447 1295 
20156 2122 1293 1262 1294 
20157 1295 2122 1262 1294 
20158 2155 2123 2122 1254 
20159 2122 1257 1262 1293 
20160 2155 2690 1252 1251 
20161 2048 2469 2470 2049 
20162 2469 2470 2049 3886 
20163 2469 3143 3614 2909 
20164 2469 3614 2470 3527 
20165 2469 2049 2048 3143 
20166 2469 2048 3614 3143 
20167 3614 3748 3615 2996 
20168 3614 3143 2048 2996 
20169 3614 3748 2996 2039 
20170 3614 2996 2048 2039 
20171 2289 3393 3527 1463 
20172 2289 1447 1460 1463 
20173 2289 1460 3393 1463 
20174 2289 2290 1447 2056 
20175 2049 3886 3008 4005 
20176 2049 3886 2470 3008 
20177 2047 2285 3442 2284 
20178 2049 3886 4005 3501 
20179 2049 4005 2050 3501 
20180 4014 2470 2049 2997 
20181 4014 3008 2470 3009 
20182 2050 3863 3322 1927 
20183 2050 3322 4005 1927 
20184 2050 4005 3322 3501 
20185 2050 3322 3863 3501 
20186 2050 4005 3277 1927 
20187 2050 3277 2284 1927 
20188 2048 2284 3442 2039 
20189 2048 3442 2997 2039 
20190 2047 2049 2048 2997 
20191 2050 2048 3143 3853 
20192 3614 1896 3615 2909 
20193 2048 2040 2039 2997 
20194 3614 1896 2708 2996 
20195 2469 3615 3614 3527 
20196 2048 2469 3614 2470 
20197 2048 3143 3853 2996 
20198 2048 2039 3447 2284 
20199 2047 2285 3308 2044 
20200 3308 1274 1354 1281 
20201 3308 1281 1354 1314 
20202 2412 2415 1949 2240 
20203 3308 2046 1281 1314 
20204 3308 1281 1362 1282 
20205 3308 1281 2046 1362 
20206 3308 2053 2285 1282 
20207 2044 2839 2163 2903 
20208 3308 2046 2053 1362 
20209 2047 3592 2044 2163 
20210 2044 2164 2997 2045 
20211 3614 2040 3748 2039 
20212 2470 3008 3886 2471 
20213 2047 3277 3592 2163 
20214 2049 2907 3886 3501 
20215 2469 2907 2908 3886 
20216 3614 2048 2040 2039 
20217 2040 2470 3614 3527 
20218 2412 3960 2001 2590 
20219 3008 3886 2471 3885 
20220 2408 3008 3009 2471 
20221 4014 3700 3592 4005 
20222 4014 2044 3701 2164 
20223 2469 2908 2471 3886 
20224 2469 2909 3614 3615 
20225 2393 1628 1644 1592 
20226 2393 2395 2272 3072 
20227 2393 2395 2729 1527 
20228 2393 2729 1644 1527 
20229 2393 1592 1644 1682 
20230 2393 1644 2729 1682 
20231 2393 2729 1592 1682 
20232 2392 2393 2395 2729 
20233 2393 3071 2394 2395 
20234 3499 3791 3885 3501 
20235 3499 3885 3071 2277 
20236 3499 3071 2276 2277 
20237 3499 2276 2275 2277 
20238 3499 2275 3500 2277 
20239 3700 3016 3791 3885 
20240 3700 2727 3016 3885 
20241 3700 3885 3791 4005 
20242 3700 3016 3764 3791 
20243 2157 2251 3054 1931 
20244 2157 2517 3053 2158 
20245 2157 1931 3053 2517 
20246 2157 1931 2517 1742 
20247 2157 2517 1726 1742 
20248 3764 2903 3592 2251 
20249 4014 3008 2049 2470 
20250 3764 3190 2158 3056 
20251 3764 3791 3190 3056 
20252 3764 3190 3791 2158 
20253 2157 3764 2158 3056 
20254 2157 2251 3764 3056 
20255 2157 1721 1931 1745 
20256 3764 2251 3592 3056 
20257 3764 3592 3791 3056 
20258 3592 1932 2903 2163 
20259 2047 4005 3592 3277 
20260 2047 3308 3277 2163 
20261 3592 4005 3322 3277 
20262 3592 2162 3322 3056 
20263 3592 3322 3791 3056 
20264 3592 2251 1932 3056 
20265 3322 1927 3277 4005 
20266 2412 3960 1949 2001 
20267 3322 3190 3791 3056 
20268 3322 2855 3791 3190 
20269 3322 4005 3791 3501 
20270 3322 3791 2855 3501 
20271 2157 3053 1931 3054 
20272 3059 3190 2743 3157 
20273 3059 3190 3791 2855 
20274 3059 3190 3157 3791 
20275 3059 3060 2855 2857 
20276 3499 2277 3886 3885 
20277 3190 3322 3055 3056 
20278 3055 2843 2855 3060 
20279 3055 3053 2743 3190 
20280 3059 3500 2276 2857 
20281 3055 3053 3195 1135 
20282 3055 3053 3190 3056 
20283 2863 1084 1133 1082 
20284 2437 2178 1175 1174 
20285 2863 3608 2292 3010 
20286 1080 2863 3608 2437 
20287 2863 1093 1133 1084 
20288 2863 1093 2843 1133 
20289 2436 1133 2863 2843 
20290 2863 3060 2292 2843 
20291 2863 3060 1084 3010 
20292 2437 1082 1133 1092 
20293 3863 1925 1927 2124 
20294 2470 2997 2048 2049 
20295 3863 2856 3143 3501 
20296 3863 2294 1925 2124 
20297 1926 1266 1260 1258 
20298 1926 2124 1927 1925 
20299 1924 3057 3322 1927 
20300 1926 1258 1296 1266 
20301 1926 1296 2293 1266 
20302 1926 2293 2252 1266 
20303 2851 2294 2123 1256 
20304 2851 2249 2123 2294 
20305 2851 1264 1255 1265 
20306 2851 2177 1264 1265 
20307 2851 1264 1256 1255 
20308 2177 2293 2851 1264 
20309 2851 1256 1254 1255 
20310 2247 2179 2294 2249 
20311 2247 3853 2123 2294 
20312 2247 2123 2249 2294 
20313 3863 2124 3853 2294 
20314 2412 2240 1949 3960 
20315 3863 2292 2247 2856 
20316 3863 3853 2247 2294 
20317 3863 2294 2292 1925 
20318 3863 2294 2247 2292 
20319 2363 3727 2927 1901 
20320 2247 2292 3979 2856 
20321 3608 2247 2292 3979 
20322 3699 2944 3021 2947 
20323 2363 2365 3711 3712 
20324 2944 2571 3070 2572 
20325 3699 2947 2665 3547 
20326 2248 2946 2153 2247 
20327 3699 2483 3021 1919 
20328 3699 3792 3902 1919 
20329 3058 2666 3546 1181 
20330 3058 3010 2744 1168 
20331 3058 3546 2666 3091 
20332 3058 1129 1181 1168 
20333 3058 1129 2666 1181 
20334 3058 1168 1181 1134 
20335 3058 1181 3546 1134 
20336 3058 3546 3010 1134 
20337 3059 3500 2855 3501 
20338 3351 2857 3546 3010 
20339 3351 1089 1085 1134 
20340 2275 2575 3307 2277 
20341 2275 3723 3307 2575 
20342 2275 2907 3500 2277 
20343 3499 3157 3016 3791 
20344 2275 3307 2908 2277 
20345 2275 2908 3307 3723 
20346 2275 2575 2945 3723 
20347 2275 2575 3091 2945 
20348 2248 2153 2709 2154 
20349 3979 2247 2946 2665 
20350 2946 2945 3723 3979 
20351 2906 3070 3927 2710 
20352 2275 3500 2946 3979 
20353 2275 2945 3979 3723 
20354 3451 3979 3091 2945 
20355 3451 2665 3979 2945 
20356 3451 3979 2665 3608 
20357 3451 3608 3010 3979 
20358 3451 3010 3608 2744 
20359 3451 2945 3091 3092 
20360 3641 2745 2666 1129 
20361 2195 1591 1619 1623 
20362 2195 2576 2940 1619 
20363 2195 1619 1591 1663 
20364 3474 3125 3917 2930 
20365 3125 1610 2930 3604 
20366 3125 1611 1610 1612 
20367 3125 1610 3604 1612 
20368 3917 2651 1108 2004 
20369 3917 3291 2930 2342 
20370 3917 2004 2342 2651 
20371 3917 3291 2342 2004 
20372 3917 2004 4011 3291 
20373 3917 3474 3984 2508 
20374 3917 3394 2930 3291 
20375 3917 3474 2930 3394 
20376 2628 3357 2005 2006 
20377 2628 3391 1649 2694 
20378 2628 3396 2005 3357 
20379 2628 3604 2005 3396 
20380 2628 2006 2005 3417 
20381 2594 2591 3421 3279 
20382 2374 3916 2005 2778 
20383 2375 3279 2591 2593 
20384 2375 2852 3698 2854 
20385 2374 3916 3240 2376 
20386 2374 2778 2005 2780 
20387 2591 3912 3421 3279 
20388 2592 2780 3855 2616 
20389 2592 2780 3901 3855 
20390 2592 3855 3535 2616 
20391 2592 3535 2581 2616 
20392 2374 2780 2005 2008 
20393 2592 2593 3901 2780 
20394 2581 2455 1839 2194 
20395 2591 2377 3809 3698 
20396 2363 3712 3711 2922 
20397 2592 2455 2641 3004 
20398 2581 1883 2615 2616 
20399 2581 3535 2641 1884 
20400 3242 3182 3409 1884 
20401 2641 3535 1886 1884 
20402 2641 3535 2642 1886 
20403 2641 2642 3535 3428 
20404 2581 3421 2615 3422 
20405 2592 2641 2581 3535 
20406 2641 1886 2643 1884 
20407 1869 3264 3263 3855 
20408 1869 3547 3264 3855 
20409 1869 2747 2864 2180 
20410 1869 2629 2747 2180 
20411 1869 2864 3855 3428 
20412 3263 3427 3984 2508 
20413 3263 3428 3984 3427 
20414 3642 2747 2629 3331 
20415 3263 3264 3391 2779 
20416 3263 3855 3264 2779 
20417 3263 2746 1870 2508 
20418 2642 3926 3428 3392 
20419 2642 3984 3428 3926 
20420 2642 4048 3926 3392 
20421 2641 4021 4048 2455 
20422 3263 3535 3855 2779 
20423 3263 3984 3474 2508 
20424 3984 3427 3926 2508 
20425 3984 3926 3427 3428 
20426 2642 3535 3984 1886 
20427 3984 3394 1886 3474 
20428 3984 3572 1886 3394 
20429 2641 2643 2642 4048 
20430 3917 3291 3984 3394 
20431 3427 2344 3926 2508 
20432 3427 3428 3926 3392 
20433 3427 2864 2808 2180 
20434 1869 1078 2629 1195 
20435 3427 2180 2808 1081 
20436 3004 3428 2864 3051 
20437 3004 2864 2182 3051 
20438 3004 3392 3428 3051 
20439 3004 2641 3392 2455 
20440 3003 1839 2077 3861 
20441 3003 2455 3004 3392 
20442 2363 3586 3727 1901 
20443 3004 3901 2182 2864 
20444 3003 2807 3392 3051 
20445 3003 2182 3052 3051 
20446 4048 3392 2861 3355 
20447 4048 3031 2011 2861 
20448 4048 2011 3355 2861 
20449 4048 3031 2807 3392 
20450 4048 2807 2861 3392 
20451 4048 2861 2807 3031 
20452 3003 2455 2078 1839 
20453 2363 3712 3727 3586 
20454 2076 2428 2564 3052 
20455 2076 2564 2862 3031 
20456 3003 3861 2182 1839 
20457 3003 3052 2807 3051 
20458 2076 1776 2078 3031 
20459 3820 2564 2566 3368 
20460 3820 2566 3556 3368 
20461 2427 3820 2428 2564 
20462 3820 3368 3613 3624 
20463 3820 3613 3556 3624 
20464 3820 3368 3556 3613 
20465 3820 3624 3556 3625 
20466 3820 2860 3624 3625 
20467 2363 3240 3727 3712 
20468 2453 2452 2645 2454 
20469 2453 2645 2452 3354 
20470 2453 3354 2452 3569 
20471 2453 2452 3753 3569 
20472 2453 2452 3752 3753 
20473 2453 3752 3568 3753 
20474 2453 3568 3569 3753 
20475 4002 3681 3752 3951 
20476 2453 4002 3752 3951 
20477 2453 2454 2012 3689 
20478 4002 3572 3568 3752 
20479 4002 3689 3681 3951 
20480 4002 2643 3681 3689 
20481 4002 3572 3752 3681 
20482 3568 2338 3926 3355 
20483 4002 3572 4049 2643 
20484 2453 2012 3354 3355 
20485 4002 3568 3926 3355 
20486 3568 2338 2337 3926 
20487 3752 3681 3572 4037 
20488 4002 3926 3568 3572 
20489 3631 4011 2339 2343 
20490 2451 2910 2962 3506 
20491 2451 4045 2939 3951 
20492 3753 2451 2452 3752 
20493 3568 2337 4011 3572 
20494 3568 2337 3572 3926 
20495 3689 2453 3951 4002 
20496 3631 2339 2337 2338 
20497 2781 698 670 789 
20498 2452 3569 3354 3830 
20499 2451 3752 2453 2452 
20500 2452 3354 2645 3830 
20501 2451 2810 2939 81 
20502 2452 2814 2644 2454 
20503 2452 2814 3526 2644 
20504 3354 3356 3830 3569 
20505 3354 3355 3356 3569 
20506 3354 2679 2645 3830 
20507 2452 2645 2631 3830 
20508 3753 2451 2814 2452 
20509 900 81 2939 2644 
20510 3526 3830 2631 2633 
20511 2781 698 673 670 
20512 3526 3830 2644 2631 
20513 2633 3934 3610 3526 
20514 3934 3982 3610 3838 
20515 3934 3593 3456 3595 
20516 2860 2862 2011 2680 
20517 2860 2680 3266 2862 
20518 2860 3228 3367 3625 
20519 2860 3367 3624 3625 
20520 2860 3228 2680 2679 
20521 2860 3266 3228 3625 
20522 2860 3228 3266 2680 
20523 2645 2679 2631 3830 
20524 2645 2679 2546 2631 
20525 2645 2454 1879 2012 
20526 3568 3753 3529 3569 
20527 3354 2861 2011 3356 
20528 2547 2546 2631 2645 
20529 2010 2645 2546 1879 
20530 3387 670 673 656 
20531 3199 3284 2832 2210 
20532 3199 2210 2208 3285 
20533 3199 3284 2210 3285 
20534 3480 3135 2143 2678 
20535 3480 3135 2142 2143 
20536 3135 2209 2678 3480 
20537 3480 3135 2210 2142 
20538 3480 2143 1787 2678 
20539 3480 2143 2142 1787 
20540 3480 2832 1787 2142 
20541 3466 3371 2212 3782 
20542 2712 2357 2790 2355 
20543 2212 21 2214 3194 
20544 3998 2212 285 2213 
20545 2214 277 3199 3194 
20546 2214 3108 277 553 
20547 2212 285 2214 515 
20548 2212 3837 3998 285 
20549 3194 3208 2208 2355 
20550 2632 3594 3257 3784 
20551 3256 892 2546 20 
20552 3257 2208 3228 3285 
20553 3199 3194 277 21 
20554 3257 3228 3266 3285 
20555 1764 1765 2849 86 
20556 3199 22 277 528 
20557 2214 21 515 277 
20558 2712 3108 3199 3194 
20559 2010 2011 2849 2680 
20560 3217 3199 3255 3257 
20561 2212 21 3256 20 
20562 2010 85 893 86 
20563 3934 3830 3526 2633 
20564 3408 2781 3243 2929 
20565 2212 21 20 515 
20566 2010 892 21 85 
20567 2546 20 892 84 
20568 2645 2010 2011 2012 
20569 1879 2012 3870 2013 
20570 3689 1879 2454 2012 
20571 1764 1767 1766 3116 
20572 2645 2010 2679 2011 
20573 2011 2645 3354 2679 
20574 3217 22 3255 3199 
20575 2212 2214 21 515 
20576 2213 2029 2713 481 
20577 2713 482 371 491 
20578 3466 3782 2212 2632 
20579 2713 371 482 481 
20580 2789 2712 2713 2356 
20581 2713 371 475 491 
20582 2713 475 2356 491 
20583 2713 2356 3108 491 
20584 2214 515 285 549 
20585 2712 3208 2714 3371 
20586 2781 670 2460 789 
20587 2713 481 2029 371 
20588 2832 421 552 528 
20589 2832 552 23 528 
20590 2832 552 3284 23 
20591 3466 3257 3194 3468 
20592 2832 23 22 528 
20593 1764 1766 3266 3116 
20594 2213 3371 2714 2030 
20595 2713 3108 553 491 
20596 3284 552 24 23 
20597 3284 1766 23 24 
20598 3284 2914 1766 24 
20599 3108 277 553 528 
20600 3284 3950 2833 2210 
20601 3387 673 2373 656 
20602 3284 3285 2914 3950 
20603 2914 3164 3950 3285 
20604 3625 2914 3266 3285 
20605 2914 3116 3266 1766 
20606 2837 2225 2187 2226 
20607 2781 699 673 698 
20608 2837 3956 3406 3165 
20609 3406 2914 3950 25 
20610 1764 1765 88 1766 
20611 3108 2355 2832 1787 
20612 2914 1766 24 25 
20613 3625 2914 3285 3164 
20614 3284 273 2833 24 
20615 3820 3368 2807 2564 
20616 3820 3031 2564 2861 
20617 3266 3285 3228 3625 
20618 3356 2860 2679 3367 
20619 1766 24 895 23 
20620 3284 3950 2914 25 
20621 1764 2010 3255 86 
20622 1764 23 1766 895 
20623 2076 2077 1776 2222 
20624 90 91 904 2220 
20625 2076 2862 2849 3031 
20626 2078 1776 2191 3031 
20627 2078 4021 2455 3031 
20628 2078 2191 4021 3031 
20629 3003 3861 2077 3052 
20630 2077 1773 1776 2447 
20631 1775 2078 2077 1776 
20632 1775 2194 3192 2078 
20633 86 1774 87 1765 
20634 1775 3591 3315 3037 
20635 1775 3315 3734 3819 
20636 1774 1765 1776 88 
20637 1775 3192 2194 3037 
20638 2191 1776 1765 3031 
20639 1773 3192 3050 3585 
20640 1775 2194 2191 3591 
20641 3003 3392 2807 3031 
20642 2191 3819 2849 1765 
20643 2191 2849 3031 1765 
20644 2076 2429 2428 3052 
20645 2849 2862 2011 3031 
20646 2191 2012 4021 3031 
20647 2010 2849 2013 86 
20648 2849 2680 2011 2862 
20649 1766 2221 903 25 
20650 3255 86 2010 893 
20651 3693 2193 3870 3690 
20652 3693 3481 2193 3690 
20653 3693 3734 2193 3481 
20654 3693 3734 3481 824 
20655 3870 3689 1916 3690 
20656 3227 3257 3594 3228 
20657 2191 2011 2849 2013 
20658 3693 1879 2013 2010 
20659 2642 3926 4002 3572 
20660 4048 4021 2012 3031 
20661 3003 2455 4048 3031 
20662 4048 2455 4021 3031 
20663 3693 3481 594 824 
20664 3693 84 594 83 
20665 3693 1879 2010 84 
20666 2191 2013 3870 2012 
20667 2191 4021 2192 2194 
20668 1775 2078 3192 2077 
20669 1837 3003 1839 2455 
20670 2191 2012 3870 4021 
20671 2191 2849 2011 3031 
20672 2592 2594 3901 2593 
20673 2191 2011 2012 3031 
20674 3505 2192 2581 3422 
20675 3242 2192 3182 1884 
20676 3481 734 594 858 
20677 3481 734 858 790 
20678 3481 3243 734 790 
20679 3481 734 3243 3183 
20680 3242 2929 3505 3409 
20681 3688 3870 3690 3689 
20682 3481 594 824 858 
20683 1879 1916 3870 3689 
20684 3693 2013 2193 3734 
20685 2193 3591 2194 2192 
20686 1773 3315 1775 1774 
20687 3734 3591 3314 3315 
20688 3693 2013 3870 2193 
20689 2641 2643 4048 4021 
20690 3688 3690 2193 3182 
20691 2193 3314 3734 3591 
20692 3481 734 1916 827 
20693 3314 3040 3315 3591 
20694 3314 2373 3040 3591 
20695 791 3481 824 858 
20696 3734 3819 3315 862 
20697 3314 791 824 862 
20698 3314 800 791 862 
20699 3314 3315 800 862 
20700 3314 800 680 791 
20701 2373 791 680 790 
20702 2781 699 3243 673 
20703 2373 673 790 680 
20704 3315 3040 3037 3591 
20705 2191 4021 3870 2193 
20706 3734 824 586 862 
20707 3387 3512 670 656 
20708 784 3314 680 2373 
20709 3481 3183 3182 3690 
20710 3420 3040 3037 3039 
20711 3315 3038 3037 3040 
20712 3315 688 783 731 
20713 3315 688 731 730 
20714 1773 582 729 730 
20715 3315 783 800 731 
20716 3420 3421 2083 1839 
20717 2077 1773 1775 1776 
20718 2776 689 2891 778 
20719 3494 685 2776 684 
20720 3561 3629 3585 2083 
20721 3561 1915 3629 2083 
20722 3724 3039 3420 3562 
20723 2191 2193 3591 2194 
20724 3315 837 731 862 
20725 3715 3598 3040 3795 
20726 3715 3040 3598 3422 
20727 3040 3591 3598 3422 
20728 3420 3037 3040 2194 
20729 3420 3422 2192 3591 
20730 3387 656 2373 3795 
20731 3315 731 800 862 
20732 3494 688 686 684 
20733 3494 3050 3037 3039 
20734 3724 3038 3715 3422 
20735 3420 3040 3422 3591 
20736 3050 3561 686 776 
20737 2076 2849 1765 3031 
20738 3040 3795 784 783 
20739 3795 651 642 649 
20740 3795 784 651 649 
20741 3795 642 635 649 
20742 3795 642 3580 635 
20743 2567 778 2892 793 
20744 2781 2782 3408 732 
20745 3512 650 794 670 
20746 3816 2768 2418 2417 
20747 3715 2768 2417 3809 
20748 3242 3243 2929 3409 
20749 3512 3241 3715 3795 
20750 3795 783 651 784 
20751 3241 2926 2928 2929 
20752 3241 2928 2926 3809 
20753 3512 635 650 649 
20754 3242 3505 2192 1884 
20755 3505 2929 3241 2928 
20756 3242 2193 2192 3591 
20757 3505 3241 3809 2928 
20758 2373 656 680 784 
20759 2776 3561 3724 2891 
20760 3118 2376 3654 3856 
20761 3422 2591 3809 3912 
20762 2591 3421 2592 2594 
20763 2374 2615 3240 2616 
20764 2591 2615 2592 3421 
20765 2929 3387 2460 2781 
20766 2591 3279 2854 3912 
20767 2594 2591 3279 2593 
20768 2615 3809 3240 2928 
20769 3050 776 686 729 
20770 3494 783 3037 688 
20771 1838 3421 2594 1837 
20772 2377 2376 3240 3679 
20773 2377 3679 3117 2376 
20774 2377 3240 2922 3679 
20775 2374 2005 3916 2008 
20776 2375 2593 2591 3022 
20777 2377 2922 3117 3679 
20778 2377 3117 2922 3698 
20779 3513 647 694 795 
20780 3513 795 633 647 
20781 2460 696 694 695 
20782 2460 3387 670 2781 
20783 3512 794 650 795 
20784 3816 647 2161 3513 
20785 3816 2418 2416 2417 
20786 3513 635 633 795 
20787 2418 2770 2915 2853 
20788 2418 3238 1999 3827 
20789 2416 627 2915 768 
20790 3816 3513 633 647 
20791 2416 2418 2915 3238 
20792 2418 2853 3827 2854 
20793 3085 2854 3280 3827 
20794 3085 2448 3175 3174 
20795 2459 2926 2460 2929 
20796 3816 2418 2768 2769 
20797 2459 879 2461 3645 
20798 2768 3241 2926 3809 
20799 2768 2922 2161 2920 
20800 3715 2417 3912 3809 
20801 2416 1999 2418 3238 
20802 3816 648 2595 2769 
20803 1999 3827 3238 3237 
20804 1773 3037 3315 730 
20805 2776 689 778 685 
20806 811 2892 632 625 
20807 2595 2915 2418 2770 
20808 2892 3237 1999 625 
20809 2567 3992 3580 1999 
20810 3724 3421 3422 3912 
20811 3724 2737 3912 3827 
20812 3238 3175 2448 621 
20813 3238 621 2448 624 
20814 3238 2448 2915 624 
20815 3238 3237 3175 622 
20816 3238 3175 621 622 
20817 3238 623 621 624 
20818 3460 2311 3076 3029 
20819 2790 2791 3076 3460 
20820 3460 3966 2791 3076 
20821 3460 2357 2678 3029 
20822 3460 2678 2311 3029 
20823 3460 3076 2790 3029 
20824 3460 2790 2357 3029 
20825 3460 2357 2790 2789 
20826 2790 2791 3460 2789 
20827 1786 2313 3136 2026 
20828 1786 2311 2678 2313 
20829 1786 2357 1787 2678 
20830 1786 2678 1787 2143 
20831 1786 1787 2026 2143 
20832 1786 2313 2678 3136 
20833 469 2026 2313 1786 
20834 1786 2026 1787 376 
20835 1786 2322 2311 2313 
20836 2029 2028 2314 2030 
20837 2027 2028 2314 3274 
20838 2027 3913 3892 3275 
20839 2789 2027 2714 2790 
20840 2027 2714 2790 3208 
20841 2029 347 2028 2789 
20842 2213 425 481 549 
20843 2791 3274 2624 2028 
20844 2027 3754 3443 2512 
20845 2027 2029 2028 2789 
20846 2791 2028 3664 2789 
20847 2624 3966 2554 3276 
20848 3460 2311 3075 3076 
20849 3387 3512 656 3795 
20850 2624 3134 2028 2627 
20851 2624 2028 3274 2627 
20852 2791 3076 3966 3275 
20853 2624 3664 3134 2554 
20854 2624 3134 3664 2028 
20855 1964 1962 2624 3276 
20856 3460 2311 3200 2322 
20857 1961 2749 463 471 
20858 1962 2626 1963 1964 
20859 1962 2749 2473 1964 
20860 1962 3276 3081 2625 
20861 3425 3829 3320 566 
20862 3425 472 488 566 
20863 3425 275 472 566 
20864 3425 3320 275 566 
20865 3425 275 3320 472 
20866 3425 3320 2894 472 
20867 3425 2894 2749 472 
20868 3425 2749 2894 3320 
20869 3080 1962 3425 2749 
20870 2459 2926 2461 2460 
20871 2895 3080 2473 2239 
20872 3082 2625 3081 3274 
20873 3890 3081 3082 2413 
20874 3082 2413 3695 3694 
20875 3082 3695 2413 3081 
20876 3080 3276 1962 2473 
20877 2511 3082 2627 3694 
20878 1973 2030 2314 2511 
20879 1973 571 3104 2511 
20880 2029 371 364 347 
20881 2314 2627 2028 480 
20882 2314 3274 2028 2627 
20883 2314 473 480 389 
20884 1973 569 423 424 
20885 2314 2511 3694 473 
20886 2314 480 361 389 
20887 2029 347 364 361 
20888 2314 480 2028 361 
20889 3104 521 3103 3735 
20890 3104 521 67 286 
20891 3104 521 3735 67 
20892 3104 521 286 569 
20893 3104 3103 521 569 
20894 2414 2590 3097 3622 
20895 2414 3899 2413 3891 
20896 2414 2413 3899 69 
20897 2414 3097 70 69 
20898 3890 3023 2237 3892 
20899 3104 286 516 571 
20900 3104 67 1864 68 
20901 2414 2415 70 3098 
20902 2472 3817 2652 3622 
20903 3104 516 2511 571 
20904 3899 69 516 68 
20905 3899 3694 2511 516 
20906 3899 3694 2413 2511 
20907 3104 1864 3899 68 
20908 3890 2237 3023 3081 
20909 2412 2237 2413 2240 
20910 3890 3082 2511 3694 
20911 3890 3913 3023 3892 
20912 70 2414 69 2413 
20913 2412 2414 3858 2590 
20914 2237 3081 2239 3024 
20915 2459 3645 2461 2926 
20916 2237 2240 2239 3081 
20917 3997 2654 3245 3817 
20918 3890 2512 3913 3892 
20919 2237 3891 3892 3960 
20920 2237 3024 3023 3081 
20921 3890 3913 2512 2511 
20922 4006 2237 3024 3023 
20923 3997 3245 3001 3817 
20924 2239 2240 2238 3617 
20925 2239 3081 2473 3024 
20926 3769 3617 2239 2238 
20927 2473 3769 3617 2239 
20928 3769 3024 2239 2473 
20929 2239 2240 3617 3320 
20930 2412 3858 3891 2590 
20931 3997 2913 3904 3652 
20932 71 70 3098 928 
20933 71 70 2415 3098 
20934 2415 3098 3961 71 
20935 1973 390 423 389 
20936 2412 2415 2414 3098 
20937 3080 3695 3081 2240 
20938 2415 3961 3829 71 
20939 2001 3097 2412 2590 
20940 2415 3829 3695 71 
20941 2415 2240 3829 3961 
20942 2414 69 3899 68 
20943 2414 1864 3622 68 
20944 2413 2237 3081 2240 
20945 3899 2413 284 69 
20946 3829 489 576 566 
20947 3080 3276 2473 3081 
20948 3082 419 2627 3694 
20949 2893 3829 3320 2240 
20950 3829 566 576 275 
20951 3829 3320 566 275 
20952 3425 472 2749 388 
20953 3082 570 489 409 
20954 3997 3651 2654 2913 
20955 3082 3694 570 409 
20956 409 3425 489 3082 
20957 3829 72 3320 275 
20958 3961 2240 1950 1949 
20959 3630 2961 4037 3290 
20960 71 72 3670 3961 
20961 71 72 929 3670 
20962 3670 1899 3098 2216 
20963 1949 3670 3098 2216 
20964 3670 71 135 929 
20965 2415 2240 3961 1949 
20966 3670 2788 1899 2216 
20967 3670 1851 2788 2216 
20968 2363 2927 3240 2928 
20969 2365 2362 3711 1823 
20970 2365 1823 3671 2362 
20971 2365 3712 3586 2502 
20972 2365 1823 3712 2502 
20973 3671 137 1823 2787 
20974 3671 2787 1851 137 
20975 3671 1851 2787 2788 
20976 3630 2962 4047 3632 
20977 3961 3617 1950 2240 
20978 3670 135 2362 136 
20979 2365 2788 3671 2502 
20980 134 2362 2364 1899 
20981 134 3645 2364 2362 
20982 2365 3586 1899 2788 
20983 2365 1899 3671 2788 
20984 2362 135 134 859 
20985 134 3645 2362 859 
20986 2921 3711 1823 1904 
20987 2161 694 3513 647 
20988 1952 885 875 584 
20989 1952 584 875 781 
20990 1952 1822 1823 584 
20991 2921 1952 1822 1823 
20992 2768 3809 2926 2922 
20993 3816 634 2595 648 
20994 2595 710 657 792 
20995 2460 3513 694 795 
20996 2373 3040 3795 784 
20997 3505 2581 2192 1884 
20998 3816 2769 2161 671 
20999 3505 3241 3422 3809 
21000 3630 4047 3290 3632 
21001 2461 797 2161 1952 
21002 3816 2416 633 3580 
21003 3494 3037 3050 688 
21004 2926 2928 2922 3809 
21005 2459 2782 2658 2929 
21006 1952 1822 882 781 
21007 1952 882 1822 584 
21008 2161 694 647 671 
21009 2461 1952 2161 3711 
21010 3630 3752 3631 4037 
21011 2922 3679 3240 3712 
21012 2363 2927 3711 3645 
21013 3727 3916 3728 3483 
21014 1898 3930 2218 2463 
21015 1898 3483 1906 1909 
21016 3270 3184 3904 3652 
21017 3270 3904 3184 3272 
21018 3270 3904 1885 3652 
21019 3270 3728 1885 3904 
21020 1898 3727 3483 2462 
21021 3240 1883 3728 2616 
21022 1828 2635 3747 2446 
21023 2567 793 2892 1999 
21024 2375 3856 3022 2376 
21025 3925 3586 4003 3321 
21026 2592 3901 3004 3855 
21027 1883 1884 1886 2616 
21028 1883 1886 3728 2616 
21029 3270 1884 1883 3409 
21030 3270 2927 3409 2928 
21031 2375 2854 2591 3279 
21032 2927 3272 2658 1901 
21033 3671 2787 1823 2502 
21034 2459 879 593 883 
21035 3727 2927 3270 3240 
21036 3505 3422 2615 3809 
21037 2927 2928 2929 3409 
21038 2364 2363 2927 1901 
21039 718 2459 728 879 
21040 2363 2922 3711 2928 
21041 695 2460 2461 2161 
21042 2362 1823 1952 3711 
21043 2776 3561 689 685 
21044 2461 859 2362 3645 
21045 2459 879 883 728 
21046 2461 718 798 879 
21047 3494 686 685 684 
21048 2814 3630 2813 2451 
21049 2658 2929 2782 3408 
21050 2927 3408 3184 3409 
21051 3645 2364 2658 593 
21052 3408 2927 3184 3272 
21053 1952 2942 1822 781 
21054 593 2459 2658 3645 
21055 3408 2927 3272 2658 
21056 2161 2769 2920 802 
21057 2782 880 782 883 
21058 2459 728 696 718 
21059 880 2658 883 2782 
21060 3244 3245 3001 3272 
21061 2782 732 782 880 
21062 2782 3408 732 880 
21063 782 2781 732 2782 
21064 2364 133 593 134 
21065 3645 2364 593 134 
21066 3671 2788 2787 2502 
21067 134 2362 1899 135 
21068 2364 1901 3001 1899 
21069 2927 2658 3645 2364 
21070 2472 3097 927 134 
21071 2451 3951 3752 4045 
21072 2459 879 3645 593 
21073 3997 3818 3001 3002 
21074 3001 3002 1901 3272 
21075 3997 3818 2912 3817 
21076 3997 3904 2913 3002 
21077 3997 3817 3001 3818 
21078 3997 2912 3818 2913 
21079 3244 2364 2658 1901 
21080 2899 871 129 6 
21081 3651 4045 2910 2963 
21082 2899 2654 3651 2910 
21083 2899 129 2910 6 
21084 2899 2910 129 2654 
21085 3651 3896 3245 2654 
21086 3651 2910 2654 2913 
21087 3651 3185 3184 3896 
21088 3505 3591 2192 3422 
21089 2373 3795 3040 3598 
21090 2461 3711 2362 1952 
21091 3314 800 3040 784 
21092 3481 594 734 827 
21093 3243 3408 2929 3409 
21094 3734 3819 586 85 
21095 3481 791 3314 2373 
21096 3243 732 3408 733 
21097 2451 2813 2810 6 
21098 3182 3183 3193 3690 
21099 3182 3193 3185 3690 
21100 3182 3183 3185 3193 
21101 3688 3182 2192 1884 
21102 3182 1884 3185 3409 
21103 3651 3653 2963 2913 
21104 3184 3896 3408 3245 
21105 1952 798 875 885 
21106 3997 3272 3184 3904 
21107 3270 3185 3184 3652 
21108 3997 2913 3818 3002 
21109 3727 3904 3270 3272 
21110 3270 1884 3185 1885 
21111 3270 3240 1883 3728 
21112 3185 4049 3681 3652 
21113 3185 1885 4049 3652 
21114 3185 4049 1885 1884 
21115 3270 3409 1883 2928 
21116 1885 3653 4049 3652 
21117 3185 2643 4049 1884 
21118 3270 1885 3185 3652 
21119 3904 3002 1906 2913 
21120 1885 4049 3394 1886 
21121 3727 3270 2927 3272 
21122 1898 1906 3002 1909 
21123 3727 3728 3270 3904 
21124 1885 3653 1906 3394 
21125 3270 2927 3184 3409 
21126 4049 3394 1886 3572 
21127 3651 3653 4049 2963 
21128 1916 82 83 827 
21129 1916 3690 3193 3183 
21130 1916 605 82 827 
21131 1916 83 594 827 
21132 2546 1879 902 84 
21133 1879 82 1916 2939 
21134 4002 3689 2012 2643 
21135 3631 3572 3568 4011 
21136 2453 4002 2012 3355 
21137 3185 3690 3193 3689 
21138 2453 2012 4002 3689 
21139 3185 3681 4049 2643 
21140 3681 3193 4045 3951 
21141 3651 3185 3896 3193 
21142 3688 2193 4021 2192 
21143 3651 3652 3184 3185 
21144 4045 3193 2939 3951 
21145 2899 81 3193 871 
21146 2910 2963 2962 2911 
21147 2899 3193 3896 851 
21148 3651 3652 3185 3681 
21149 2910 129 2654 2653 
21150 2910 2653 3506 6 
21151 2910 2962 3506 2653 
21152 2910 2911 2962 2653 
21153 3934 3983 3753 3569 
21154 2645 2453 2454 2012 
21155 3752 3951 3681 4045 
21156 3630 2961 2962 2963 
21157 2814 2454 2939 2644 
21158 6 81 899 2810 
21159 4048 2643 4002 2012 
21160 3526 2810 2814 3838 
21161 2899 3651 2654 3896 
21162 3630 2963 4045 4037 
21163 2813 3506 2 6 
21164 2813 3838 3982 3632 
21165 3526 3610 3611 3838 
21166 2910 129 933 6 
21167 2812 2 1866 3751 
21168 2813 3982 3507 3632 
21169 2812 2813 3506 2 
21170 2451 2454 3752 3951 
21171 4047 3506 3507 3632 
21172 2813 3508 3506 3982 
21173 2813 3507 3506 3632 
21174 3651 2963 2910 2913 
21175 1864 3735 66 67 
21176 3858 1864 2414 3899 
21177 3104 3899 516 68 
21178 3858 2414 3622 2590 
21179 2472 926 2414 68 
21180 2652 130 3817 935 
21181 2652 130 2654 3817 
21182 2652 3817 2654 2912 
21183 2652 131 67 935 
21184 2652 3817 131 935 
21185 3998 3371 3754 2211 
21186 3998 3754 3103 2211 
21187 3998 2211 3103 546 
21188 3998 518 546 425 
21189 3998 425 285 518 
21190 3998 3837 2211 518 
21191 3998 2211 3837 3371 
21192 3998 3754 3371 2030 
21193 3998 3103 3754 2030 
21194 3242 2192 2193 3182 
21195 2939 3951 3689 2454 
21196 3631 3752 3572 4037 
21197 1916 3951 2939 3193 
21198 3630 2451 2962 3506 
21199 6 81 2810 2451 
21200 3371 3754 2211 3999 
21201 3998 3837 518 285 
21202 3194 3208 3468 2208 
21203 3837 18 518 19 
21204 3837 518 285 19 
21205 2213 390 2029 481 
21206 2212 2632 3837 19 
21207 2212 3371 3837 3782 
21208 2212 3256 21 3194 
21209 3371 3754 3999 3782 
21210 2632 3784 3782 2633 
21211 3783 3782 3784 2633 
21212 3256 3199 3255 21 
21213 3199 2832 3108 2355 
21214 3103 424 521 569 
21215 3103 424 546 521 
21216 3103 3735 521 542 
21217 3103 2211 3735 542 
21218 3103 3994 3735 2211 
21219 3103 3735 3994 2512 
21220 3541 3783 3444 3915 
21221 1973 2512 3104 3103 
21222 3999 3994 2211 3751 
21223 3890 2512 3899 2511 
21224 3104 3735 3899 1864 
21225 3994 3735 1871 2512 
21226 1871 1872 3445 1873 
21227 3445 3444 3542 2550 
21228 3890 2511 3082 3081 
21229 1871 1865 3609 1874 
21230 1871 3446 3609 1865 
21231 3609 1874 1865 3978 
21232 3443 3444 3467 3742 
21233 3994 3735 2211 3751 
21234 3443 3445 3444 3742 
21235 3609 1865 3508 3978 
21236 3609 3978 3982 3672 
21237 3508 3751 1866 1865 
21238 3508 3611 3751 1865 
21239 3508 1865 1866 3978 
21240 2812 2 3506 1866 
21241 3609 3610 3982 3611 
21242 3508 3507 3982 3978 
21243 3982 3507 3905 3978 
21244 3982 3905 3672 3978 
21245 3982 3838 3611 3610 
21246 3506 933 2 6 
21247 3982 3672 3905 3455 
21248 3982 3905 3507 3455 
21249 3982 3455 2361 3672 
21250 3994 3446 1871 1865 
21251 2630 3782 3999 2633 
21252 3611 3610 3783 3446 
21253 2452 3838 3526 2814 
21254 2630 19 2547 901 
21255 3999 3754 3994 3446 
21256 3508 3507 3978 3509 
21257 3609 3446 3611 1865 
21258 3526 3838 3611 4044 
21259 3905 3490 2358 2359 
21260 3905 3672 3823 2359 
21261 2961 3394 4037 3291 
21262 3651 4045 3681 3193 
21263 2899 4045 81 6 
21264 2962 2653 2911 3509 
21265 4049 2643 1886 1884 
21266 3630 2451 2910 2962 
21267 3630 3632 3506 2962 
21268 3905 3507 3509 3978 
21269 3507 3983 3801 3632 
21270 3507 3801 3983 3455 
21271 1872 3905 3978 3672 
21272 3982 3983 3610 3455 
21273 1885 2778 3394 1906 
21274 3653 2963 3612 3394 
21275 3997 3651 2913 3652 
21276 3651 2963 4049 3681 
21277 1885 1884 4049 1886 
21278 3003 1837 1839 2182 
21279 3612 2911 2913 1909 
21280 3612 2913 2911 2963 
21281 3612 1906 1909 2913 
21282 3612 1909 1908 2649 
21283 3612 1908 3395 2649 
21284 3612 3864 2911 1909 
21285 3864 2961 2650 2649 
21286 3612 3395 2340 2649 
21287 3612 2649 3864 1909 
21288 3864 3612 2911 2961 
21289 2451 2814 2810 2813 
21290 3768 3770 2979 3771 
21291 3768 3770 3769 3231 
21292 2238 1949 2240 3960 
21293 3768 2000 2979 2003 
21294 2000 2590 2001 3960 
21295 2000 4050 2590 3960 
21296 2000 2979 2982 3491 
21297 2000 2979 2003 2982 
21298 3768 3024 2237 2239 
21299 81 2451 6 4045 
21300 2002 2000 2982 2219 
21301 2000 2219 2001 2589 
21302 3231 1951 2217 3233 
21303 3541 1872 3672 3823 
21304 3541 3542 1873 3824 
21305 2000 3789 2979 3491 
21306 3609 3982 3610 3672 
21307 4050 3891 1873 1874 
21308 3818 3930 3002 2913 
21309 2961 3612 2963 3394 
21310 3818 3930 1900 3002 
21311 2451 4045 2910 6 
21312 2472 3097 2414 69 
21313 3818 2589 3930 3540 
21314 1900 2216 1899 2218 
21315 1900 2216 3098 1899 
21316 1900 3098 3097 1899 
21317 1898 3904 3727 3272 
21318 3001 1899 1900 3097 
21319 3630 2910 2451 4045 
21320 3469 3540 3470 2219 
21321 3469 2948 2219 3470 
21322 3469 3490 3489 2987 
21323 3469 3540 2649 3470 
21324 3469 3540 3490 2649 
21325 1687 3469 3470 2948 
21326 3469 3026 3489 2982 
21327 3469 3489 3491 2982 
21328 3454 2009 2482 3297 
21329 3454 3996 2358 3455 
21330 3454 2358 2009 3297 
21331 3454 2009 2358 3996 
21332 3454 2482 2009 3198 
21333 3454 2009 3996 3198 
21334 3905 3864 3509 3801 
21335 3905 3539 3864 3490 
21336 3983 3632 3838 3753 
21337 3454 3456 3983 3455 
21338 3983 3632 3290 3801 
21339 3454 3297 2482 2360 
21340 3996 3290 2343 2340 
21341 4047 2340 3801 2650 
21342 4047 2650 3801 3864 
21343 3630 2813 2451 3506 
21344 2812 3611 3982 3838 
21345 4011 4037 3572 3291 
21346 4011 2004 2343 3291 
21347 3630 4045 2451 3752 
21348 2961 3395 3612 3394 
21349 3290 4011 2343 3291 
21350 2911 3818 3930 3540 
21351 3631 3983 3753 3632 
21352 3917 2337 3984 4011 
21353 2360 3454 3297 2358 
21354 2361 3845 2360 3836 
21355 2361 3456 3845 3836 
21356 2361 3456 3610 3845 
21357 2361 3455 3610 3456 
21358 2361 2360 3915 3672 
21359 2361 3915 3845 3672 
21360 2361 2360 3845 3915 
21361 3273 2215 3718 3894 
21362 3273 2479 3133 2549 
21363 3273 2360 2215 3894 
21364 3273 3718 2101 3894 
21365 3273 3718 2215 1595 
21366 3273 2549 2101 2479 
21367 3273 3894 2101 2549 
21368 3133 1158 2353 2479 
21369 3133 2480 2481 1119 
21370 3133 2353 2549 2479 
21371 3133 2353 2481 2549 
21372 3133 2481 2353 1095 
21373 3273 1632 3133 2479 
21374 3273 1595 2215 1667 
21375 3133 2481 2480 2360 
21376 3133 1051 1155 1158 
21377 2605 3595 2992 3836 
21378 2605 2607 3595 3836 
21379 2605 3836 2992 1071 
21380 1067 2605 2992 1071 
21381 2605 2606 2992 3595 
21382 2605 2172 2170 2606 
21383 2605 3595 2607 2606 
21384 3593 3610 3783 2633 
21385 3526 3611 2633 4044 
21386 3593 2633 3783 3784 
21387 3593 3845 3783 3610 
21388 3593 2633 3594 3830 
21389 2605 1068 1072 1071 
21390 2607 2611 3702 2609 
21391 2607 2172 2609 2549 
21392 2607 2609 3702 2549 
21393 2605 1067 2992 2606 
21394 2607 3595 3414 2606 
21395 2607 2172 2608 2609 
21396 2605 2170 1068 1064 
21397 2607 3414 2608 3938 
21398 2607 3702 3836 2549 
21399 2607 2609 2608 2611 
21400 2607 3836 2481 2549 
21401 3414 3228 3594 3784 
21402 3414 2611 3468 3784 
21403 2207 3950 3284 2210 
21404 3145 2018 2021 2019 
21405 3145 2018 2608 2021 
21406 3145 3806 2608 2526 
21407 2207 2209 2019 2210 
21408 3145 3806 2019 2021 
21409 3145 2608 3806 2021 
21410 2608 3806 2171 3938 
21411 2608 2172 3938 2171 
21412 3414 3625 2994 3367 
21413 3414 3625 3367 3228 
21414 2608 2526 3806 3938 
21415 2354 2353 1151 1008 
21416 2354 2352 3105 1953 
21417 2354 1008 960 1011 
21418 2354 1011 973 1008 
21419 2354 973 2353 1008 
21420 2099 2672 2106 2100 
21421 2099 2104 2103 2106 
21422 2099 2693 2106 2672 
21423 2099 2104 2106 2693 
21424 2099 961 987 1026 
21425 2099 2672 961 1026 
21426 2099 1026 987 1003 
21427 2099 2104 1026 1003 
21428 2099 2672 1026 2513 
21429 2099 2672 2100 1007 
21430 3880 2108 2716 2107 
21431 3880 2716 2715 2718 
21432 3880 3542 4006 2718 
21433 3880 2716 3515 2107 
21434 3516 3880 2718 2716 
21435 3516 3880 3025 4006 
21436 2548 2550 3894 3426 
21437 2548 3894 2101 3426 
21438 2548 2108 3542 3426 
21439 2548 3542 2550 3426 
21440 3630 2910 4045 2963 
21441 2548 3894 2550 2549 
21442 3188 2550 3742 2551 
21443 3188 3742 3937 2551 
21444 3188 2715 3937 3742 
21445 3188 2108 2551 3335 
21446 3188 2715 2108 3335 
21447 2715 3188 3880 2718 
21448 3318 3966 3075 2717 
21449 3318 3516 2717 3517 
21450 3318 2717 3516 3966 
21451 3318 3831 3516 3517 
21452 3318 2717 2902 3517 
21453 3318 2902 2886 3517 
21454 3318 2886 2902 2717 
21455 3318 2886 2717 3319 
21456 3075 2717 2311 3319 
21457 3075 3376 2886 3815 
21458 3075 2886 3319 3815 
21459 3075 2311 3028 3319 
21460 3075 3028 3815 3319 
21461 3318 3516 3831 3276 
21462 3318 2886 3075 3376 
21463 2790 3076 3937 3384 
21464 2790 3208 3937 3076 
21465 2209 2208 3468 3208 
21466 2209 2018 2610 3384 
21467 2209 2355 2790 2678 
21468 2790 3029 3076 3384 
21469 3460 2789 2838 2357 
21470 2610 3523 2637 3412 
21471 2610 3384 2018 3937 
21472 2610 3384 2715 3412 
21473 2207 3165 3950 2019 
21474 2610 2021 2018 2020 
21475 2610 3384 3937 2715 
21476 2018 3937 3468 2611 
21477 2207 2018 2209 2208 
21478 2790 2678 2355 2357 
21479 2610 3523 2609 2173 
21480 2610 3412 3335 3523 
21481 3188 3335 2610 2715 
21482 2212 20 2632 19 
21483 3593 3595 2607 3845 
21484 3414 3228 3367 3594 
21485 3468 2611 3467 3784 
21486 3468 2611 3937 3467 
21487 3145 3285 3228 2208 
21488 2712 2357 2355 2356 
21489 3466 2632 3784 3782 
21490 3630 3753 2814 3632 
21491 3445 3444 3742 3542 
21492 3937 3702 3467 2611 
21493 3702 3937 3742 2551 
21494 3188 3542 3742 2550 
21495 3937 3076 2715 3384 
21496 3937 3742 2715 3076 
21497 3467 3784 3783 3446 
21498 3444 3783 3467 3702 
21499 3999 2633 3782 3611 
21500 3468 3467 3937 3208 
21501 2610 3937 2018 2611 
21502 3217 3255 1764 3266 
21503 2610 3412 2715 3335 
21504 3199 2355 3194 2208 
21505 3444 3937 3467 3742 
21506 3782 3467 3446 3784 
21507 3593 2611 3414 3784 
21508 3593 3414 2607 3595 
21509 3783 3915 3845 3702 
21510 3444 3915 3702 2550 
21511 3541 3672 3609 3446 
21512 3444 3702 3937 3742 
21513 3892 3542 3742 3275 
21514 3445 3742 3892 3542 
21515 4006 3025 3024 3771 
21516 3880 3188 3542 2718 
21517 3768 2000 3960 1873 
21518 2106 3789 3880 3426 
21519 3880 3771 2691 3515 
21520 4006 3025 3023 3024 
21521 3880 2106 2108 2107 
21522 17 2630 3999 2810 
21523 4006 3275 3023 2718 
21524 3443 3445 1871 3446 
21525 3023 3516 2718 3275 
21526 2630 2644 2547 2631 
21527 3880 3426 3542 2108 
21528 3880 3025 4006 3771 
21529 4006 3742 3542 3275 
21530 4006 3023 3516 2718 
21531 3892 4006 3542 3275 
21532 3541 3609 1872 3445 
21533 2979 2670 3770 2003 
21534 2979 2981 2670 2003 
21535 2979 2670 3381 3770 
21536 2237 3768 4006 3024 
21537 2238 2237 2239 3768 
21538 3768 2238 3769 2239 
21539 3789 3824 2673 2980 
21540 2181 1920 1918 2190 
21541 2181 3330 3901 2184 
21542 2181 3902 3901 3330 
21543 2181 3902 3330 3331 
21544 3642 2747 3901 2864 
21545 2181 2706 1920 2190 
21546 2181 1920 2706 3331 
21547 2181 2190 2747 2706 
21548 2181 2706 2747 3331 
21549 3579 3578 2484 1918 
21550 1919 3578 3792 3007 
21551 3578 1918 1919 2484 
21552 3578 3601 3600 3792 
21553 1891 2925 2924 2371 
21554 2295 3600 2297 2484 
21555 3578 3792 3600 1919 
21556 1919 3578 3007 1918 
21557 1828 1915 3629 3139 
21558 4017 3908 3991 2612 
21559 1837 3004 2592 3901 
21560 3421 2592 2594 1837 
21561 1837 2182 3901 2184 
21562 3003 4048 2455 3392 
21563 1837 2182 3004 3901 
21564 1837 3901 2592 2594 
21565 3642 3902 2181 3331 
21566 3642 2747 2181 3901 
21567 3642 3901 2181 3902 
21568 3642 2181 2747 3331 
21569 2744 3642 1869 2629 
21570 3642 2747 1869 2629 
21571 3699 3642 3902 3547 
21572 1832 1922 2245 3977 
21573 1832 3977 2245 1834 
21574 1832 3589 1923 1922 
21575 1832 2246 3948 1834 
21576 1832 1922 3977 3589 
21577 2837 3164 3116 3556 
21578 2837 3116 2223 3556 
21579 2837 3164 2226 3165 
21580 2837 3164 3556 2226 
21581 2837 3556 2223 2226 
21582 2185 3531 2186 2188 
21583 2185 3596 3531 2188 
21584 2185 1833 2188 2224 
21585 2185 2175 3559 3146 
21586 2185 3146 3559 2224 
21587 3440 3404 3956 2187 
21588 3404 3956 3406 2242 
21589 3404 2242 3406 3405 
21590 2140 2141 2302 2305 
21591 3713 2020 3405 2019 
21592 3713 3530 3068 2304 
21593 3404 3165 3956 2187 
21594 3404 3165 3406 3956 
21595 3713 2636 3068 2977 
21596 3440 2187 3956 2225 
21597 2140 3404 2304 3714 
21598 3440 2175 3146 29 
21599 3440 2305 2175 29 
21600 3440 2305 2185 2175 
21601 3440 2175 2185 3146 
21602 2220 2225 2837 2223 
21603 2220 2427 2223 2428 
21604 2220 3385 2429 2222 
21605 2220 2222 2221 90 
21606 2220 3385 2222 90 
21607 3191 3649 2350 92 
21608 1887 3628 4017 1889 
21609 1830 3860 1831 1829 
21610 1830 3860 1829 3861 
21611 1830 1837 3861 1839 
21612 1838 1837 2184 1830 
21613 1828 2082 2634 1831 
21614 1830 2184 3860 3861 
21615 1830 3861 1837 2184 
21616 4017 1889 3567 2612 
21617 4017 3991 2184 2612 
21618 2082 1830 4017 1831 
21619 1828 3585 2077 2446 
21620 2082 1915 1882 2083 
21621 3721 675 3722 815 
21622 2082 1831 4017 3628 
21623 3361 599 735 738 
21624 3747 715 832 860 
21625 2821 3557 2819 2647 
21626 2635 777 591 738 
21627 3361 864 2350 2647 
21628 3629 715 776 857 
21629 3361 864 2647 738 
21630 3361 3362 2819 1831 
21631 1828 3139 3629 3747 
21632 2635 2446 2350 832 
21633 1828 1831 2635 1829 
21634 2754 2755 2757 3988 
21635 2635 832 2350 591 
21636 2635 860 832 591 
21637 3629 3646 715 857 
21638 2635 591 777 860 
21639 3629 3646 3747 715 
21640 3747 777 711 860 
21641 3139 713 692 712 
21642 3139 692 1915 691 
21643 3139 692 691 711 
21644 2634 3628 1913 3362 
21645 3139 711 777 712 
21646 3139 712 692 711 
21647 1773 88 582 861 
21648 3747 715 860 711 
21649 1828 3629 1915 2083 
21650 1828 3747 2634 3139 
21651 3050 3585 3561 3629 
21652 582 3050 729 857 
21653 2634 2082 1913 3628 
21654 3646 2447 3585 2446 
21655 3646 2447 2446 828 
21656 3646 828 715 857 
21657 3646 89 2447 828 
21658 3646 582 89 828 
21659 2630 3999 3837 18 
21660 582 3050 857 3646 
21661 3646 582 828 857 
21662 2776 2567 683 778 
21663 3629 691 690 687 
21664 3629 691 3139 1915 
21665 1828 2634 2635 1831 
21666 3629 715 691 776 
21667 3629 776 691 687 
21668 3494 3039 2776 3561 
21669 3561 685 686 687 
21670 3561 689 1915 2891 
21671 3561 1915 689 690 
21672 3561 689 687 690 
21673 3561 689 685 687 
21674 3562 1915 1784 2739 
21675 1781 2584 2738 1798 
21676 2630 2631 2547 19 
21677 2736 2892 3724 2891 
21678 3724 3561 3039 3562 
21679 3450 1881 1889 3628 
21680 2445 1914 753 693 
21681 2630 4044 2810 2644 
21682 3449 714 2450 1913 
21683 1914 1784 1882 1915 
21684 1914 814 812 713 
21685 1913 3139 1914 1915 
21686 1913 2082 3139 1915 
21687 2450 611 752 636 
21688 3449 714 759 743 
21689 2450 759 636 743 
21690 2450 1882 1914 1784 
21691 2450 1882 1913 1914 
21692 2450 752 814 743 
21693 2450 636 752 743 
21694 1881 1882 1889 3628 
21695 3450 3628 1913 1881 
21696 2820 3567 3448 3785 
21697 2754 3911 3386 2756 
21698 1881 1880 1889 1882 
21699 1880 3450 1889 3849 
21700 759 3450 2450 636 
21701 3450 636 3386 1881 
21702 1872 1874 3609 3978 
21703 3450 1889 3567 3628 
21704 3449 714 717 759 
21705 3449 717 3362 736 
21706 3449 717 736 737 
21707 759 3450 737 3449 
21708 3449 759 717 737 
21709 1838 2737 3421 3562 
21710 1838 3421 1837 1839 
21711 1838 2083 3421 1839 
21712 1838 1830 2082 2083 
21713 2184 1887 2594 1838 
21714 1838 2083 1882 3562 
21715 1781 3461 1797 1782 
21716 1838 2083 2082 1882 
21717 2613 1887 3007 2612 
21718 2584 3279 1838 2737 
21719 2584 1838 3279 2585 
21720 1798 4016 3462 3084 
21721 1887 2585 1888 3007 
21722 3174 4016 1798 3084 
21723 2584 2737 3280 3279 
21724 1888 3007 3006 2613 
21725 1888 3006 3007 2585 
21726 1888 3006 2584 3461 
21727 1888 2584 3006 2585 
21728 1887 4017 2082 1830 
21729 1872 3905 3539 3978 
21730 1798 3813 3461 3659 
21731 3565 3910 2505 3790 
21732 1798 3175 3084 3280 
21733 1782 2584 3461 1882 
21734 1798 3659 3280 3084 
21735 1782 1784 2450 3316 
21736 3463 3461 3464 3911 
21737 1781 1799 1783 1797 
21738 1783 630 752 613 
21739 1783 1797 1799 616 
21740 3565 612 700 744 
21741 3386 609 742 607 
21742 3721 746 2504 745 
21743 1781 2584 1798 3461 
21744 3911 1880 1782 3461 
21745 3911 2755 1880 3461 
21746 3174 626 3602 620 
21747 2505 818 817 748 
21748 1797 3461 3911 1782 
21749 1872 3539 1874 3978 
21750 2580 622 3237 754 
21751 1783 752 2450 613 
21752 1797 637 614 744 
21753 2504 755 1799 616 
21754 1797 616 614 637 
21755 741 3386 610 700 
21756 1783 613 2905 614 
21757 1781 1784 2738 2584 
21758 2905 1782 1797 3911 
21759 2905 610 612 611 
21760 2905 611 612 613 
21761 1783 751 3316 630 
21762 1783 615 751 630 
21763 1783 751 615 617 
21764 3174 619 2580 617 
21765 1783 1784 1782 3316 
21766 1781 2738 3175 1798 
21767 616 1783 615 617 
21768 1781 3316 2738 1784 
21769 2580 3316 1783 751 
21770 2580 1783 1799 617 
21771 2580 751 1783 617 
21772 2580 754 751 617 
21773 2580 619 754 617 
21774 4029 2367 1944 3638 
21775 4029 2827 3418 2366 
21776 4029 2826 2828 3638 
21777 4029 1826 2826 3638 
21778 4029 1944 1826 3638 
21779 1943 2080 3225 278 
21780 1943 3225 4029 3418 
21781 1824 3854 1827 2601 
21782 1943 2080 3793 1945 
21783 1943 2080 1945 3225 
21784 2531 3074 2533 2530 
21785 2531 3074 946 39 
21786 3987 944 102 101 
21787 3850 101 102 587 
21788 3987 3197 3726 102 
21789 3987 2089 3582 2816 
21790 1811 2457 2757 3197 
21791 3987 101 3582 100 
21792 3518 3140 3495 2532 
21793 3495 3497 2989 3566 
21794 1824 1943 3793 1945 
21795 1824 1826 1943 1945 
21796 1824 1826 1945 2601 
21797 1824 1945 3854 2601 
21798 1824 1825 3204 3496 
21799 1824 1825 3496 3874 
21800 1824 1826 1825 3874 
21801 2532 2531 2825 3793 
21802 2531 3793 2533 38 
21803 2531 2825 3793 38 
21804 2531 945 102 38 
21805 2088 2089 2816 2090 
21806 2088 3987 2531 3197 
21807 103 102 3197 2531 
21808 103 102 2531 945 
21809 2088 2825 2089 2793 
21810 1811 2457 2972 1812 
21811 1872 3539 4050 1874 
21812 3490 1872 3539 3491 
21813 1811 2816 2088 3197 
21814 2088 2793 2089 1814 
21815 2457 2088 3862 2531 
21816 2757 3726 3411 3197 
21817 2757 3988 2973 3411 
21818 2757 3726 3988 3411 
21819 741 3386 700 2756 
21820 2754 3726 2756 831 
21821 2757 2403 3726 3197 
21822 3790 839 700 741 
21823 3790 747 700 839 
21824 3790 747 839 749 
21825 2506 2755 3464 3510 
21826 2506 3790 2757 2403 
21827 3790 2403 2402 585 
21828 3463 3464 3910 3911 
21829 3464 3911 3461 2755 
21830 2756 838 3790 741 
21831 3386 3911 2905 700 
21832 2754 3726 608 587 
21833 2756 741 608 831 
21834 2756 2755 3790 2757 
21835 2756 3911 3790 2755 
21836 1872 3491 4050 3539 
21837 3386 608 741 610 
21838 3386 3760 608 607 
21839 3386 608 609 607 
21840 3386 1881 2905 1880 
21841 3386 2905 611 610 
21842 3386 611 609 610 
21843 3386 608 610 609 
21844 3163 2613 3720 2612 
21845 3163 3579 3720 2613 
21846 3163 3579 2817 3720 
21847 3163 2817 3579 2818 
21848 3785 3759 2688 3582 
21849 3785 3759 3582 2818 
21850 3785 3759 2818 3849 
21851 3448 3760 3759 3849 
21852 3785 3567 3163 3908 
21853 3785 3849 3163 3567 
21854 3785 3163 3849 2818 
21855 3450 3849 3567 1889 
21856 2820 3785 3448 2688 
21857 742 3448 3760 822 
21858 3450 3760 3386 742 
21859 3450 1881 3386 1880 
21860 3450 1880 3386 3849 
21861 4047 3801 3509 3864 
21862 2754 2757 2756 3726 
21863 3448 3759 3785 3849 
21864 3448 2688 3785 3759 
21865 2820 3448 3567 3362 
21866 3448 3567 3450 3785 
21867 3448 3450 3449 737 
21868 3850 3849 3760 3726 
21869 3850 2818 3849 3726 
21870 3850 2818 3987 3582 
21871 3850 3987 2818 3726 
21872 3850 3582 3987 101 
21873 2730 2815 3785 3582 
21874 2730 3785 2815 3555 
21875 2730 2688 3785 3555 
21876 4023 3553 3554 3730 
21877 2730 2688 3555 3603 
21878 2730 3555 2815 3603 
21879 3583 3908 3584 4009 
21880 3332 3603 2545 3333 
21881 3990 3805 3557 3860 
21882 3583 3907 3725 4009 
21883 3583 3555 3553 3584 
21884 2687 2614 869 604 
21885 2820 829 740 849 
21886 2687 849 869 97 
21887 2820 604 849 740 
21888 2820 2688 3448 829 
21889 4047 3509 2962 2911 
21890 3990 2820 2687 3908 
21891 2687 604 2820 2614 
21892 2687 2820 604 849 
21893 2687 2688 2820 829 
21894 2687 829 2820 849 
21895 2687 2614 3725 869 
21896 3990 4009 3557 3805 
21897 2323 604 819 863 
21898 604 2323 2614 95 
21899 2323 2647 3558 94 
21900 3990 4009 3583 3725 
21901 3990 3860 3557 2819 
21902 3990 4009 3725 3846 
21903 3990 3846 3725 2614 
21904 3990 3908 4017 2819 
21905 3990 4017 3908 3991 
21906 3990 3557 3846 2819 
21907 3990 3846 3557 4009 
21908 3990 3908 4009 3991 
21909 3981 3765 3805 3349 
21910 3352 3981 3458 3805 
21911 3981 3948 3765 3349 
21912 3981 3459 3948 3349 
21913 3981 3458 3459 3352 
21914 4047 2962 2961 2911 
21915 3981 3459 3349 3352 
21916 3981 3765 3907 4009 
21917 4023 1861 3730 2815 
21918 4023 3332 3333 3603 
21919 4023 3554 2815 3730 
21920 4023 3333 3332 2540 
21921 4023 3554 3553 2815 
21922 3332 3907 3553 2540 
21923 3332 3333 3907 2540 
21924 3332 3333 2244 3907 
21925 3332 3907 3583 3553 
21926 4046 3875 1923 3877 
21927 3110 2075 4043 2074 
21928 4046 3877 1976 3876 
21929 4046 1923 2245 3333 
21930 1921 3875 4046 3876 
21931 1921 1923 4046 3875 
21932 1921 2086 1923 3875 
21933 1921 3111 2086 3875 
21934 1921 2086 3111 2087 
21935 1921 2086 1922 1923 
21936 1921 1922 2086 2087 
21937 1921 2074 1922 2087 
21938 3814 3965 3251 3797 
21939 4043 2074 2072 3666 
21940 3665 2545 4046 2244 
21941 3814 33 2544 1 
21942 3110 3665 3876 1921 
21943 1975 2230 1974 3737 
21944 4047 3507 3801 3632 
21945 2230 2141 2302 3532 
21946 2230 554 3089 2303 
21947 2230 510 1974 431 
21948 2230 2303 3089 3737 
21949 2230 3737 2302 2303 
21950 2305 2230 2141 2302 
21951 3530 3068 2304 2186 
21952 3530 2302 2304 3967 
21953 3530 2303 2302 3965 
21954 3530 3251 2072 3965 
21955 3737 3530 3965 3205 
21956 3713 3405 3404 2019 
21957 3530 3965 2072 2303 
21958 4043 3089 2072 3965 
21959 3110 3665 1921 2074 
21960 4043 3876 3814 3251 
21961 4043 3251 3814 3965 
21962 4043 2072 3251 3965 
21963 4043 3251 2072 2075 
21964 4043 2072 2074 2075 
21965 3495 1862 3497 3566 
21966 2989 1862 2991 3495 
21967 3495 2991 2988 3871 
21968 3495 1862 3140 2793 
21969 3518 3140 2793 3495 
21970 3495 3140 1862 2991 
21971 3495 3140 2991 3871 
21972 3495 2532 3140 3871 
21973 2205 1055 2229 3423 
21974 2205 1056 2229 1055 
21975 2205 1054 1056 1055 
21976 2205 1056 2206 2229 
21977 2205 2266 3423 3587 
21978 2205 3423 2229 3587 
21979 3673 2599 3383 2543 
21980 2675 3123 2130 3122 
21981 3673 2543 2541 2599 
21982 1827 3673 2758 2543 
21983 3673 3453 2758 2543 
21984 3673 3453 2543 3383 
21985 2975 3692 3027 2543 
21986 2975 2978 3692 2543 
21987 2975 2543 3412 3413 
21988 2900 1941 2978 2599 
21989 2900 3413 2598 2599 
21990 2900 3412 2715 3413 
21991 2975 2610 2637 3412 
21992 2975 2543 3027 3412 
21993 3713 3714 2977 3967 
21994 3713 2186 3806 3165 
21995 2186 3404 3713 2304 
21996 2186 3404 3165 3713 
21997 3713 2304 3404 3714 
21998 3874 3974 3122 1825 
21999 3974 3498 3497 3496 
22000 3974 3497 3498 3968 
22001 3974 2115 3497 3968 
22002 3974 3122 2115 3968 
22003 3974 3968 3971 3122 
22004 2675 2541 3673 3201 
22005 2675 3673 2541 2599 
22006 2675 3201 3673 2599 
22007 2675 3949 2541 3397 
22008 2675 3949 3397 3123 
22009 2675 2661 3397 3201 
22010 2675 3397 2661 3123 
22011 2675 3216 2130 3123 
22012 2675 3397 2541 3201 
22013 3786 3674 1848 2444 
22014 3786 2444 2151 3137 
22015 3786 2151 2444 1848 
22016 3786 2317 2128 3794 
22017 3786 2128 2317 3137 
22018 3786 2317 3794 3137 
22019 3786 3137 3794 2444 
22020 2022 2024 2068 2070 
22021 2346 3973 2149 3345 
22022 2346 2149 2151 3345 
22023 2346 2151 3457 3345 
22024 2346 2478 3457 2151 
22025 2346 2478 2151 2200 
22026 2346 2149 3973 4018 
22027 2148 2583 2346 2200 
22028 1807 2132 3746 1802 
22029 1807 2704 2132 1802 
22030 1807 3758 2704 1802 
22031 1807 2132 3160 3746 
22032 1807 2704 3758 3900 
22033 1807 3160 1809 3746 
22034 2618 2619 1987 2515 
22035 2803 2520 3900 3758 
22036 2803 2657 1807 3900 
22037 2803 3900 2520 3794 
22038 3787 2803 3900 2657 
22039 2959 2803 2620 3952 
22040 3952 1809 2803 2657 
22041 3121 1848 3786 3674 
22042 3787 3794 2803 3674 
22043 3787 4022 2723 3867 
22044 3787 3900 3794 4019 
22045 3787 3674 1990 3867 
22046 3787 2723 3674 3867 
22047 2655 3160 2657 2134 
22048 2655 1996 3160 2134 
22049 2655 1996 2134 1997 
22050 2655 2134 3958 1997 
22051 2655 1995 1996 1997 
22052 2655 2657 3958 2134 
22053 2795 3359 1779 3360 
22054 2795 3658 3478 3401 
22055 2795 3637 3658 3401 
22056 4047 3801 3507 3509 
22057 1779 2795 3401 3637 
22058 3159 3511 3305 3478 
22059 3159 3658 2467 1812 
22060 2458 3159 2467 1812 
22061 2506 2757 3510 2973 
22062 3159 3511 3510 3304 
22063 3159 3510 3511 3478 
22064 3159 3478 3658 1812 
22065 3159 2973 3478 1812 
22066 3159 2973 3510 3478 
22067 3464 1888 3510 2755 
22068 3464 3006 1888 3461 
22069 3464 3461 1888 2755 
22070 3463 1797 2504 1799 
22071 748 3565 3790 747 
22072 3910 3464 2755 3911 
22073 3565 3911 2905 1797 
22074 3462 3812 3464 3813 
22075 3812 3462 3910 2753 
22076 2456 2506 2973 2403 
22077 3158 2456 2973 3159 
22078 3812 3464 3980 3511 
22079 2505 3790 2402 749 
22080 3911 3790 2755 3910 
22081 2505 817 745 748 
22082 3432 3202 3196 3265 
22083 2505 750 818 748 
22084 2505 3434 3910 2753 
22085 3432 3433 3812 3434 
22086 2751 844 769 818 
22087 2399 3935 3000 704 
22088 2751 769 844 770 
22089 3812 3464 2506 3910 
22090 3158 2465 2466 2467 
22091 3812 3510 3511 3304 
22092 3433 3203 2806 3035 
22093 3437 2751 770 769 
22094 3437 2752 2751 769 
22095 2752 2399 3203 3935 
22096 3437 676 705 786 
22097 3437 788 786 848 
22098 3202 2777 788 600 
22099 674 3437 705 769 
22100 3437 770 705 769 
22101 3437 786 705 848 
22102 3437 3203 3433 2752 
22103 3437 848 705 770 
22104 3202 109 3265 3101 
22105 3202 109 3101 3102 
22106 3202 3265 109 846 
22107 3196 3265 3202 846 
22108 3196 846 3202 770 
22109 3196 770 2751 844 
22110 3196 770 844 589 
22111 3196 589 3265 846 
22112 3196 770 589 846 
22113 2456 2402 2506 2403 
22114 3158 3717 2456 2458 
22115 2456 3717 2507 106 
22116 2456 2458 3717 105 
22117 2456 2507 2506 2402 
22118 1935 1936 3976 3706 
22119 3346 1935 3943 2829 
22120 3346 2722 1936 3473 
22121 3346 3943 1935 1937 
22122 1935 3932 3943 3347 
22123 1935 3932 3347 3348 
22124 1935 3943 2829 2827 
22125 1935 3347 3943 2827 
22126 3073 1935 3347 1789 
22127 3346 2829 2826 3397 
22128 3346 3949 2722 3397 
22129 3346 3397 2722 3473 
22130 3346 3706 1935 2829 
22131 3633 2723 1988 2724 
22132 3633 1936 2723 2724 
22133 3633 3634 45 3675 
22134 45 3278 3633 46 
22135 3633 2724 3736 1936 
22136 3633 3736 2724 45 
22137 3633 1936 3736 44 
22138 3633 44 3736 45 
22139 3675 3633 3634 3975 
22140 3633 44 3976 1936 
22141 3635 3633 3976 3975 
22142 3975 3767 3919 3918 
22143 3975 3918 1938 3767 
22144 3635 3633 3975 3634 
22145 1836 942 7 112 
22146 1836 2656 2865 2866 
22147 1836 2866 2865 112 
22148 1836 112 2495 2866 
22149 1836 2495 112 7 
22150 1846 2035 2748 2579 
22151 2035 545 2748 479 
22152 2035 545 479 478 
22153 2035 479 2748 2579 
22154 2035 479 2579 478 
22155 2618 2867 4013 2515 
22156 1987 2618 2515 2443 
22157 2150 2618 2444 2443 
22158 2618 3674 2444 2443 
22159 4013 2803 2618 2620 
22160 2618 4013 2620 2515 
22161 2618 2520 2444 3674 
22162 3166 3972 2120 3763 
22163 2199 3606 3344 3851 
22164 2148 2582 2199 3167 
22165 3167 61 2582 3606 
22166 3167 2582 61 3162 
22167 2148 3661 2199 2582 
22168 2148 2199 3661 2200 
22169 3166 63 3167 3763 
22170 3166 3167 63 2516 
22171 3166 3430 2516 64 
22172 3166 2148 2516 2150 
22173 3763 3166 2199 3167 
22174 3166 2515 2150 2516 
22175 2516 3430 3166 2515 
22176 2619 3430 64 2515 
22177 3430 2120 3166 4013 
22178 3430 3166 2120 3763 
22179 3430 4013 2959 2120 
22180 3430 2869 64 3763 
22181 3430 2120 2869 3763 
22182 3430 64 908 3 
22183 3682 3762 2869 2119 
22184 3682 2509 3762 3120 
22185 3682 3762 3878 3120 
22186 3682 3878 3762 2119 
22187 3682 3798 3878 2119 
22188 2868 128 2495 7 
22189 2868 2869 128 7 
22190 4007 2868 2774 3431 
22191 2868 2869 3431 3581 
22192 2868 1836 3952 7 
22193 2868 2495 1836 7 
22194 2868 3581 2495 2869 
22195 2959 2803 3952 1809 
22196 3952 1836 2619 3 
22197 3952 1990 2620 2619 
22198 3952 1990 2619 1989 
22199 3952 1990 1989 2656 
22200 3952 1836 2656 1989 
22201 3952 2619 1836 1989 
22202 2775 3952 1836 2656 
22203 3430 3952 2620 2619 
22204 3626 2805 2296 3303 
22205 3626 2805 3303 3036 
22206 3626 2773 3969 3226 
22207 3626 3969 2805 3036 
22208 3626 3226 3036 3305 
22209 3626 3749 2296 2805 
22210 3626 3226 3969 3036 
22211 3209 3936 2372 3947 
22212 3209 2372 3936 2805 
22213 3209 3947 2372 1894 
22214 3209 1894 2372 2805 
22215 3605 2496 2351 3543 
22216 3605 3936 2510 2496 
22217 3605 3283 2510 3889 
22218 3605 3921 3209 3543 
22219 3605 2510 3283 2496 
22220 3269 874 706 843 
22221 3000 3269 3268 707 
22222 1867 666 1868 645 
22223 3269 706 841 707 
22224 3267 3269 841 707 
22225 3269 601 3543 834 
22226 3269 874 601 834 
22227 3269 706 874 841 
22228 3269 3543 3268 3544 
22229 3269 874 834 841 
22230 3267 765 866 766 
22231 3267 866 765 841 
22232 3267 3269 3268 3544 
22233 3267 3268 3684 3544 
22234 3704 3267 3268 3684 
22235 1768 3093 3703 3398 
22236 4047 2962 3506 3632 
22237 3704 3705 3703 3268 
22238 3704 3703 3684 3268 
22239 2327 2326 3093 2325 
22240 1867 762 3364 796 
22241 3093 3704 3703 3684 
22242 3093 2325 3704 3684 
22243 3093 2268 2842 2327 
22244 3093 2325 2268 2327 
22245 3093 1893 3684 3703 
22246 3093 2268 2325 3684 
22247 1768 3703 3093 3704 
22248 1768 3704 3093 2325 
22249 2055 668 774 810 
22250 1867 796 763 762 
22251 1768 3093 2326 2325 
22252 3083 640 3602 639 
22253 3524 1893 3093 2568 
22254 3524 3093 1893 2842 
22255 4047 3509 3506 2962 
22256 3524 3282 2568 3398 
22257 3093 3524 2568 3398 
22258 3524 3873 3856 2924 
22259 3524 3856 3873 3282 
22260 2420 3897 3843 2841 
22261 2420 3843 2842 2841 
22262 2420 2842 3094 2841 
22263 2420 3897 2924 3843 
22264 3686 3606 2582 61 
22265 3686 124 3687 923 
22266 3686 124 923 60 
22267 3686 3296 3687 124 
22268 3343 3933 3519 3851 
22269 3686 923 61 60 
22270 3660 2583 3931 3403 
22271 3660 3403 3294 2582 
22272 3294 3295 2999 2683 
22273 3933 3661 3294 3686 
22274 3933 3344 3606 3851 
22275 3660 2583 3661 2200 
22276 2583 2582 3161 3403 
22277 3660 3931 2583 2200 
22278 2583 2582 3661 2200 
22279 3780 4018 2583 2346 
22280 3780 2346 2583 2200 
22281 3962 2964 3964 3438 
22282 3962 2683 3295 3005 
22283 3962 3964 3963 3438 
22284 3931 3403 3520 58 
22285 3660 58 3294 59 
22286 2846 56 274 572 
22287 3660 2683 3963 3005 
22288 3660 3963 2683 3931 
22289 3660 3005 3963 3931 
22290 3660 3294 58 2683 
22291 2340 4047 3290 2961 
22292 3660 3295 3294 2683 
22293 3660 3295 2683 3005 
22294 58 3660 2683 3931 
22295 2022 2149 3973 2070 
22296 2022 2578 3161 2149 
22297 2022 2068 2023 2578 
22298 2022 2025 3973 4018 
22299 2022 2578 2023 3161 
22300 2022 3973 2149 4018 
22301 1910 454 2023 487 
22302 1910 454 487 453 
22303 1910 453 1793 336 
22304 1910 1795 1793 2024 
22305 1910 487 2023 2068 
22306 1910 2881 2068 2024 
22307 1910 2023 3372 2025 
22308 1910 2024 2023 2025 
22309 1910 2068 2023 2024 
22310 3174 1799 1798 4016 
22311 3174 1798 1799 3175 
22312 3174 617 2580 1799 
22313 3174 617 1799 618 
22314 3174 3175 2580 619 
22315 3174 1799 2580 3175 
22316 2736 2737 3724 3827 
22317 3828 2915 3238 2448 
22318 2742 681 1912 1911 
22319 2448 3175 3828 3085 
22320 3828 3280 3175 3827 
22321 3828 3238 3175 2448 
22322 3085 2854 3086 3281 
22323 3085 3280 2854 3281 
22324 3085 3175 3828 3280 
22325 3085 3084 3175 3280 
22326 3085 3281 3086 3084 
22327 3085 3280 3281 3084 
22328 1912 4020 682 3239 
22329 3852 758 760 624 
22330 2961 2649 3612 2340 
22331 4020 3239 1868 646 
22332 682 4020 653 646 
22333 1867 1768 3989 1868 
22334 3083 640 3647 641 
22335 3989 2568 3086 3398 
22336 1867 3364 3705 796 
22337 3083 3085 3602 2448 
22338 3989 3086 4020 3398 
22339 4020 3398 3086 3019 
22340 3083 645 640 641 
22341 3989 1768 3703 3398 
22342 1768 4020 3989 1868 
22343 3989 3084 2568 2569 
22344 1768 4020 3398 3989 
22345 3989 2568 3398 3703 
22346 3989 2569 2568 3703 
22347 3337 3989 3703 2569 
22348 3337 3703 3705 2569 
22349 3337 641 3647 644 
22350 3337 762 641 644 
22351 3364 3647 3337 2569 
22352 3000 3935 3269 706 
22353 2399 2351 3935 843 
22354 3083 3647 640 639 
22355 3364 2752 655 674 
22356 3864 3612 2961 2649 
22357 3364 655 654 674 
22358 3364 654 655 644 
22359 3364 644 655 796 
22360 3000 704 3935 706 
22361 3364 2569 3337 3705 
22362 3000 3268 3705 707 
22363 3000 3268 3269 3935 
22364 3000 3705 3364 796 
22365 3363 3268 3209 1894 
22366 3363 3000 3935 3268 
22367 3363 3705 3000 3268 
22368 3363 3703 3705 3268 
22369 3363 3703 2568 2569 
22370 1893 3363 3703 2568 
22371 3363 2569 2568 1894 
22372 3363 3364 3000 3705 
22373 3363 2569 3364 3705 
22374 3363 2569 3705 3703 
22375 3722 815 654 643 
22376 3722 815 675 654 
22377 3722 2569 3364 2752 
22378 3722 2753 2569 2752 
22379 3722 2569 3462 3647 
22380 3722 3462 2569 2753 
22381 3722 3647 3364 2569 
22382 2504 755 637 746 
22383 2504 1798 1799 4016 
22384 2504 3462 1798 4016 
22385 3721 815 816 746 
22386 3721 675 815 817 
22387 2504 4016 1799 755 
22388 3463 1797 3565 2504 
22389 3463 3565 3721 2504 
22390 3813 1894 2569 3680 
22391 3463 2504 3721 3462 
22392 3813 3659 3464 3461 
22393 1798 3813 3462 3461 
22394 3813 3006 3464 3659 
22395 3980 3511 3035 3304 
22396 3980 3035 1894 3680 
22397 3813 3680 2569 2752 
22398 3813 2752 2569 2753 
22399 3813 3680 2752 2753 
22400 3813 3462 2569 3084 
22401 2369 1894 2372 1892 
22402 3813 2569 3462 2753 
22403 2961 3612 2911 2963 
22404 3872 2584 3659 3281 
22405 2961 2649 2340 2650 
22406 3872 3007 2585 3792 
22407 3021 3872 3792 3601 
22408 3872 2585 2593 3792 
22409 3872 2593 3279 3281 
22410 3872 3279 2593 2585 
22411 2584 3872 2585 3279 
22412 2369 2371 2370 3048 
22413 3980 1894 2570 3680 
22414 3980 3511 3303 3035 
22415 3980 3511 3464 3006 
22416 3812 3813 3980 3464 
22417 3980 3601 3511 3006 
22418 3980 3511 3601 3303 
22419 2295 3303 2296 2298 
22420 2295 2369 3600 3601 
22421 2295 2798 2797 2796 
22422 2295 2369 2298 3600 
22423 2369 3601 3980 2570 
22424 2369 3303 3980 3601 
22425 2805 2369 2298 3303 
22426 2369 2371 1892 2372 
22427 2370 2369 2298 2372 
22428 1891 2924 2925 3873 
22429 1891 2570 3524 3873 
22430 1891 2371 2369 2925 
22431 1891 2369 2371 1892 
22432 1891 3873 3524 2924 
22433 2118 2120 2959 2121 
22434 2118 3151 2121 3339 
22435 2118 3799 3151 3339 
22436 3668 2121 2960 3339 
22437 3668 2960 3745 3220 
22438 3581 2118 3799 2119 
22439 2118 2959 2960 2121 
22440 3668 4007 3953 2960 
22441 3933 3044 3343 3519 
22442 3933 3606 3296 3878 
22443 3933 3296 3519 3878 
22444 3933 3519 3296 3295 
22445 1898 3483 3727 3904 
22446 3933 3044 3661 3344 
22447 3962 2964 3041 3964 
22448 3962 3042 3041 3044 
22449 3962 2964 3005 3044 
22450 3962 3041 2964 3044 
22451 2489 2255 1980 2491 
22452 2489 1980 2255 2256 
22453 2489 3229 2301 1980 
22454 2489 2301 3229 1819 
22455 2489 1819 1818 3148 
22456 2489 1818 1819 3229 
22457 2489 1980 2256 3229 
22458 3766 3551 2255 2254 
22459 3766 4000 3696 2254 
22460 3766 3696 4027 3576 
22461 4035 2764 3597 3576 
22462 3766 3696 3597 2254 
22463 3766 3597 3696 3576 
22464 3132 3842 1821 3287 
22465 3132 3841 3342 3842 
22466 3132 3342 3841 3287 
22467 3132 3841 3842 3287 
22468 3132 2836 1818 3842 
22469 3132 3342 2836 3842 
22470 3132 2031 3342 3287 
22471 2449 2694 2662 3417 
22472 2719 3302 2944 3300 
22473 2719 3300 3301 3302 
22474 3020 2944 3928 2947 
22475 3020 3021 2944 2947 
22476 3020 3928 3021 2947 
22477 2925 3020 3928 3021 
22478 3020 3514 3022 3441 
22479 3020 3928 2944 3302 
22480 3020 3441 3302 3514 
22481 2719 3302 3020 2944 
22482 2719 2006 2008 3301 
22483 2719 3020 2008 3417 
22484 2719 2944 3020 3417 
22485 2719 2006 3417 2008 
22486 2375 2854 3281 3282 
22487 2375 3281 3022 3282 
22488 2375 3282 2852 2854 
22489 2375 2852 3282 3118 
22490 2375 3022 3856 3282 
22491 2375 3856 3118 3282 
22492 2596 659 660 658 
22493 2923 802 648 658 
22494 2923 775 2596 3419 
22495 4039 2017 703 701 
22496 1858 3487 3942 3170 
22497 1911 664 1858 3487 
22498 2596 661 660 659 
22499 2852 2596 3488 3168 
22500 2596 660 661 662 
22501 2923 3419 2596 3488 
22502 2923 3168 3419 3488 
22503 2923 3168 3774 3419 
22504 2919 3774 2923 3168 
22505 2923 2920 2942 3774 
22506 2923 2942 2920 802 
22507 4039 703 806 701 
22508 664 1911 662 3487 
22509 1856 774 1890 708 
22510 3487 3419 3170 3488 
22511 3487 664 672 785 
22512 3487 662 664 785 
22513 4015 3487 672 785 
22514 4015 672 702 785 
22515 4015 702 672 701 
22516 4015 3487 3419 3170 
22517 4015 3419 3929 3170 
22518 4015 3929 3419 702 
22519 3942 4015 2017 4004 
22520 3942 672 4015 3487 
22521 3942 679 669 801 
22522 4039 598 889 888 
22523 1856 1890 1857 708 
22524 3942 2017 4015 679 
22525 3942 679 2016 2017 
22526 1857 1858 3779 1890 
22527 1911 663 661 681 
22528 3942 2017 2016 3779 
22529 1858 3779 1890 3049 
22530 1858 3942 3487 664 
22531 1858 665 3942 664 
22532 1912 682 3019 3239 
22533 4004 1858 3488 3049 
22534 1858 3049 2102 3488 
22535 2742 3852 1912 808 
22536 2742 3019 3852 2853 
22537 2742 760 3852 808 
22538 2742 1912 681 808 
22539 1911 1858 2102 3488 
22540 1911 2102 2596 3488 
22541 2742 1911 661 681 
22542 2055 2326 3398 3049 
22543 2055 3049 1890 2326 
22544 1912 756 653 810 
22545 1912 3019 2055 4020 
22546 1912 4020 2055 653 
22547 1912 756 682 653 
22548 2742 809 808 681 
22549 2742 2915 3852 760 
22550 1912 2102 2055 3019 
22551 3852 2448 758 624 
22552 3852 2448 3019 3239 
22553 3852 2448 3239 758 
22554 3852 758 808 760 
22555 3852 808 758 682 
22556 1961 358 1963 493 
22557 1961 358 493 471 
22558 1961 358 1970 1963 
22559 1961 471 462 358 
22560 1958 288 511 558 
22561 1958 3656 3380 1960 
22562 1958 538 564 288 
22563 1958 1960 3380 1959 
22564 3781 3683 3534 3571 
22565 1957 1959 3550 3576 
22566 1958 564 511 288 
22567 4041 2935 2890 3138 
22568 4028 2562 2559 2561 
22569 4028 2562 2561 1960 
22570 4028 2561 3571 1960 
22571 4028 3571 2139 1960 
22572 4028 3571 2561 4025 
22573 2890 4028 4025 3571 
22574 4028 2561 2559 4025 
22575 2299 3369 2871 2702 
22576 2299 3369 2702 3313 
22577 2299 414 2845 3369 
22578 2299 3755 2871 2845 
22579 2299 2300 3313 3573 
22580 2299 2845 2871 3369 
22581 3378 53 3380 52 
22582 3379 3380 53 279 
22583 3379 53 54 279 
22584 3124 3388 3379 2870 
22585 3379 2764 3576 3388 
22586 2846 572 3124 55 
22587 3378 3380 3379 3576 
22588 3550 4035 3576 1959 
22589 3378 1959 51 52 
22590 3378 51 2938 52 
22591 3378 3380 1959 52 
22592 3378 2938 4032 52 
22593 4035 3597 2764 3147 
22594 4035 3258 3551 2258 
22595 4035 2938 2258 3147 
22596 4035 3766 3597 3147 
22597 4035 3551 3766 3147 
22598 4035 2258 3551 3147 
22599 2761 3041 2681 2763 
22600 2761 2681 3041 3964 
22601 2761 3810 2764 3388 
22602 2761 3041 3810 3964 
22603 2263 2764 2763 2264 
22604 2263 2763 2761 2681 
22605 3124 3379 2263 54 
22606 2263 54 2264 911 
22607 2263 54 911 55 
22608 3124 54 2263 55 
22609 3124 2845 3389 3755 
22610 3124 2845 3755 544 
22611 1898 3930 1900 2218 
22612 3124 572 544 55 
22613 3124 544 54 55 
22614 2846 2681 3963 3520 
22615 912 2681 2349 55 
22616 2846 3964 3389 3520 
22617 2846 2681 3520 56 
22618 2145 2146 119 120 
22619 2145 583 2327 121 
22620 2145 583 121 120 
22621 2145 881 727 583 
22622 2145 2327 2147 2146 
22623 2145 119 881 120 
22624 2145 120 881 583 
22625 2840 2327 3959 2842 
22626 2840 3843 2841 2842 
22627 2840 2404 2147 1769 
22628 2840 1769 2147 2841 
22629 2840 3843 1769 2841 
22630 3778 3282 3049 3538 
22631 3778 3843 3524 3538 
22632 3778 3524 3843 2842 
22633 3778 3398 3524 2842 
22634 2324 3959 4010 2348 
22635 2324 727 2348 722 
22636 2324 723 727 722 
22637 2324 2327 2326 3959 
22638 2324 845 727 723 
22639 2324 2326 1890 3959 
22640 3536 3883 3537 4004 
22641 3957 2335 4039 2152 
22642 3536 3486 3537 3485 
22643 3536 3779 2016 2017 
22644 3536 4004 3779 2017 
22645 3324 3261 3260 3898 
22646 3324 3261 3898 3843 
22647 3324 3311 1820 2740 
22648 4051 3017 144 8 
22649 4051 144 4034 8 
22650 4051 3018 143 932 
22651 4051 144 3018 932 
22652 4051 143 144 932 
22653 4051 3017 3018 144 
22654 4051 4034 144 1946 
22655 4051 3743 4034 1946 
22656 4051 3018 3743 143 
22657 3834 3017 3620 3018 
22658 3834 4051 4034 3835 
22659 3834 3018 4051 3017 
22660 3834 3017 4051 3835 
22661 3834 3743 4051 3018 
22662 3868 2261 1854 3262 
22663 3868 4033 2261 3262 
22664 3868 1852 1854 3155 
22665 3868 4034 1852 3155 
22666 3868 3835 1852 4034 
22667 3941 916 3521 4 
22668 3868 1854 1852 1853 
22669 3941 3476 3521 3477 
22670 3941 3521 4033 3477 
22671 3941 3521 3476 4 
22672 3941 1948 4034 4033 
22673 3941 3835 4034 8 
22674 3941 4034 1948 8 
22675 3941 1948 4033 3521 
22676 3868 3941 4033 3477 
22677 2477 4035 1959 51 
22678 2477 3258 4035 51 
22679 2477 50 3258 51 
22680 2477 50 51 558 
22681 1957 3323 3186 2139 
22682 2477 558 3187 512 
22683 2477 3187 1958 1959 
22684 2477 1958 3187 558 
22685 2257 3521 3551 2258 
22686 3288 2257 3776 3323 
22687 2257 3258 3323 2951 
22688 2257 2951 4 49 
22689 2257 3258 3551 3552 
22690 2257 3552 3551 3776 
22691 2257 50 3258 49 
22692 2257 3258 2951 49 
22693 4035 2477 1959 3550 
22694 3550 4027 3766 3552 
22695 3550 3323 4027 3552 
22696 3550 3258 3323 3552 
22697 4035 2477 3550 3258 
22698 2136 3289 3709 2137 
22699 2286 79 78 941 
22700 2136 3289 2950 3709 
22701 1957 4027 3550 3323 
22702 1957 4027 3323 2139 
22703 1957 3186 3187 2139 
22704 4041 2139 4028 2890 
22705 1957 4028 2139 1960 
22706 1957 2139 3187 1960 
22707 2287 2288 4042 3709 
22708 2287 4042 2288 2623 
22709 2287 2137 2136 3709 
22710 2287 2136 2137 2138 
22711 2287 2137 3574 2138 
22712 3781 3570 3571 2137 
22713 3781 3571 2138 2137 
22714 3781 3187 2138 2139 
22715 3781 2139 2138 3571 
22716 3781 3187 2139 3571 
22717 3781 3187 3571 1960 
22718 3781 3571 3534 1960 
22719 2286 2136 2287 79 
22720 2286 3709 2136 2950 
22721 2286 2950 2136 79 
22722 2286 3995 2950 79 
22723 2286 79 2760 3995 
22724 3078 76 940 77 
22725 78 77 2288 3078 
22726 3078 2288 4040 77 
22727 2695 2475 2696 2474 
22728 2887 3138 2889 2691 
22729 2695 2890 2476 2137 
22730 2695 2697 2890 2137 
22731 3640 3732 2697 3750 
22732 4026 3640 2887 2475 
22733 2695 2475 2474 2476 
22734 2732 139 1902 1967 
22735 2732 1902 139 1905 
22736 2732 2787 2502 1905 
22737 2732 2502 1903 1905 
22738 2732 1902 1905 1903 
22739 3923 3773 3865 3883 
22740 3169 3883 3957 4004 
22741 3169 3118 4004 3170 
22742 3169 3857 3957 3883 
22743 3882 2733 1902 141 
22744 3882 3883 3773 3756 
22745 3773 1902 3756 1903 
22746 3773 3857 1902 1903 
22747 3882 2335 3504 598 
22748 3882 3883 3756 2335 
22749 4039 2335 598 888 
22750 2494 3882 1902 835 
22751 4039 806 2152 888 
22752 4039 2017 2152 703 
22753 4039 703 2152 806 
22754 2152 3957 2335 3883 
22755 3169 4004 3118 3537 
22756 3957 3536 2017 4004 
22757 3957 3883 3536 4004 
22758 3957 2152 3485 3883 
22759 3957 4015 4039 3929 
22760 3957 4015 4004 2017 
22761 3957 2017 4039 4015 
22762 2919 3774 2921 2920 
22763 2921 3774 1822 2942 
22764 2921 1822 3774 1904 
22765 2919 3857 3774 3170 
22766 2919 3679 2922 1904 
22767 2921 2922 3711 1904 
22768 2921 3774 2942 2920 
22769 3169 4004 3957 3170 
22770 1898 3002 1900 3930 
22771 2919 2923 3774 2920 
22772 2919 3679 3169 3117 
22773 3169 3678 3118 3117 
22774 3169 3679 3678 3117 
22775 3821 3677 4038 3173 
22776 3821 3923 3773 3865 
22777 3821 3865 3678 3955 
22778 3821 3955 3678 3822 
22779 3821 3173 3955 3415 
22780 3821 3677 3173 3415 
22781 3821 3923 3865 3173 
22782 3821 3173 3865 3955 
22783 3925 3712 4003 3586 
22784 3925 3712 3240 3679 
22785 3925 3678 4003 3679 
22786 3925 4003 3678 3822 
22787 3925 3727 2462 3916 
22788 3925 3679 4003 3712 
22789 3340 2788 1851 2216 
22790 3340 3115 1851 1966 
22791 3340 3115 1966 2834 
22792 3340 2216 1851 1951 
22793 3340 2563 1951 2834 
22794 3400 1851 137 930 
22795 3922 2695 2890 2476 
22796 1898 3002 3930 1909 
22797 3231 3770 3732 3233 
22798 3232 3231 3616 3732 
22799 3231 3770 3233 2003 
22800 3231 3233 2834 1951 
22801 3231 3768 2003 2238 
22802 2280 3909 3777 3618 
22803 2280 3777 2281 3618 
22804 2280 3909 3619 2398 
22805 2280 2783 3619 3618 
22806 2280 3619 3909 3618 
22807 3259 2786 2783 2917 
22808 3259 2917 3171 3172 
22809 3259 3172 3171 3154 
22810 2783 3259 2917 2767 
22811 4024 3439 3402 2734 
22812 1898 1901 3727 3586 
22813 2734 4024 3924 4038 
22814 4024 4038 3402 2917 
22815 4024 3743 3079 3924 
22816 4024 3924 4038 3743 
22817 4024 3402 3439 2917 
22818 4041 3643 2559 3576 
22819 4041 4027 3643 3576 
22820 4041 4028 2559 4025 
22821 3576 4028 2559 4041 
22822 4041 2935 3643 4027 
22823 3640 3770 4001 3732 
22824 3732 3231 3616 3640 
22825 3732 3231 3640 3770 
22826 3640 3616 2697 2696 
22827 3640 2475 3616 2696 
22828 3640 2697 2475 2696 
22829 3922 3831 2476 3436 
22830 2887 2890 2695 2697 
22831 2887 2890 2889 3138 
22832 4026 3770 2979 3381 
22833 3640 2888 2697 3732 
22834 3640 2697 2695 2475 
22835 2887 2890 2697 2888 
22836 3858 3891 4050 1874 
22837 4026 3771 2691 2692 
22838 4026 3515 2887 2691 
22839 4026 3515 2691 3771 
22840 4026 2888 2887 3640 
22841 3825 4001 2880 2888 
22842 2473 3769 2475 3617 
22843 4026 2691 2887 2888 
22844 3769 4026 3770 3771 
22845 3769 2475 4026 3025 
22846 3769 3025 4026 3771 
22847 3769 2238 3231 3617 
22848 3769 3640 2475 3617 
22849 3769 3770 3640 3231 
22850 3769 3640 4026 2475 
22851 3825 2692 2691 2693 
22852 3825 3032 2692 2693 
22853 3825 3032 2693 3435 
22854 3825 2888 2889 2691 
22855 3825 2983 2889 3435 
22856 3825 2691 2889 2983 
22857 3768 3769 3771 3024 
22858 2238 2237 3768 3960 
22859 2237 3768 3960 4006 
22860 3768 3771 4006 3024 
22861 3768 2979 2000 3789 
22862 3768 3789 4006 3771 
22863 3768 2000 2238 3960 
22864 3768 2979 3789 3771 
22865 2209 2208 2018 3468 
22866 2209 2790 2355 3208 
22867 2209 2355 2208 3208 
22868 2209 2020 2018 2019 
22869 2209 2020 2019 2210 
22870 2209 2210 2208 2355 
22871 2209 3480 2210 2355 
22872 3541 3609 3445 3446 
22873 3541 3824 3915 2550 
22874 3445 3892 3891 3960 
22875 3444 3467 3783 3446 
22876 3444 3702 3742 2550 
22877 3444 2550 3742 3542 
22878 3541 3542 3445 1873 
22879 3445 3960 1873 3542 
22880 3541 2550 3542 3824 
22881 3541 3445 1872 1873 
22882 3443 3892 3742 3275 
22883 3443 1871 3994 3446 
22884 1873 3891 1871 1874 
22885 3445 3892 1871 3891 
22886 3890 3913 2511 3274 
22887 3443 3754 3994 2512 
22888 3445 3609 1871 3446 
22889 3541 3783 3672 3446 
22890 2027 2314 3913 3274 
22891 3443 3467 3444 3446 
22892 3443 2512 1871 3892 
22893 3443 3754 3467 3446 
22894 1011 3503 2354 973 
22895 3503 2103 2548 2101 
22896 3503 2548 2103 2551 
22897 2844 3105 3523 1942 
22898 2844 2103 3503 975 
22899 2844 975 3105 988 
22900 3503 2354 2352 3105 
22901 2844 2066 2872 1942 
22902 2844 2066 1942 2391 
22903 2844 2391 2103 2065 
22904 2844 2391 2065 2066 
22905 2844 2103 2391 3335 
22906 3631 2343 3290 4011 
22907 3631 3290 2343 3529 
22908 3631 3983 3290 3529 
22909 3631 3753 3983 3529 
22910 3631 3753 3568 3752 
22911 3631 3568 3753 3529 
22912 3631 4011 3290 4037 
22913 81 2939 2644 2810 
22914 3999 2633 3611 4044 
22915 296 3837 2211 3999 
22916 3999 3837 3371 3782 
22917 3999 4044 3611 3751 
22918 3217 22 3199 23 
22919 3217 1764 23 1766 
22920 3256 3194 2632 3257 
22921 3227 3257 2632 3594 
22922 3255 3199 22 21 
22923 3255 2010 21 893 
22924 3255 21 22 893 
22925 3255 86 22 894 
22926 23 22 3255 3217 
22927 3227 2632 2679 3594 
22928 3227 2010 3255 2680 
22929 2632 2546 2679 2631 
22930 2632 2679 3594 2631 
22931 2630 2633 3999 4044 
22932 2810 2813 2 6 
22933 2812 2813 2814 3838 
22934 2812 3751 3508 3611 
22935 3630 2961 4047 2962 
22936 2810 2 899 6 
22937 2810 4044 3999 3751 
22938 3858 2590 4050 3891 
22939 2810 3751 3999 17 
22940 2812 3751 3611 4044 
22941 2812 3611 3508 3982 
22942 2810 17 899 2 
22943 2810 3751 17 2 
22944 2812 2813 3838 3982 
22945 2812 3508 2813 3982 
22946 2812 3611 3838 4044 
22947 2812 2810 2813 2 
22948 2812 2810 3751 4044 
22949 2812 2810 4044 3838 
22950 2899 3651 3896 3193 
22951 2899 4045 3651 3193 
22952 2899 2910 3651 4045 
22953 3244 3245 2658 3408 
22954 595 3244 3408 3245 
22955 3244 3817 3001 3245 
22956 2472 3244 2364 133 
22957 3244 3817 3245 132 
22958 2472 3622 2414 3097 
22959 2472 68 936 132 
22960 134 133 2472 2364 
22961 2161 694 671 695 
22962 2412 2237 2240 3960 
22963 2461 2161 2926 3711 
22964 2161 671 802 697 
22965 2161 671 697 695 
22966 2460 3387 3512 670 
22967 2460 694 794 795 
22968 3512 3513 795 635 
22969 3512 3795 3580 635 
22970 2461 695 797 718 
22971 593 2459 883 2658 
22972 2460 694 696 794 
22973 2460 3513 3241 2926 
22974 2460 794 696 789 
22975 2461 2161 2460 2926 
22976 2459 728 782 789 
22977 3858 3623 1864 1874 
22978 2459 883 2782 782 
22979 718 2459 879 2461 
22980 2461 3711 2926 3645 
22981 2472 3622 3001 3817 
22982 2472 2364 3244 3001 
22983 2472 3097 2364 3001 
22984 2472 3001 3244 3817 
22985 2472 3817 3244 132 
22986 2472 3097 3001 3622 
22987 3539 3858 4050 1874 
22988 3858 1871 1864 3891 
22989 3858 1864 1871 1874 
22990 3858 1871 3891 1874 
$EndElements
